protein_id,matrixdb_ecm,matrisome,species_ncbi,go_terms,keywords,dataset,interaction_count
Q5S007,True,,9606,Extracellular space,,Swiss-Prot,2346
P10636,True,,9606,Extracellular region,Extracellular space/secreted,Swiss-Prot,2343
P00533,True,,9606,Extracellular space,Extracellular space/secreted,Swiss-Prot,1646
P63104,True,,9606,Extracellular space,,Swiss-Prot,1321
P02751,True,ECM Glycoproteins|Core matrisome,9606,Basement membrane|Extracellular matrix|Extracellular region|Extracellular space,Extracellular matrix|Extracellular space/secreted,Swiss-Prot,1146
P05067,True,,9606,Extracellular region|Extracellular space,Extracellular space/secreted,Swiss-Prot,1115
P21333,True,,9606,Extracellular region,,Swiss-Prot,1107
P11362,True,,9606,Extracellular region,,Swiss-Prot,1086
P19320,True,,9606,Extracellular space,Extracellular space/secreted,Swiss-Prot,1040
P08238,True,,9606,Extracellular region,Extracellular space/secreted,Swiss-Prot,999
Q8WZ42,True,,9606,Extracellular region,,Swiss-Prot,990
P11142,True,,9606,Extracellular region|Extracellular space,,Swiss-Prot,972
P19838,True,,9606,Extracellular region,,Swiss-Prot,936
P07900,True,,9606,Extracellular region,,Swiss-Prot,917
P35968,True,,9606,Extracellular region,Extracellular space/secreted,Swiss-Prot,907
P31947,True,,9606,Extracellular space,Extracellular space/secreted,Swiss-Prot,901
P28482,True,,9606,Extracellular region,,Swiss-Prot,900
P07437,True,,9606,Extracellular region,,Swiss-Prot,891
P0DP23,True,,9606,Extracellular region,,Swiss-Prot,832
P10809,True,,9606,Extracellular space,,Swiss-Prot,829
P22607,True,,9606,Extracellular region,Extracellular space/secreted,Swiss-Prot,820
P46531,True,,9606,Extracellular region,,Swiss-Prot,750
Q86VP6,True,,9606,Extracellular region,,Swiss-Prot,739
P04792,True,,9606,Extracellular space,,Swiss-Prot,733
P37840,True,,9606,Extracellular region|Extracellular space,Extracellular space/secreted,Swiss-Prot,699
P51532,True,,9606,Extracellular space,,Swiss-Prot,675
P17948,True,,9606,Extracellular space,Extracellular space/secreted,Swiss-Prot,670
P08567,True,,9606,Extracellular region,,Swiss-Prot,657
P21860,True,,9606,Extracellular space,Extracellular space/secreted,Swiss-Prot,644
P68431,True,,9606,Extracellular region,,Swiss-Prot,642
O94813,True,ECM Glycoproteins|Core matrisome,9606,Extracellular region|Extracellular space,Extracellular space/secreted,Swiss-Prot,642
P63261,True,,9606,Extracellular space,,Swiss-Prot,641
Q05655,True,,9606,Extracellular region,,Swiss-Prot,640
P67809,True,,9606,Extracellular region,Extracellular space/secreted,Swiss-Prot,638
Q13813,True,,9606,Extracellular region,,Swiss-Prot,637
P29323,True,,9606,Extracellular region,,Swiss-Prot,635
P07996,True,ECM Glycoproteins|Core matrisome,9606,Extracellular matrix|Extracellular region|Extracellular space,Extracellular matrix|Extracellular space/secreted,Swiss-Prot,635
P37173,True,,9606,Extracellular region|Extracellular space,Extracellular space/secreted,Swiss-Prot,619
P19438,True,,9606,Extracellular region|Extracellular space,Extracellular space/secreted,Swiss-Prot,613
O14757,True,,9606,Extracellular space,,Swiss-Prot,607
P60709,True,,9606,Extracellular space,,Swiss-Prot,597
P13501,True,Secreted Factors|Matrisome-associated,9606,Extracellular region|Extracellular space,Extracellular space/secreted,Swiss-Prot,581
O00560,True,,9606,Extracellular region|Extracellular space,Extracellular space/secreted,Swiss-Prot,580
P00749,True,ECM Regulators|Matrisome-associated,9606,Extracellular region|Extracellular space,Extracellular space/secreted,Swiss-Prot,560
P10721,True,,9606,Extracellular space,,Swiss-Prot,560
Q07021,True,,9606,Extracellular region,Extracellular space/secreted,Swiss-Prot,556
P22455,True,,9606,Extracellular region,Extracellular space/secreted,Swiss-Prot,554
P29350,True,,9606,Extracellular region,,Swiss-Prot,546
P12830,True,,9606,Extracellular region,,Swiss-Prot,546
Q16539,True,,9606,Extracellular region,,Swiss-Prot,546
P28799,True,,9606,Extracellular region|Extracellular space,Extracellular space/secreted,Swiss-Prot,543
P30530,True,,9606,Extracellular space,,Swiss-Prot,524
P15311,True,,9606,Extracellular space,,Swiss-Prot,522
O15020,True,,9606,Extracellular space,,Swiss-Prot,517
P62979,True,,9606,Extracellular space,,Swiss-Prot,516
P04216,True,,9606,Extracellular region,,Swiss-Prot,515
Q13464,True,,9606,Extracellular region,,Swiss-Prot,514
Q5XIE8,True,,10116,Extracellular space,Extracellular space/secreted,Swiss-Prot,513
P09871,True,,9606,Extracellular region|Extracellular space,,Swiss-Prot,512
P07910,True,,9606,Extracellular region,,Swiss-Prot,504
Q15303,True,,9606,Extracellular region,,Swiss-Prot,503
Q9Y287,True,,9606,Extracellular region|Extracellular space,Extracellular space/secreted,Swiss-Prot,502
P51159,True,,9606,Extracellular region,,Swiss-Prot,502
P06396,True,,9606,Extracellular region|Extracellular space,Extracellular space/secreted,Swiss-Prot,498
P55290,True,,9606,Extracellular region|Extracellular space,,Swiss-Prot,497
P29279,True,,9606,Extracellular matrix|Extracellular region,Extracellular matrix|Extracellular space/secreted,Swiss-Prot,492
P00441,True,,9606,Extracellular region|Extracellular space,,Swiss-Prot,490
P78371,True,,9606,Extracellular region,,Swiss-Prot,489
P21802,True,,9606,Extracellular region,Extracellular space/secreted,Swiss-Prot,488
P00736,True,,9606,Extracellular region|Extracellular space,Extracellular space/secreted,Swiss-Prot,488
P0CG47,True,,9606,Extracellular space,,Swiss-Prot,485
Q15223,True,,9606,Extracellular region,Extracellular space/secreted,Swiss-Prot,483
O60469,True,,9606,Extracellular region,Extracellular space/secreted,Swiss-Prot,481
P48023,True,Secreted Factors|Matrisome-associated,9606,Extracellular region|Extracellular space,Extracellular space/secreted,Swiss-Prot,478
P67870,True,,9606,Extracellular region,,Swiss-Prot,477
P08581,True,,9606,Extracellular region,Extracellular space/secreted,Swiss-Prot,476
P01889,True,,9606,Extracellular space,,Swiss-Prot,468
O14944,True,Secreted Factors|Matrisome-associated,9606,Extracellular region|Extracellular space,Extracellular space/secreted,Swiss-Prot,467
P00747,True,ECM Regulators|Matrisome-associated,9606,Extracellular region|Extracellular space,Extracellular space/secreted,Swiss-Prot,459
Q14974,True,,9606,Extracellular region,,Swiss-Prot,453
P68366,True,,9606,Extracellular region,,Swiss-Prot,452
Q15465,True,Secreted Factors|Matrisome-associated,9606,Extracellular region|Extracellular space,Extracellular space/secreted,Swiss-Prot,451
P12956,True,,9606,Extracellular region,,Swiss-Prot,450
P12644,True,Secreted Factors|Matrisome-associated,9606,Extracellular region|Extracellular space,Extracellular matrix|Extracellular space/secreted,Swiss-Prot,443
Q15323,True,,9606,Extracellular space,,Swiss-Prot,435
P54762,True,,9606,Extracellular region,,Swiss-Prot,435
P0CG48,True,,9606,Extracellular space,,Swiss-Prot,434
P01023,True,ECM Regulators|Matrisome-associated,9606,Extracellular region|Extracellular space,Extracellular space/secreted,Swiss-Prot,432
P24821,True,ECM Glycoproteins|Core matrisome,9606,Basement membrane|Extracellular region|Extracellular space,Extracellular matrix|Extracellular space/secreted,Swiss-Prot,430
P06729,True,,9606,Extracellular region,,Swiss-Prot,426
P05362,True,,9606,Extracellular space,,Swiss-Prot,425
P62987,True,,9606,Extracellular space,,Swiss-Prot,425
P10966,True,,9606,Extracellular region,Extracellular space/secreted,Swiss-Prot,423
P62805,True,,9606,Extracellular region,,Swiss-Prot,422
P09769,True,,9606,Extracellular region,,Swiss-Prot,422
P01375,True,Secreted Factors|Matrisome-associated,9606,Extracellular region|Extracellular space,Extracellular space/secreted,Swiss-Prot,421
Q16623,True,,9606,Extracellular region,Extracellular space/secreted,Swiss-Prot,421
Q92876,True,,9606,Extracellular region|Extracellular space,Extracellular space/secreted,Swiss-Prot,418
P00750,True,ECM Regulators|Matrisome-associated,9606,Extracellular region|Extracellular space,Extracellular space/secreted,Swiss-Prot,417
P13500,True,Secreted Factors|Matrisome-associated,9606,Extracellular region|Extracellular space,Extracellular space/secreted,Swiss-Prot,416
O14936,True,,9606,Basement membrane,,Swiss-Prot,413
P09429,True,,9606,Extracellular region|Extracellular space,Extracellular space/secreted,Swiss-Prot,412
P02452,True,Collagens|Core matrisome,9606,Extracellular region|Extracellular space,Extracellular matrix|Extracellular space/secreted,Swiss-Prot,408
P13010,True,,9606,Extracellular region,,Swiss-Prot,404
P20160,True,,9606,Extracellular region|Extracellular space,,Swiss-Prot,400
O14786,True,,9606,Extracellular space,Extracellular space/secreted,Swiss-Prot,400
P13611,True,Proteoglycans|Core matrisome,9606,Extracellular matrix|Extracellular region|Extracellular space,Extracellular matrix|Extracellular space/secreted,Swiss-Prot,399
P48740,True,ECM Regulators|Matrisome-associated,9606,Extracellular region|Extracellular space,Extracellular space/secreted,Swiss-Prot,398
Q02763,True,,9606,Extracellular region,Extracellular space/secreted,Swiss-Prot,396
P04439,True,,9606,Extracellular space,,Swiss-Prot,393
P14543,True,ECM Glycoproteins|Core matrisome,9606,Basement membrane|Extracellular region,Basement membrane|Extracellular matrix|Extracellular space/secreted,Swiss-Prot,393
P52907,True,,9606,Extracellular region,,Swiss-Prot,390
P50990,True,,9606,Extracellular region,,Swiss-Prot,388
P20333,True,,9606,Extracellular region,Extracellular space/secreted,Swiss-Prot,386
P08246,True,ECM Regulators|Matrisome-associated,9606,Extracellular region|Extracellular space,,Swiss-Prot,384
P01732,True,,9606,Extracellular region,Extracellular space/secreted,Swiss-Prot,384
P00734,True,ECM Regulators|Matrisome-associated,9606,Extracellular region|Extracellular space,Extracellular space/secreted,Swiss-Prot,382
Q12959,True,,9606,Basement membrane,,Swiss-Prot,380
O00571,True,,9606,Extracellular region,,Swiss-Prot,380
Q13873,True,,9606,Extracellular space,,Swiss-Prot,378
Q9UBB9,True,,9606,Extracellular matrix,,Swiss-Prot,377
P14923,True,,9606,Extracellular region,,Swiss-Prot,376
P12814,True,,9606,Extracellular region|Extracellular space,,Swiss-Prot,375
P16144,True,,9606,Basement membrane,,Swiss-Prot,373
P68104,True,,9606,Extracellular region|Extracellular space,,Swiss-Prot,370
P29320,True,,9606,Extracellular region,Extracellular space/secreted,Swiss-Prot,370
O60259,True,,9606,Extracellular region|Extracellular space,Extracellular space/secreted,Swiss-Prot,370
Q7Z6Z7,True,,9606,Extracellular region,,Swiss-Prot,370
P01024,True,,9606,Extracellular region|Extracellular space,Extracellular space/secreted,Swiss-Prot,368
P11215,True,,9606,Extracellular space,,Swiss-Prot,366
P54760,True,,9606,Extracellular region,,Swiss-Prot,365
Q16531,True,,9606,Extracellular space,,Swiss-Prot,364
P35916,True,,9606,Extracellular region,Extracellular space/secreted,Swiss-Prot,364
P15692,True,Secreted Factors|Matrisome-associated,9606,Extracellular matrix|Extracellular region|Extracellular space,Extracellular matrix|Extracellular space/secreted,Swiss-Prot,363
P08887,True,,9606,Extracellular region|Extracellular space,Extracellular space/secreted,Swiss-Prot,362
Q13200,True,,9606,Extracellular region,,Swiss-Prot,361
P61812,True,Secreted Factors|Matrisome-associated,9606,Extracellular region|Extracellular space,Extracellular matrix|Extracellular space/secreted,Swiss-Prot,360
P08709,True,ECM Regulators|Matrisome-associated,9606,Extracellular region|Extracellular space,Extracellular space/secreted,Swiss-Prot,360
P23528,True,,9606,Extracellular space,,Swiss-Prot,359
P01584,True,Secreted Factors|Matrisome-associated,9606,Extracellular region|Extracellular space,Extracellular space/secreted,Swiss-Prot,359
P62807,True,,9606,Extracellular space,,Swiss-Prot,355
P68371,True,,9606,Extracellular region,,Swiss-Prot,354
Q14004,True,,9606,Extracellular region|Extracellular space,,Swiss-Prot,352
P54753,True,,9606,Extracellular region,,Swiss-Prot,352
P51608,True,,9606,Extracellular space,,Swiss-Prot,350
O43707,True,,9606,Extracellular region|Extracellular space,,Swiss-Prot,349
P14210,True,Secreted Factors|Matrisome-associated,9606,Extracellular region|Extracellular space,,Swiss-Prot,348
P04275,True,ECM Glycoproteins|Core matrisome,9606,Extracellular matrix|Extracellular region|Extracellular space,Extracellular matrix|Extracellular space/secreted,Swiss-Prot,348
P62879,True,,9606,Extracellular space,,Swiss-Prot,347
P17066,True,,9606,Extracellular region,,Swiss-Prot,347
O75665,True,,9606,Extracellular region,,Swiss-Prot,344
P60484,True,,9606,Extracellular region,Extracellular space/secreted,Swiss-Prot,343
Q92752,True,ECM Glycoproteins|Core matrisome,9606,Extracellular region|Extracellular space,Extracellular matrix|Extracellular space/secreted,Swiss-Prot,341
P26038,True,,9606,Extracellular space,,Swiss-Prot,341
P13591,True,,9606,Extracellular region,Extracellular space/secreted,Swiss-Prot,340
P10912,True,,9606,Extracellular region|Extracellular space,Extracellular space/secreted,Swiss-Prot,339
P47755,True,,9606,Extracellular region,,Swiss-Prot,337
P0DMV9,True,,9606,Extracellular region,,Swiss-Prot,336
Q14204,True,,9606,Extracellular region,,Swiss-Prot,335
P36507,True,,9606,Extracellular region,,Swiss-Prot,334
Q8IWV2,True,,9606,Extracellular region,Extracellular space/secreted,Swiss-Prot,334
O15068,True,,9606,Extracellular space,,Swiss-Prot,331
P01133,True,Secreted Factors|Matrisome-associated,9606,Extracellular region|Extracellular space,,Swiss-Prot,330
Q12866,True,,9606,Extracellular space,,Swiss-Prot,330
P09382,True,ECM-affiliated Proteins|Matrisome-associated,9606,Extracellular region|Extracellular space,Extracellular matrix|Extracellular space/secreted,Swiss-Prot,329
P51693,True,,9606,Basement membrane,,Swiss-Prot,329
P55072,True,,9606,Extracellular region,,Swiss-Prot,327
P42685,True,,9606,Extracellular region,,Swiss-Prot,326
P29460,True,Secreted Factors|Matrisome-associated,9606,Extracellular region|Extracellular space,Extracellular space/secreted,Swiss-Prot,325
Q12905,True,,9606,Extracellular region,,Swiss-Prot,324
P07355,True,ECM-affiliated Proteins|Matrisome-associated,9606,Basement membrane|Extracellular region|Extracellular space,Basement membrane|Extracellular matrix|Extracellular space/secreted,Swiss-Prot,324
O00468,True,ECM Glycoproteins|Core matrisome,9606,Basement membrane|Extracellular region,Extracellular matrix|Extracellular space/secreted,Swiss-Prot,324
P26583,True,,9606,Extracellular space,Extracellular space/secreted,Swiss-Prot,320
P50281,True,ECM Regulators|Matrisome-associated,9606,Extracellular matrix|Extracellular space,,Swiss-Prot,318
Q96RS0,True,,9606,Extracellular space,,Swiss-Prot,315
Q96RT1,True,,9606,Basement membrane,,Swiss-Prot,314
P61769,True,,9606,Extracellular region|Extracellular space,Extracellular space/secreted,Swiss-Prot,314
Q16270,True,ECM Glycoproteins|Core matrisome,9606,Extracellular region|Extracellular space,Extracellular space/secreted,Swiss-Prot,312
P02461,True,Collagens|Core matrisome,9606,Extracellular region|Extracellular space,Extracellular matrix|Extracellular space/secreted,Swiss-Prot,312
P24593,True,ECM Glycoproteins|Core matrisome,9606,Extracellular region|Extracellular space,Extracellular space/secreted,Swiss-Prot,310
P41218,True,,9606,Extracellular region,,Swiss-Prot,310
P27797,True,,9606,Extracellular region|Extracellular space,Extracellular matrix|Extracellular space/secreted,Swiss-Prot,309
P14625,True,,9606,Extracellular region,,Swiss-Prot,309
Q16778,True,,9606,Extracellular space,,Swiss-Prot,308
P40189,True,,9606,Extracellular region|Extracellular space,Extracellular space/secreted,Swiss-Prot,308
O75093,True,ECM Glycoproteins|Core matrisome,9606,Extracellular space,Extracellular space/secreted,Swiss-Prot,307
P02768,True,,9606,Extracellular region|Extracellular space,Extracellular space/secreted,Swiss-Prot,306
Q9Y490,True,,9606,Extracellular region,,Swiss-Prot,305
P0DMV8,True,,9606,Extracellular region|Extracellular space,Extracellular space/secreted,Swiss-Prot,305
P51610,False,Secreted Factors|Matrisome-associated,9606,,,Swiss-Prot,304
P18075,True,Secreted Factors|Matrisome-associated,9606,Extracellular region|Extracellular space,Extracellular space/secreted,Swiss-Prot,304
Q14118,True,,9606,Basement membrane|Extracellular region|Extracellular space,Extracellular space/secreted,Swiss-Prot,302
Q08380,True,,9606,Extracellular region|Extracellular space,Extracellular matrix|Extracellular space/secreted,Swiss-Prot,302
P06702,True,Secreted Factors|Matrisome-associated,9606,Extracellular region|Extracellular space,Extracellular space/secreted,Swiss-Prot,301
P02778,True,Secreted Factors|Matrisome-associated,9606,Extracellular region|Extracellular space,Extracellular space/secreted,Swiss-Prot,301
P10145,True,Secreted Factors|Matrisome-associated,9606,Extracellular region|Extracellular space,Extracellular space/secreted,Swiss-Prot,299
Q92830,True,,9606,Extracellular space,,Swiss-Prot,297
P20908,True,Collagens|Core matrisome,9606,Basement membrane|Extracellular region|Extracellular space,Extracellular matrix|Extracellular space/secreted,Swiss-Prot,296
P98160,True,Proteoglycans|Core matrisome,9606,Basement membrane|Extracellular region|Extracellular space,Basement membrane|Extracellular matrix|Extracellular space/secreted,Swiss-Prot,295
P78423,True,Secreted Factors|Matrisome-associated,9606,Extracellular region|Extracellular space,Extracellular space/secreted,Swiss-Prot,293
P12111,True,Collagens|Core matrisome,9606,Extracellular matrix|Extracellular region|Extracellular space,Extracellular matrix|Extracellular space/secreted,Swiss-Prot,292
P10600,True,Secreted Factors|Matrisome-associated,9606,Extracellular region|Extracellular space,Extracellular matrix|Extracellular space/secreted,Swiss-Prot,292
O95967,True,ECM Glycoproteins|Core matrisome,9606,Basement membrane|Extracellular matrix|Extracellular region,Basement membrane|Extracellular matrix|Extracellular space/secreted,Swiss-Prot,288
Q14116,True,Secreted Factors|Matrisome-associated,9606,Extracellular region|Extracellular space,Extracellular space/secreted,Swiss-Prot,288
Q7Z3S9,True,,9606,Extracellular region,Extracellular space/secreted,Swiss-Prot,287
P38159,True,,9606,Extracellular space,,Swiss-Prot,286
P17813,True,,9606,Extracellular space,,Swiss-Prot,285
P16871,True,,9606,Extracellular region,Extracellular space/secreted,Swiss-Prot,284
O35604,True,,10090,Extracellular region,,Swiss-Prot,284
P10599,True,,9606,Extracellular region,Extracellular space/secreted,Swiss-Prot,283
P10909,True,,9606,Extracellular region|Extracellular space,Extracellular space/secreted,Swiss-Prot,283
P12110,True,Collagens|Core matrisome,9606,Extracellular region|Extracellular space,Extracellular matrix|Extracellular space/secreted,Swiss-Prot,280
Q9UJU6,True,,9606,Extracellular region,,Swiss-Prot,279
Q9UQP3,True,ECM Glycoproteins|Core matrisome,9606,Extracellular space,Extracellular matrix|Extracellular space/secreted,Swiss-Prot,277
P07237,True,,9606,Extracellular region,,Swiss-Prot,277
P22301,True,Secreted Factors|Matrisome-associated,9606,Extracellular region|Extracellular space,Extracellular space/secreted,Swiss-Prot,276
O76011,True,,9606,Extracellular space,,Swiss-Prot,275
P03952,True,,9606,Extracellular region|Extracellular space,Extracellular space/secreted,Swiss-Prot,275
O00487,True,,9606,Extracellular region,,Swiss-Prot,274
P02649,True,,9606,Extracellular matrix|Extracellular region|Extracellular space,Extracellular matrix|Extracellular space/secreted,Swiss-Prot,271
Q04721,True,,9606,Extracellular region,,Swiss-Prot,271
P51805,False,ECM-affiliated Proteins|Matrisome-associated,9606,,,Swiss-Prot,270
P68133,True,,9606,Extracellular space,,Swiss-Prot,269
P78310,True,,9606,Extracellular region|Extracellular space,Extracellular space/secreted,Swiss-Prot,269
P35609,True,,9606,Extracellular region,,Swiss-Prot,269
P08476,True,Secreted Factors|Matrisome-associated,9606,Extracellular region|Extracellular space,Extracellular space/secreted,Swiss-Prot,269
P07204,True,,9606,Extracellular space,,Swiss-Prot,268
P48061,True,Secreted Factors|Matrisome-associated,9606,Extracellular region,Extracellular space/secreted,Swiss-Prot,268
Q9BY14,True,,9606,Extracellular region,Extracellular space/secreted,Swiss-Prot,268
P06681,True,,9606,Extracellular region|Extracellular space,Extracellular space/secreted,Swiss-Prot,267
Q9H6Z9,False,ECM Regulators|Matrisome-associated,9606,,,Swiss-Prot,266
P02745,True,ECM-affiliated Proteins|Matrisome-associated,9606,Extracellular region,Extracellular space/secreted,Swiss-Prot,266
Q9UQ80,True,,9606,Extracellular region,,Swiss-Prot,265
P11047,True,ECM Glycoproteins|Core matrisome,9606,Basement membrane|Extracellular region|Extracellular space,Basement membrane|Extracellular matrix|Extracellular space/secreted,Swiss-Prot,264
P08311,True,ECM Regulators|Matrisome-associated,9606,Extracellular region|Extracellular space,Extracellular space/secreted,Swiss-Prot,264
Q08345,True,,9606,Extracellular space,Extracellular space/secreted,Swiss-Prot,264
P17931,True,ECM-affiliated Proteins|Matrisome-associated,9606,Extracellular region|Extracellular space,Extracellular space/secreted,Swiss-Prot,263
O14788,True,Secreted Factors|Matrisome-associated,9606,Extracellular region|Extracellular space,Extracellular space/secreted,Swiss-Prot,263
Q14982,True,,9606,Extracellular region,,Swiss-Prot,262
P35241,True,,9606,Extracellular space,,Swiss-Prot,262
P10321,True,,9606,Extracellular space,,Swiss-Prot,259
P01127,True,Secreted Factors|Matrisome-associated,9606,Extracellular region|Extracellular space,Extracellular space/secreted,Swiss-Prot,257
P05231,True,Secreted Factors|Matrisome-associated,9606,Extracellular region|Extracellular space,Extracellular space/secreted,Swiss-Prot,257
Q9BVP2,True,,9606,Extracellular space,,Swiss-Prot,257
Q9UBS5,True,,9606,Extracellular space,Extracellular space/secreted,Swiss-Prot,256
P01308,True,Secreted Factors|Matrisome-associated,9606,Extracellular region|Extracellular space,Extracellular space/secreted,Swiss-Prot,254
P02776,True,Secreted Factors|Matrisome-associated,9606,Extracellular region|Extracellular space,Extracellular space/secreted,Swiss-Prot,254
Q562R1,True,,9606,Extracellular space,,Swiss-Prot,253
P08253,True,ECM Regulators|Matrisome-associated,9606,Extracellular region|Extracellular space,Extracellular matrix|Extracellular space/secreted,Swiss-Prot,253
P62736,True,,9606,Basement membrane|Extracellular space,,Swiss-Prot,253
P49767,True,Secreted Factors|Matrisome-associated,9606,Extracellular region|Extracellular space,Extracellular space/secreted,Swiss-Prot,253
Q8TD84,True,,9606,Extracellular space,,Swiss-Prot,252
P02746,True,ECM-affiliated Proteins|Matrisome-associated,9606,Extracellular region,Extracellular space/secreted,Swiss-Prot,250
O95813,True,,9606,Extracellular region|Extracellular space,Extracellular space/secreted,Swiss-Prot,250
P13693,True,,9606,Extracellular space,,Swiss-Prot,250
Q9UEU0,True,,9606,Extracellular region,,Swiss-Prot,250
P10144,True,,9606,Extracellular region,Extracellular space/secreted,Swiss-Prot,249
Q12906,True,,9606,Extracellular region,,Swiss-Prot,248
O00187,True,ECM Regulators|Matrisome-associated,9606,Extracellular region|Extracellular space,Extracellular space/secreted,Swiss-Prot,248
P04085,True,Secreted Factors|Matrisome-associated,9606,Extracellular region|Extracellular space,Extracellular space/secreted,Swiss-Prot,247
Q8IU80,True,,9606,Extracellular space,,Swiss-Prot,247
P01574,True,Secreted Factors|Matrisome-associated,9606,Extracellular region|Extracellular space,Extracellular space/secreted,Swiss-Prot,246
P05155,True,ECM Regulators|Matrisome-associated,9606,Extracellular region|Extracellular space,Extracellular space/secreted,Swiss-Prot,245
Q9Y337,True,,9606,Extracellular region|Extracellular space,Extracellular space/secreted,Swiss-Prot,244
Q9Y275,True,Secreted Factors|Matrisome-associated,9606,Extracellular region|Extracellular space,Extracellular space/secreted,Swiss-Prot,244
P19235,True,,9606,Extracellular region,Extracellular space/secreted,Swiss-Prot,244
Q13287,True,,9606,Extracellular space,Extracellular space/secreted,Swiss-Prot,243
P35030,True,ECM Regulators|Matrisome-associated,9606,Extracellular region|Extracellular space,Extracellular space/secreted,Swiss-Prot,242
P17980,True,,9606,Extracellular region,,Swiss-Prot,242
P16109,True,,9606,Extracellular space,,Swiss-Prot,242
Q92823,True,,9606,Extracellular region,Extracellular space/secreted,Swiss-Prot,241
O95393,True,Secreted Factors|Matrisome-associated,9606,Extracellular region|Extracellular space,Extracellular space/secreted,Swiss-Prot,241
Q9H2X0,True,Secreted Factors|Matrisome-associated,9606,Extracellular space,Extracellular space/secreted,Swiss-Prot,240
Q99715,True,Collagens|Core matrisome,9606,Extracellular region|Extracellular space,Extracellular matrix|Extracellular space/secreted,Swiss-Prot,240
P17858,True,,9606,Extracellular region,,Swiss-Prot,240
Q03001,True,,9606,Basement membrane,,Swiss-Prot,239
Q14623,True,Secreted Factors|Matrisome-associated,9606,Extracellular matrix|Extracellular space,Extracellular space/secreted,Swiss-Prot,239
P16284,True,,9606,Extracellular space,,Swiss-Prot,239
O95631,True,ECM Glycoproteins|Core matrisome,9606,Basement membrane|Extracellular region,Extracellular space/secreted,Swiss-Prot,238
P25391,True,ECM Glycoproteins|Core matrisome,9606,Basement membrane|Extracellular matrix|Extracellular region|Extracellular space,Basement membrane|Extracellular matrix|Extracellular space/secreted,Swiss-Prot,238
P00746,True,,9606,Extracellular region,Extracellular space/secreted,Swiss-Prot,237
Q5JZY3,True,,9606,Extracellular region,Extracellular space/secreted,Swiss-Prot,237
P55268,True,ECM Glycoproteins|Core matrisome,9606,Basement membrane|Extracellular region,Basement membrane|Extracellular matrix|Extracellular space/secreted,Swiss-Prot,237
P15151,True,,9606,Extracellular space,Extracellular space/secreted,Swiss-Prot,237
P26447,True,Secreted Factors|Matrisome-associated,9606,Extracellular region|Extracellular space,Extracellular space/secreted,Swiss-Prot,236
P02753,True,,9606,Extracellular region|Extracellular space,Extracellular space/secreted,Swiss-Prot,236
P04004,True,ECM Glycoproteins|Core matrisome,9606,Basement membrane|Extracellular region|Extracellular space,Extracellular space/secreted,Swiss-Prot,236
P08138,True,,9606,Extracellular region,,Swiss-Prot,236
P16471,True,,9606,Extracellular region,Extracellular space/secreted,Swiss-Prot,235
Q92796,True,,9606,Extracellular space,,Swiss-Prot,235
O75581,True,,9606,Extracellular region,,Swiss-Prot,235
P15813,True,,9606,Extracellular space,,Swiss-Prot,234
P26842,True,,9606,Extracellular region,,Swiss-Prot,232
P35555,True,ECM Glycoproteins|Core matrisome,9606,Basement membrane|Extracellular matrix|Extracellular region|Extracellular space,Extracellular matrix|Extracellular space/secreted,Swiss-Prot,232
Q9BQR3,True,,9606,Extracellular region,Extracellular space/secreted,Swiss-Prot,231
P13639,True,,9606,Extracellular region,,Swiss-Prot,230
Q29983,True,,9606,Extracellular space,,Swiss-Prot,228
Q92832,True,ECM Glycoproteins|Core matrisome,9606,Extracellular space,Extracellular space/secreted,Swiss-Prot,228
Q13444,True,ECM Regulators|Matrisome-associated,9606,Extracellular space,,Swiss-Prot,227
P51858,True,,9606,Extracellular region|Extracellular space,Extracellular space/secreted,Swiss-Prot,227
Q15008,True,,9606,Extracellular region,,Swiss-Prot,227
Q15848,True,ECM Glycoproteins|Core matrisome,9606,Extracellular region|Extracellular space,Extracellular space/secreted,Swiss-Prot,227
Q8TD08,True,,9606,Extracellular region,,Swiss-Prot,227
Q15109,True,,9606,Extracellular region,Extracellular space/secreted,Swiss-Prot,227
P14618,True,,9606,Extracellular region,,Swiss-Prot,226
P35998,True,,9606,Extracellular region,,Swiss-Prot,226
O00231,True,,9606,Extracellular region,,Swiss-Prot,226
P60568,True,Secreted Factors|Matrisome-associated,9606,Extracellular region|Extracellular space,Extracellular space/secreted,Swiss-Prot,226
P13726,True,,9606,Extracellular space,Extracellular space/secreted,Swiss-Prot,226
P50454,True,ECM Regulators|Matrisome-associated,9606,Extracellular space,,Swiss-Prot,225
P04271,True,Secreted Factors|Matrisome-associated,9606,Extracellular region|Extracellular space,Extracellular space/secreted,Swiss-Prot,225
P61160,True,,9606,Extracellular region,,Swiss-Prot,224
Q29980,True,,9606,Extracellular space,,Swiss-Prot,224
Q00889,True,,9606,Extracellular region,Extracellular space/secreted,Swiss-Prot,224
P29965,True,,9606,Extracellular space,Extracellular space/secreted,Swiss-Prot,223
O43242,True,,9606,Extracellular region,,Swiss-Prot,222
P02458,True,Collagens|Core matrisome,9606,Basement membrane|Extracellular region|Extracellular space,Extracellular matrix|Extracellular space/secreted,Swiss-Prot,222
P00748,True,ECM Regulators|Matrisome-associated,9606,Extracellular region|Extracellular space,Extracellular space/secreted,Swiss-Prot,222
P12544,True,,9606,Extracellular space,Extracellular space/secreted,Swiss-Prot,222
P24394,True,,9606,Extracellular region,Extracellular space/secreted,Swiss-Prot,222
P20618,True,,9606,Extracellular region,,Swiss-Prot,221
P55081,False,ECM Glycoproteins|Core matrisome,9606,,,Swiss-Prot,221
P13747,True,,9606,Extracellular space,Extracellular space/secreted,Swiss-Prot,221
O15197,True,,9606,Extracellular region,Extracellular space/secreted,Swiss-Prot,221
P00742,True,ECM Regulators|Matrisome-associated,9606,Extracellular region|Extracellular space,Extracellular space/secreted,Swiss-Prot,220
P05997,True,Collagens|Core matrisome,9606,Extracellular matrix|Extracellular region|Extracellular space,Extracellular matrix|Extracellular space/secreted,Swiss-Prot,220
Q96N03,True,,9606,Extracellular region,,Swiss-Prot,220
O15078,True,,9606,Extracellular region,,Swiss-Prot,219
O14594,True,Proteoglycans|Core matrisome,9606,Extracellular region|Extracellular space,Extracellular space/secreted,Swiss-Prot,219
P31151,True,Secreted Factors|Matrisome-associated,9606,Extracellular region|Extracellular space,Extracellular space/secreted,Swiss-Prot,219
Q9NZC2,True,,9606,Extracellular region,Extracellular space/secreted,Swiss-Prot,219
Q16352,True,,9606,Extracellular space,,Swiss-Prot,219
Q99062,True,,9606,Extracellular region,Extracellular space/secreted,Swiss-Prot,218
P01857,True,,9606,Extracellular region|Extracellular space,Extracellular space/secreted,Swiss-Prot,218
P27105,True,,9606,Extracellular space,,Swiss-Prot,217
Q8N423,True,,9606,Extracellular space,,Swiss-Prot,217
P0DPK4,True,,9606,Extracellular region,Extracellular space/secreted,Swiss-Prot,217
Q99784,True,,9606,Extracellular space,Extracellular space/secreted,Swiss-Prot,217
P55210,True,,9606,Extracellular space,Extracellular space/secreted,Swiss-Prot,216
Q92743,True,ECM Regulators|Matrisome-associated,9606,Extracellular region|Extracellular space,Extracellular space/secreted,Swiss-Prot,216
P10323,True,,9606,Extracellular region,,Swiss-Prot,216
P51665,True,,9606,Extracellular region,,Swiss-Prot,216
O15230,True,ECM Glycoproteins|Core matrisome,9606,Basement membrane|Extracellular region|Extracellular space,Basement membrane|Extracellular matrix|Extracellular space/secreted,Swiss-Prot,215
P00740,True,ECM Regulators|Matrisome-associated,9606,Extracellular region|Extracellular space,Extracellular space/secreted,Swiss-Prot,214
P22692,True,ECM Glycoproteins|Core matrisome,9606,Extracellular region|Extracellular space,Extracellular space/secreted,Swiss-Prot,214
Q99435,True,ECM Glycoproteins|Core matrisome,9606,Extracellular region|Extracellular space,Extracellular space/secreted,Swiss-Prot,214
Q05707,True,Collagens|Core matrisome,9606,Extracellular matrix|Extracellular region|Extracellular space,Extracellular matrix|Extracellular space/secreted,Swiss-Prot,213
Q92598,True,,9606,Extracellular region,,Swiss-Prot,213
P15018,True,Secreted Factors|Matrisome-associated,9606,Extracellular region|Extracellular space,Extracellular space/secreted,Swiss-Prot,212
Q9NZP8,True,,9606,Extracellular space,Extracellular space/secreted,Swiss-Prot,212
P51671,True,Secreted Factors|Matrisome-associated,9606,Extracellular region|Extracellular space,Extracellular space/secreted,Swiss-Prot,212
Q14213,True,Secreted Factors|Matrisome-associated,9606,Extracellular region|Extracellular space,Extracellular space/secreted,Swiss-Prot,212
P07288,True,,9606,Extracellular region|Extracellular space,Extracellular space/secreted,Swiss-Prot,210
Q9BXN2,False,ECM-affiliated Proteins|Matrisome-associated,9606,,,Swiss-Prot,209
P30101,True,,9606,Extracellular space,,Swiss-Prot,209
P20073,False,ECM-affiliated Proteins|Matrisome-associated,9606,,,Swiss-Prot,208
P53621,True,,9606,Extracellular space,Extracellular space/secreted,Swiss-Prot,208
Q9Y6Y9,True,,9606,Extracellular region,Extracellular space/secreted,Swiss-Prot,208
P04264,True,,9606,Extracellular region|Extracellular space,,Swiss-Prot,208
Q06830,True,,9606,Extracellular space,,Swiss-Prot,208
P04083,True,ECM-affiliated Proteins|Matrisome-associated,9606,Extracellular region|Extracellular space,Extracellular space/secreted,Swiss-Prot,208
Q9BQ51,True,,9606,Extracellular region,Extracellular space/secreted,Swiss-Prot,207
Q9UM47,True,,9606,Extracellular region,,Swiss-Prot,207
Q15256,True,,9606,Extracellular space,Extracellular space/secreted,Swiss-Prot,206
P02747,True,ECM-affiliated Proteins|Matrisome-associated,9606,Extracellular region|Extracellular space,Extracellular space/secreted,Swiss-Prot,206
P12643,True,Secreted Factors|Matrisome-associated,9606,Extracellular region|Extracellular space,Extracellular space/secreted,Swiss-Prot,206
Q16787,True,ECM Glycoproteins|Core matrisome,9606,Basement membrane|Extracellular region,Basement membrane|Extracellular matrix|Extracellular space/secreted,Swiss-Prot,206
P15529,True,,9606,Extracellular space,,Swiss-Prot,205
Q12805,True,ECM Glycoproteins|Core matrisome,9606,Extracellular matrix|Extracellular region|Extracellular space,Extracellular matrix|Extracellular space/secreted,Swiss-Prot,204
P84243,True,,9606,Extracellular region,,Swiss-Prot,204
P02786,True,,9606,Extracellular region|Extracellular space,Extracellular space/secreted,Swiss-Prot,204
O00622,True,,9606,Extracellular region,Extracellular space/secreted,Swiss-Prot,203
P15941,True,ECM-affiliated Proteins|Matrisome-associated,9606,Extracellular space,Extracellular space/secreted,Swiss-Prot,203
P78504,True,,9606,Extracellular region,,Swiss-Prot,203
P05019,True,Secreted Factors|Matrisome-associated,9606,Extracellular region|Extracellular space,Extracellular space/secreted,Swiss-Prot,203
O15455,True,,9606,Extracellular matrix|Extracellular space,,Swiss-Prot,203
P16581,True,,9606,Extracellular space,,Swiss-Prot,201
P62937,True,,9606,Extracellular region|Extracellular space,Extracellular space/secreted,Swiss-Prot,201
P05156,True,,9606,Extracellular region|Extracellular space,Extracellular space/secreted,Swiss-Prot,201
Q9H0E2,True,,9606,Extracellular region,,Swiss-Prot,200
Q07325,True,Secreted Factors|Matrisome-associated,9606,Extracellular region|Extracellular space,Extracellular space/secreted,Swiss-Prot,200
P83105,True,ECM Regulators|Matrisome-associated,9606,Extracellular region,Extracellular space/secreted,Swiss-Prot,200
P00738,True,,9606,Extracellular region|Extracellular space,Extracellular space/secreted,Swiss-Prot,199
P02675,True,ECM Glycoproteins|Core matrisome,9606,Extracellular region|Extracellular space,Extracellular space/secreted,Swiss-Prot,199
P05161,True,,9606,Extracellular region,Extracellular space/secreted,Swiss-Prot,198
Q9Y5Q5,True,,9606,Extracellular region,Extracellular space/secreted,Swiss-Prot,198
P08123,True,Collagens|Core matrisome,9606,Extracellular region|Extracellular space,Extracellular matrix|Extracellular space/secreted,Swiss-Prot,198
Q9UKR3,True,,9606,Extracellular region|Extracellular space,Extracellular space/secreted,Swiss-Prot,197
P27658,True,Collagens|Core matrisome,9606,Extracellular region|Extracellular space,Basement membrane|Extracellular matrix|Extracellular space/secreted,Swiss-Prot,196
P12268,True,,9606,Extracellular region,,Swiss-Prot,195
P26441,True,Secreted Factors|Matrisome-associated,9606,Extracellular region|Extracellular space,,Swiss-Prot,194
P00751,True,,9606,Extracellular region|Extracellular space,Extracellular space/secreted,Swiss-Prot,193
P23142,True,ECM Glycoproteins|Core matrisome,9606,Basement membrane|Extracellular matrix|Extracellular region|Extracellular space,Extracellular matrix|Extracellular space/secreted,Swiss-Prot,192
P06850,True,,9606,Extracellular region|Extracellular space,Extracellular space/secreted,Swiss-Prot,191
P31949,True,Secreted Factors|Matrisome-associated,9606,Extracellular region|Extracellular space,,Swiss-Prot,191
P03951,True,,9606,Extracellular region|Extracellular space,Extracellular space/secreted,Swiss-Prot,191
Q96CS3,True,,9606,Extracellular region,,Swiss-Prot,191
Q03405,True,,9606,Extracellular region,Extracellular space/secreted,Swiss-Prot,190
O15520,True,Secreted Factors|Matrisome-associated,9606,Extracellular region|Extracellular space,Extracellular space/secreted,Swiss-Prot,190
Q99460,True,,9606,Extracellular region,,Swiss-Prot,190
P55899,True,,9606,Extracellular space,,Swiss-Prot,189
P24043,True,ECM Glycoproteins|Core matrisome,9606,Basement membrane|Extracellular region,Basement membrane|Extracellular matrix|Extracellular space/secreted,Swiss-Prot,188
Q96P20,True,,9606,Extracellular region,Extracellular space/secreted,Swiss-Prot,188
O75398,True,,9606,Extracellular region,Extracellular space/secreted,Swiss-Prot,187
P12107,True,Collagens|Core matrisome,9606,Extracellular region|Extracellular space,Extracellular matrix|Extracellular space/secreted,Swiss-Prot,187
Q9GZZ7,True,,9606,Extracellular region,Extracellular space/secreted,Swiss-Prot,187
P07478,True,ECM Regulators|Matrisome-associated,9606,Extracellular matrix|Extracellular region|Extracellular space,Extracellular space/secreted,Swiss-Prot,187
Q9BZF9,True,,9606,Extracellular region,,Swiss-Prot,186
P06733,True,,9606,Extracellular space,,Swiss-Prot,185
P04070,True,,9606,Extracellular region|Extracellular space,Extracellular space/secreted,Swiss-Prot,185
P01241,True,Secreted Factors|Matrisome-associated,9606,Extracellular region|Extracellular space,Extracellular space/secreted,Swiss-Prot,185
P55075,True,Secreted Factors|Matrisome-associated,9606,Extracellular region|Extracellular space,Extracellular space/secreted,Swiss-Prot,185
P43026,True,Secreted Factors|Matrisome-associated,9606,Extracellular region|Extracellular space,Extracellular space/secreted,Swiss-Prot,185
Q92608,True,,9606,Extracellular region,,Swiss-Prot,185
Q99466,True,,9606,Extracellular region,,Swiss-Prot,184
Q9BZZ2,True,,9606,Extracellular region,Extracellular space/secreted,Swiss-Prot,182
P07585,True,Proteoglycans|Core matrisome,9606,Extracellular region|Extracellular space,Extracellular matrix|Extracellular space/secreted,Swiss-Prot,182
O60383,True,Secreted Factors|Matrisome-associated,9606,Extracellular space,Extracellular space/secreted,Swiss-Prot,182
P19332,True,,10116,Extracellular region,Extracellular space/secreted,Swiss-Prot,182
P01019,True,ECM Regulators|Matrisome-associated,9606,Extracellular region|Extracellular space,Extracellular space/secreted,Swiss-Prot,182
P14778,True,,9606,Extracellular region,Extracellular space/secreted,Swiss-Prot,182
P14780,True,ECM Regulators|Matrisome-associated,9606,Extracellular region|Extracellular space,Extracellular matrix|Extracellular space/secreted,Swiss-Prot,181
P09486,True,ECM Glycoproteins|Core matrisome,9606,Basement membrane|Extracellular region|Extracellular space,Basement membrane|Extracellular matrix|Extracellular space/secreted,Swiss-Prot,181
P08603,True,,9606,Extracellular region|Extracellular space,Extracellular space/secreted,Swiss-Prot,181
P01033,True,ECM Regulators|Matrisome-associated,9606,Basement membrane|Extracellular matrix|Extracellular region|Extracellular space,Extracellular space/secreted,Swiss-Prot,181
P19883,True,Secreted Factors|Matrisome-associated,9606,Extracellular region|Extracellular space,Extracellular space/secreted,Swiss-Prot,180
P09038,True,Secreted Factors|Matrisome-associated,9606,Extracellular region|Extracellular space,Extracellular space/secreted,Swiss-Prot,178
Q6ZUT3,True,,9606,Extracellular space,,Swiss-Prot,178
O15393,True,,9606,Extracellular region,Extracellular space/secreted,Swiss-Prot,178
P07942,True,ECM Glycoproteins|Core matrisome,9606,Basement membrane|Extracellular region|Extracellular space,Basement membrane|Extracellular matrix|Extracellular space/secreted,Swiss-Prot,178
Q15046,True,,9606,Extracellular space,Extracellular space/secreted,Swiss-Prot,178
P13942,True,Collagens|Core matrisome,9606,Extracellular region|Extracellular space,Extracellular matrix|Extracellular space/secreted,Swiss-Prot,178
P40222,True,,9606,Extracellular region,,Swiss-Prot,178
P24592,True,ECM Glycoproteins|Core matrisome,9606,Extracellular region|Extracellular space,Extracellular space/secreted,Swiss-Prot,177
Q9ULZ3,True,,9606,Extracellular region,,Swiss-Prot,176
O75445,True,,9606,Basement membrane|Extracellular region,Extracellular space/secreted,Swiss-Prot,175
P03950,True,,9606,Basement membrane|Extracellular region|Extracellular space,Extracellular space/secreted,Swiss-Prot,175
P61626,True,,9606,Extracellular region|Extracellular space,Extracellular space/secreted,Swiss-Prot,175
P63172,True,,9606,Extracellular region,,Swiss-Prot,174
Q16651,True,,9606,Extracellular region|Extracellular space,Extracellular space/secreted,Swiss-Prot,174
Q15084,True,,9606,Extracellular space,,Swiss-Prot,173
P08571,True,,9606,Extracellular region|Extracellular space,Extracellular space/secreted,Swiss-Prot,173
Q16363,True,ECM Glycoproteins|Core matrisome,9606,Basement membrane|Extracellular region,Basement membrane|Extracellular matrix|Extracellular space/secreted,Swiss-Prot,173
P22392,True,,9606,Extracellular region,,Swiss-Prot,173
Q71DI3,True,,9606,Extracellular region,,Swiss-Prot,173
P01911,True,,9606,Extracellular space,,Swiss-Prot,173
P02760,True,ECM Regulators|Matrisome-associated,9606,Extracellular region|Extracellular space,Extracellular matrix|Extracellular space/secreted,Swiss-Prot,173
Q9UNM6,True,,9606,Extracellular region,,Swiss-Prot,172
P49862,True,,9606,Extracellular region|Extracellular space,Extracellular space/secreted,Swiss-Prot,172
P02790,True,ECM-affiliated Proteins|Matrisome-associated,9606,Extracellular region|Extracellular space,Extracellular space/secreted,Swiss-Prot,172
Q8N8U9,True,ECM Glycoproteins|Core matrisome,9606,Extracellular matrix|Extracellular space,Extracellular space/secreted,Swiss-Prot,172
P49765,True,Secreted Factors|Matrisome-associated,9606,Extracellular region|Extracellular space,Extracellular space/secreted,Swiss-Prot,172
Q14195,True,,9606,Extracellular space,,Swiss-Prot,172
P05109,True,Secreted Factors|Matrisome-associated,9606,Extracellular region|Extracellular space,Extracellular space/secreted,Swiss-Prot,172
Q92673,True,,9606,Extracellular space,Extracellular space/secreted,Swiss-Prot,172
Q9P121,True,,9606,Extracellular region,,Swiss-Prot,172
P49863,True,,9606,Extracellular region,Extracellular space/secreted,Swiss-Prot,171
Q9H410,True,,9606,Extracellular region,,Swiss-Prot,170
P00558,True,,9606,Extracellular space,,Swiss-Prot,170
P98073,False,ECM Regulators|Matrisome-associated,9606,,,Swiss-Prot,170
Q9BQB4,True,,9606,Extracellular region|Extracellular space,Extracellular matrix|Extracellular space/secreted,Swiss-Prot,170
P13667,True,,9606,Extracellular space,,Swiss-Prot,169
P35070,True,Secreted Factors|Matrisome-associated,9606,Extracellular region|Extracellular space,Extracellular space/secreted,Swiss-Prot,169
P24158,True,,9606,Extracellular region|Extracellular space,Extracellular space/secreted,Swiss-Prot,169
P17693,True,,9606,Extracellular space,Extracellular space/secreted,Swiss-Prot,168
P02765,True,,9606,Extracellular matrix|Extracellular region|Extracellular space,Extracellular space/secreted,Swiss-Prot,168
P05111,True,Secreted Factors|Matrisome-associated,9606,Extracellular region|Extracellular space,Extracellular space/secreted,Swiss-Prot,168
Q6ZWH5,True,,9606,Extracellular region,,Swiss-Prot,168
P01138,True,Secreted Factors|Matrisome-associated,9606,Extracellular region|Extracellular space,Extracellular space/secreted,Swiss-Prot,168
P13497,True,ECM Regulators|Matrisome-associated,9606,Extracellular region|Extracellular space,Extracellular matrix|Extracellular space/secreted,Swiss-Prot,168
P50591,True,Secreted Factors|Matrisome-associated,9606,Extracellular region,Extracellular space/secreted,Swiss-Prot,167
Q01518,True,,9606,Extracellular region,,Swiss-Prot,167
P0DML3,True,Secreted Factors|Matrisome-associated,9606,Extracellular space,Extracellular space/secreted,Swiss-Prot,167
P29459,True,Secreted Factors|Matrisome-associated,9606,Extracellular region|Extracellular space,Extracellular space/secreted,Swiss-Prot,167
Q9NR99,True,ECM Glycoproteins|Core matrisome,9606,Extracellular region,Extracellular space/secreted,Swiss-Prot,167
P10124,True,Proteoglycans|Core matrisome,9606,Extracellular region|Extracellular space,Extracellular space/secreted,Swiss-Prot,167
P09529,True,Secreted Factors|Matrisome-associated,9606,Extracellular region|Extracellular space,Extracellular space/secreted,Swiss-Prot,166
Q14515,True,ECM Glycoproteins|Core matrisome,9606,Extracellular region|Extracellular space,Extracellular matrix|Extracellular space/secreted,Swiss-Prot,166
P0DML2,True,Secreted Factors|Matrisome-associated,9606,Extracellular region|Extracellular space,Extracellular space/secreted,Swiss-Prot,166
P68032,True,,9606,Extracellular space,,Swiss-Prot,166
O94769,True,ECM Glycoproteins|Core matrisome,9606,Extracellular matrix|Extracellular region,Extracellular matrix|Extracellular space/secreted,Swiss-Prot,166
O75386,True,,9606,Extracellular region,Extracellular space/secreted,Swiss-Prot,165
O00299,True,,9606,Extracellular space,,Swiss-Prot,165
Q9P0G3,True,,9606,Extracellular region|Extracellular space,Extracellular space/secreted,Swiss-Prot,165
P01009,True,ECM Regulators|Matrisome-associated,9606,Extracellular region|Extracellular space,Extracellular matrix|Extracellular space/secreted,Swiss-Prot,165
P35442,True,ECM Glycoproteins|Core matrisome,9606,Basement membrane|Extracellular region,,Swiss-Prot,165
P23471,True,,9606,Extracellular region,Extracellular space/secreted,Swiss-Prot,165
P21781,True,Secreted Factors|Matrisome-associated,9606,Extracellular region|Extracellular space,Extracellular space/secreted,Swiss-Prot,164
O95970,True,ECM Glycoproteins|Core matrisome,9606,Extracellular region|Extracellular space,Extracellular space/secreted,Swiss-Prot,164
P37108,True,,9606,Extracellular region,,Swiss-Prot,164
P51124,True,,9606,Extracellular region,Extracellular space/secreted,Swiss-Prot,164
P05112,True,Secreted Factors|Matrisome-associated,9606,Extracellular region|Extracellular space,Extracellular space/secreted,Swiss-Prot,164
P05015,True,Secreted Factors|Matrisome-associated,9606,Extracellular region|Extracellular space,Extracellular space/secreted,Swiss-Prot,164
P02671,True,ECM Glycoproteins|Core matrisome,9606,Extracellular region|Extracellular space,Extracellular space/secreted,Swiss-Prot,163
Q99075,True,Secreted Factors|Matrisome-associated,9606,Extracellular region|Extracellular space,Extracellular space/secreted,Swiss-Prot,163
Q15661,True,,9606,Extracellular region|Extracellular space,Extracellular space/secreted,Swiss-Prot,163
P09917,True,,9606,Extracellular region|Extracellular space,,Swiss-Prot,163
P21246,True,Secreted Factors|Matrisome-associated,9606,Extracellular region|Extracellular space,Extracellular space/secreted,Swiss-Prot,163
Q9Y6C2,True,ECM Glycoproteins|Core matrisome,9606,Extracellular region|Extracellular space,Extracellular matrix|Extracellular space/secreted,Swiss-Prot,162
P63267,True,,9606,Extracellular space,,Swiss-Prot,162
P02787,True,,9606,Extracellular region|Extracellular space,Extracellular space/secreted,Swiss-Prot,162
P04040,True,,9606,Extracellular region,,Swiss-Prot,162
P34741,False,ECM-affiliated Proteins|Matrisome-associated,9606,,,Swiss-Prot,162
Q9UNP9,True,,9606,Extracellular region,,Swiss-Prot,162
Q6FHJ7,True,Secreted Factors|Matrisome-associated,9606,Extracellular space,Extracellular space/secreted,Swiss-Prot,161
Q7RTY7,True,,9606,Extracellular region,Extracellular space/secreted,Swiss-Prot,161
P20827,True,,9606,Extracellular region,Extracellular space/secreted,Swiss-Prot,161
Q96GW7,True,Proteoglycans|Core matrisome,9606,Extracellular region|Extracellular space,Extracellular matrix|Extracellular space/secreted,Swiss-Prot,161
P25774,True,ECM Regulators|Matrisome-associated,9606,Extracellular region|Extracellular space,Extracellular space/secreted,Swiss-Prot,160
O00214,True,ECM-affiliated Proteins|Matrisome-associated,9606,Extracellular space,,Swiss-Prot,160
P01597,True,,9606,Extracellular region|Extracellular space,Extracellular space/secreted,Swiss-Prot,160
Q04756,True,Secreted Factors|Matrisome-associated,9606,Extracellular region|Extracellular space,Extracellular space/secreted,Swiss-Prot,160
P10451,True,ECM Glycoproteins|Core matrisome,9606,Extracellular region|Extracellular space,Extracellular space/secreted,Swiss-Prot,159
P30041,True,,9606,Extracellular region|Extracellular space,,Swiss-Prot,158
Q14520,True,ECM Regulators|Matrisome-associated,9606,Extracellular region|Extracellular space,Extracellular space/secreted,Swiss-Prot,158
P50395,True,,9606,Extracellular region,,Swiss-Prot,158
O14727,True,,9606,Extracellular region,,Swiss-Prot,158
P39060,True,Collagens|Core matrisome,9606,Basement membrane|Extracellular region|Extracellular space,Basement membrane|Extracellular matrix|Extracellular space/secreted,Swiss-Prot,157
Q4ZHG4,True,ECM Glycoproteins|Core matrisome,9606,Extracellular region,Extracellular space/secreted,Swiss-Prot,157
Q86UX7,True,,9606,Extracellular region,,Swiss-Prot,157
P25787,True,,9606,Extracellular region,,Swiss-Prot,157
Q9UL52,True,,9606,Extracellular region,Extracellular space/secreted,Swiss-Prot,157
P78536,False,ECM Regulators|Matrisome-associated,9606,,,Swiss-Prot,157
P26927,True,Secreted Factors|Matrisome-associated,9606,Extracellular region|Extracellular space,Extracellular space/secreted,Swiss-Prot,157
Q02388,True,Collagens|Core matrisome,9606,Basement membrane|Extracellular region|Extracellular space,Basement membrane|Extracellular matrix|Extracellular space/secreted,Swiss-Prot,157
P10643,True,,9606,Extracellular region|Extracellular space,Extracellular space/secreted,Swiss-Prot,156
P22105,True,ECM Glycoproteins|Core matrisome,9606,Extracellular matrix|Extracellular region|Extracellular space,Extracellular matrix|Extracellular space/secreted,Swiss-Prot,156
P57053,True,,9606,Extracellular space,,Swiss-Prot,156
P01374,True,Secreted Factors|Matrisome-associated,9606,Extracellular space,Extracellular space/secreted,Swiss-Prot,155
Q9Y5Y6,True,ECM Regulators|Matrisome-associated,9606,Extracellular space,,Swiss-Prot,155
P30511,True,,9606,Extracellular space,,Swiss-Prot,155
O75083,True,,9606,Extracellular region,,Swiss-Prot,154
O14672,False,ECM Regulators|Matrisome-associated,9606,,,Swiss-Prot,154
P06731,True,,9606,Extracellular region,,Swiss-Prot,154
P04075,True,,9606,Extracellular region|Extracellular space,,Swiss-Prot,154
Q9Y4D7,False,ECM-affiliated Proteins|Matrisome-associated,9606,,,Swiss-Prot,154
Q8NHL6,True,,9606,Extracellular region,Extracellular space/secreted,Swiss-Prot,154
Q00887,True,,9606,Extracellular region,Extracellular space/secreted,Swiss-Prot,154
Q9Y4L1,True,,9606,Extracellular region,,Swiss-Prot,154
P07477,True,ECM Regulators|Matrisome-associated,9606,Extracellular region|Extracellular space,Extracellular space/secreted,Swiss-Prot,154
Q6UXB4,False,ECM-affiliated Proteins|Matrisome-associated,9606,,,Swiss-Prot,153
P18206,True,,9606,Extracellular region,,Swiss-Prot,153
P08572,True,Collagens|Core matrisome,9606,Basement membrane|Extracellular region|Extracellular space,Basement membrane|Extracellular matrix|Extracellular space/secreted,Swiss-Prot,153
Q9UBS4,True,,9606,Extracellular space,,Swiss-Prot,152
P36955,True,ECM Regulators|Matrisome-associated,9606,Basement membrane|Extracellular region|Extracellular space,Extracellular space/secreted,Swiss-Prot,152
P07858,True,ECM Regulators|Matrisome-associated,9606,Extracellular region|Extracellular space,Extracellular space/secreted,Swiss-Prot,151
Q12841,True,Secreted Factors|Matrisome-associated,9606,Extracellular region|Extracellular space,Extracellular space/secreted,Swiss-Prot,151
Q92626,True,Proteoglycans|Core matrisome,9606,Basement membrane|Extracellular matrix|Extracellular region|Extracellular space,Basement membrane|Extracellular matrix|Extracellular space/secreted,Swiss-Prot,151
Q9BX67,True,,9606,Extracellular space,Extracellular space/secreted,Swiss-Prot,150
P17936,True,ECM Glycoproteins|Core matrisome,9606,Extracellular region|Extracellular space,Extracellular space/secreted,Swiss-Prot,150
Q9BXR6,True,,9606,Extracellular region|Extracellular space,Extracellular space/secreted,Swiss-Prot,150
O00548,True,,9606,Extracellular region,,Swiss-Prot,150
O95390,True,Secreted Factors|Matrisome-associated,9606,Extracellular space,Extracellular space/secreted,Swiss-Prot,150
O14793,True,Secreted Factors|Matrisome-associated,9606,Extracellular space,Extracellular space/secreted,Swiss-Prot,150
Q9NRS4,True,,9606,Extracellular space,Extracellular space/secreted,Swiss-Prot,149
P16056,True,,10090,Extracellular space,,Swiss-Prot,149
O43240,True,,9606,Extracellular region,Extracellular space/secreted,Swiss-Prot,149
P56730,False,ECM Regulators|Matrisome-associated,9606,,Extracellular space/secreted,Swiss-Prot,149
O00232,True,,9606,Extracellular region,,Swiss-Prot,149
P18827,False,ECM-affiliated Proteins|Matrisome-associated,9606,,Extracellular space/secreted,Swiss-Prot,149
Q92882,True,,9606,Extracellular region,,Swiss-Prot,149
O43557,True,Secreted Factors|Matrisome-associated,9606,Extracellular space,Extracellular space/secreted,Swiss-Prot,149
Q12846,True,,9606,Extracellular space,,Swiss-Prot,148
Q9NQ38,True,,9606,Extracellular region,Extracellular space/secreted,Swiss-Prot,148
P09172,True,,9606,Extracellular region|Extracellular space,Extracellular space/secreted,Swiss-Prot,148
P40313,True,,9606,Extracellular space,,Swiss-Prot,148
Q9H0U6,True,,9606,Extracellular space,,Swiss-Prot,148
P09211,True,,9606,Extracellular region|Extracellular space,,Swiss-Prot,148
Q14767,True,ECM Glycoproteins|Core matrisome,9606,Extracellular matrix|Extracellular region|Extracellular space,Extracellular matrix|Extracellular space/secreted,Swiss-Prot,148
Q30201,True,,9606,Extracellular space,,Swiss-Prot,148
P01859,True,,9606,Extracellular region|Extracellular space,Extracellular space/secreted,Swiss-Prot,148
Q99584,True,Secreted Factors|Matrisome-associated,9606,Extracellular region|Extracellular space,Extracellular space/secreted,Swiss-Prot,147
Q96I82,True,ECM Regulators|Matrisome-associated,9606,Extracellular space,Extracellular matrix|Extracellular space/secreted,Swiss-Prot,147
O75882,True,,9606,Extracellular space,Extracellular space/secreted,Swiss-Prot,147
Q5KU26,True,ECM-affiliated Proteins|Matrisome-associated,9606,Extracellular space,,Swiss-Prot,147
P21926,True,,9606,Extracellular space,Extracellular space/secreted,Swiss-Prot,147
O60462,True,,9606,Extracellular region,Extracellular space/secreted,Swiss-Prot,147
P14151,True,,9606,Extracellular space,,Swiss-Prot,146
P07358,True,,9606,Extracellular region|Extracellular space,Extracellular space/secreted,Swiss-Prot,146
O60235,True,,9606,Extracellular region,Extracellular space/secreted,Swiss-Prot,146
P78509,True,ECM Glycoproteins|Core matrisome,9606,Extracellular matrix|Extracellular region|Extracellular space,Extracellular matrix|Extracellular space/secreted,Swiss-Prot,146
O15496,True,,9606,Extracellular region|Extracellular space,Extracellular space/secreted,Swiss-Prot,146
P05204,True,,9606,Extracellular space,,Swiss-Prot,145
P40933,True,Secreted Factors|Matrisome-associated,9606,Extracellular region|Extracellular space,Extracellular space/secreted,Swiss-Prot,145
Q14005,True,Secreted Factors|Matrisome-associated,9606,Extracellular region|Extracellular space,Extracellular space/secreted,Swiss-Prot,145
P02647,True,,9606,Extracellular region|Extracellular space,Extracellular space/secreted,Swiss-Prot,145
P05230,True,Secreted Factors|Matrisome-associated,9606,Extracellular matrix|Extracellular region|Extracellular space,Extracellular space/secreted,Swiss-Prot,145
P00387,True,,9606,Extracellular region,,Swiss-Prot,144
P01008,True,ECM Regulators|Matrisome-associated,9606,Extracellular region|Extracellular space,Extracellular space/secreted,Swiss-Prot,144
P02766,True,,9606,Extracellular region|Extracellular space,Extracellular space/secreted,Swiss-Prot,144
Q8IUX7,True,ECM Glycoproteins|Core matrisome,9606,Extracellular region|Extracellular space,Extracellular space/secreted,Swiss-Prot,144
P39059,True,Collagens|Core matrisome,9606,Basement membrane|Extracellular region|Extracellular space,Extracellular matrix|Extracellular space/secreted,Swiss-Prot,144
Q9UNI1,True,ECM Regulators|Matrisome-associated,9606,Extracellular space,Extracellular space/secreted,Swiss-Prot,143
P09923,True,,9606,Extracellular region,,Swiss-Prot,143
Q9HCE1,True,,9606,Extracellular space,,Swiss-Prot,143
O94779,True,,9606,Extracellular region,,Swiss-Prot,143
P83110,True,ECM Regulators|Matrisome-associated,9606,Extracellular region,Extracellular space/secreted,Swiss-Prot,143
Q13443,True,ECM Regulators|Matrisome-associated,9606,Extracellular space,Extracellular space/secreted,Swiss-Prot,143
P07602,True,,9606,Extracellular region|Extracellular space,Extracellular space/secreted,Swiss-Prot,143
O95994,True,,9606,Extracellular region|Extracellular space,Extracellular space/secreted,Swiss-Prot,143
P02775,True,Secreted Factors|Matrisome-associated,9606,Extracellular region|Extracellular space,Extracellular space/secreted,Swiss-Prot,142
P05121,True,ECM Regulators|Matrisome-associated,9606,Extracellular region|Extracellular space,Extracellular space/secreted,Swiss-Prot,142
Q14112,True,ECM Glycoproteins|Core matrisome,9606,Basement membrane|Extracellular region|Extracellular space,Basement membrane|Extracellular matrix|Extracellular space/secreted,Swiss-Prot,142
O00175,True,Secreted Factors|Matrisome-associated,9606,Extracellular space,Extracellular space/secreted,Swiss-Prot,141
P01040,True,ECM Regulators|Matrisome-associated,9606,Extracellular space,,Swiss-Prot,141
P35443,True,ECM Glycoproteins|Core matrisome,9606,Basement membrane|Extracellular region|Extracellular space,Extracellular matrix|Extracellular space/secreted,Swiss-Prot,141
Q9NZU7,True,,9606,Extracellular space,,Swiss-Prot,140
P28066,True,,9606,Extracellular region,,Swiss-Prot,140
P61916,True,,9606,Extracellular region|Extracellular space,Extracellular space/secreted,Swiss-Prot,140
O15031,False,ECM-affiliated Proteins|Matrisome-associated,9606,,,Swiss-Prot,139
O95925,True,,9606,Extracellular space,Extracellular space/secreted,Swiss-Prot,139
P01042,True,ECM Regulators|Matrisome-associated,9606,Extracellular region|Extracellular space,Extracellular space/secreted,Swiss-Prot,139
P51884,True,Proteoglycans|Core matrisome,9606,Extracellular matrix|Extracellular region|Extracellular space,Extracellular matrix|Extracellular space/secreted,Swiss-Prot,139
Q9Y6M0,True,,9606,Extracellular region|Extracellular space,,Swiss-Prot,138
Q92764,True,,9606,Extracellular space,,Swiss-Prot,138
P01034,True,ECM Regulators|Matrisome-associated,9606,Extracellular region|Extracellular space,Extracellular space/secreted,Swiss-Prot,138
Q9H2R5,True,,9606,Extracellular region,Extracellular space/secreted,Swiss-Prot,138
Q99575,True,,9606,Extracellular space,,Swiss-Prot,138
P80188,True,,9606,Extracellular region|Extracellular space,Extracellular space/secreted,Swiss-Prot,137
P01860,True,,9606,Extracellular region|Extracellular space,Extracellular space/secreted,Swiss-Prot,137
O14498,True,,9606,Extracellular region,Extracellular space/secreted,Swiss-Prot,137
Q13751,True,ECM Glycoproteins|Core matrisome,9606,Extracellular region,Basement membrane|Extracellular matrix|Extracellular space/secreted,Swiss-Prot,137
Q9H2P0,True,,9606,Extracellular space,,Swiss-Prot,137
A5YKK6,True,,9606,Extracellular space,,Swiss-Prot,137
P49662,True,,9606,Extracellular region,Extracellular space/secreted,Swiss-Prot,137
O15511,True,,9606,Extracellular region,,Swiss-Prot,136
P01594,True,,9606,Extracellular region|Extracellular space,Extracellular space/secreted,Swiss-Prot,136
Q8IXA5,True,,9606,Extracellular region,Extracellular space/secreted,Swiss-Prot,136
Q14627,True,,9606,Extracellular region|Extracellular space,,Swiss-Prot,135
P13727,True,Proteoglycans|Core matrisome,9606,Extracellular region,Extracellular space/secreted,Swiss-Prot,135
P52803,True,,9606,Basement membrane,,Swiss-Prot,134
O60667,True,,9606,Extracellular region,Extracellular space/secreted,Swiss-Prot,134
P40925,True,,9606,Extracellular space,,Swiss-Prot,133
Q08629,True,Proteoglycans|Core matrisome,9606,Extracellular space,Extracellular matrix|Extracellular space/secreted,Swiss-Prot,133
P82279,True,,9606,Extracellular region,Extracellular space/secreted,Swiss-Prot,133
Q9UQ74,True,,9606,Extracellular region,Extracellular space/secreted,Swiss-Prot,133
P22891,True,,9606,Extracellular space,Extracellular space/secreted,Swiss-Prot,133
P23560,True,Secreted Factors|Matrisome-associated,9606,Extracellular region|Extracellular space,Extracellular space/secreted,Swiss-Prot,133
O60814,True,,9606,Extracellular space,,Swiss-Prot,133
Q8NHM4,True,,9606,Extracellular space,Extracellular space/secreted,Swiss-Prot,133
P04003,True,,9606,Extracellular region|Extracellular space,Extracellular space/secreted,Swiss-Prot,132
Q07699,True,,9606,Extracellular region,Extracellular space/secreted,Swiss-Prot,132
Q2WEN9,True,,9606,Extracellular space,Extracellular space/secreted,Swiss-Prot,132
P01593,True,,9606,Extracellular region|Extracellular space,Extracellular space/secreted,Swiss-Prot,132
P01579,True,Secreted Factors|Matrisome-associated,9606,Extracellular region|Extracellular space,Extracellular space/secreted,Swiss-Prot,132
Q9HCJ2,True,,9606,Extracellular space,,Swiss-Prot,132
Q8TC07,True,,9606,Extracellular region,,Swiss-Prot,132
P35625,True,ECM Regulators|Matrisome-associated,9606,Basement membrane|Extracellular matrix|Extracellular region|Extracellular space,Extracellular matrix|Extracellular space/secreted,Swiss-Prot,131
Q13201,True,ECM Glycoproteins|Core matrisome,9606,Extracellular region,Extracellular space/secreted,Swiss-Prot,131
Q9BY44,True,,9606,Extracellular space,,Swiss-Prot,130
P08218,True,ECM Regulators|Matrisome-associated,9606,Extracellular region|Extracellular space,Extracellular space/secreted,Swiss-Prot,130
P31371,True,Secreted Factors|Matrisome-associated,9606,Extracellular region|Extracellular space,Extracellular space/secreted,Swiss-Prot,130
P08217,True,ECM Regulators|Matrisome-associated,9606,Extracellular region|Extracellular space,Extracellular space/secreted,Swiss-Prot,130
P47929,True,,9606,Extracellular space,Extracellular space/secreted,Swiss-Prot,130
Q9UBB4,True,,9606,Extracellular space,,Swiss-Prot,129
P13236,True,Secreted Factors|Matrisome-associated,9606,Extracellular region|Extracellular space,Extracellular space/secreted,Swiss-Prot,129
P62891,True,,9606,Extracellular space,,Swiss-Prot,129
Q9H2X3,True,ECM-affiliated Proteins|Matrisome-associated,9606,Extracellular region,Extracellular space/secreted,Swiss-Prot,129
P06899,True,,9606,Extracellular space,,Swiss-Prot,129
P48052,True,,9606,Extracellular region|Extracellular space,Extracellular space/secreted,Swiss-Prot,129
P01876,True,,9606,Extracellular region|Extracellular space,Extracellular space/secreted,Swiss-Prot,129
O95633,True,Secreted Factors|Matrisome-associated,9606,Extracellular region|Extracellular space,Extracellular space/secreted,Swiss-Prot,128
O43291,True,,9606,Extracellular region,,Swiss-Prot,128
P80075,True,Secreted Factors|Matrisome-associated,9606,Extracellular space,Extracellular space/secreted,Swiss-Prot,128
Q86VB7,True,,9606,Extracellular region,Extracellular space/secreted,Swiss-Prot,128
P21810,True,Proteoglycans|Core matrisome,9606,Extracellular matrix|Extracellular region|Extracellular space,Extracellular matrix|Extracellular space/secreted,Swiss-Prot,128
O75051,False,ECM-affiliated Proteins|Matrisome-associated,9606,,,Swiss-Prot,128
Q8IUL8,True,ECM Glycoproteins|Core matrisome,9606,Extracellular space,Extracellular matrix|Extracellular space/secreted,Swiss-Prot,128
Q7Z4P5,True,Secreted Factors|Matrisome-associated,9606,Extracellular space,Extracellular space/secreted,Swiss-Prot,128
Q14314,True,ECM Glycoproteins|Core matrisome,9606,Extracellular region|Extracellular space,Extracellular space/secreted,Swiss-Prot,128
P20151,True,,9606,Extracellular region,,Swiss-Prot,127
Q16557,True,,9606,Extracellular region,Extracellular space/secreted,Swiss-Prot,127
O60303,True,,9606,Extracellular space,,Swiss-Prot,127
P20231,True,,9606,Extracellular space,Extracellular space/secreted,Swiss-Prot,127
Q6EMK4,True,,9606,Extracellular matrix|Extracellular space,Extracellular space/secreted,Swiss-Prot,126
Q9Y5K2,True,,9606,Extracellular region,Extracellular space/secreted,Swiss-Prot,126
Q53GS7,True,,9606,Extracellular space,,Swiss-Prot,126
Q9NNX6,True,ECM-affiliated Proteins|Matrisome-associated,9606,Extracellular region,Extracellular space/secreted,Swiss-Prot,126
O75326,False,ECM-affiliated Proteins|Matrisome-associated,9606,,,Swiss-Prot,125
Q9NZ32,True,,9606,Extracellular region,,Swiss-Prot,125
Q7Z3B1,True,,9606,Extracellular region,,Swiss-Prot,125
Q2TV78,True,Secreted Factors|Matrisome-associated,9606,Extracellular space,Extracellular space/secreted,Swiss-Prot,125
Q70J99,True,,9606,Extracellular region,,Swiss-Prot,125
Q8IW00,True,,9606,Extracellular region,Extracellular space/secreted,Swiss-Prot,125
P02794,True,,9606,Extracellular region,,Swiss-Prot,125
P39905,True,Secreted Factors|Matrisome-associated,9606,Extracellular region|Extracellular space,Extracellular space/secreted,Swiss-Prot,125
Q9GZN4,True,,9606,Extracellular space,Extracellular space/secreted,Swiss-Prot,124
P11487,True,Secreted Factors|Matrisome-associated,9606,Extracellular region|Extracellular space,Extracellular space/secreted,Swiss-Prot,124
P35225,True,Secreted Factors|Matrisome-associated,9606,Extracellular region|Extracellular space,Extracellular space/secreted,Swiss-Prot,124
Q14764,True,,9606,Extracellular region,,Swiss-Prot,124
P16112,True,Proteoglycans|Core matrisome,9606,Extracellular region|Extracellular space,Extracellular matrix|Extracellular space/secreted,Swiss-Prot,124
Q2MV58,True,,9606,Extracellular space,Extracellular space/secreted,Swiss-Prot,123
Q99436,True,,9606,Extracellular region,,Swiss-Prot,123
Q14525,True,,9606,Extracellular space,,Swiss-Prot,123
Q02809,False,ECM Regulators|Matrisome-associated,9606,,,Swiss-Prot,123
Q96S86,True,Proteoglycans|Core matrisome,9606,Extracellular space,Extracellular matrix|Extracellular space/secreted,Swiss-Prot,123
P21980,True,ECM Regulators|Matrisome-associated,9606,Extracellular matrix,Extracellular matrix|Extracellular space/secreted,Swiss-Prot,123
O94985,True,,9606,Extracellular region,,Swiss-Prot,123
Q2L4Q9,True,,9606,Extracellular region,Extracellular space/secreted,Swiss-Prot,123
P02741,True,,9606,Extracellular region|Extracellular space,Extracellular space/secreted,Swiss-Prot,123
Q9UKQ9,True,,9606,Extracellular region,Extracellular space/secreted,Swiss-Prot,123
P06307,True,,9606,Extracellular region|Extracellular space,Extracellular space/secreted,Swiss-Prot,122
P32455,True,,9606,Extracellular region,Extracellular space/secreted,Swiss-Prot,122
P48551,True,,9606,Extracellular region|Extracellular space,Extracellular space/secreted,Swiss-Prot,122
Q7L576,True,,9606,Extracellular region,,Swiss-Prot,122
Q99988,True,Secreted Factors|Matrisome-associated,9606,Extracellular region|Extracellular space,Extracellular space/secreted,Swiss-Prot,122
O00264,True,,9606,Extracellular region,Extracellular space/secreted,Swiss-Prot,121
P81605,True,,9606,Extracellular region,Extracellular space/secreted,Swiss-Prot,121
P12018,True,,9606,Extracellular region|Extracellular space,,Swiss-Prot,121
O00182,True,ECM-affiliated Proteins|Matrisome-associated,9606,Extracellular space,Extracellular space/secreted,Swiss-Prot,121
Q6UWY2,True,,9606,Extracellular space,Extracellular space/secreted,Swiss-Prot,121
O43278,True,,9606,Extracellular region|Extracellular space,Extracellular space/secreted,Swiss-Prot,121
P02652,True,,9606,Extracellular region,Extracellular space/secreted,Swiss-Prot,121
Q9UBX7,True,,9606,Extracellular space,Extracellular space/secreted,Swiss-Prot,121
P09958,True,,9606,Extracellular region,Extracellular space/secreted,Swiss-Prot,121
P49746,True,ECM Glycoproteins|Core matrisome,9606,Extracellular region,,Swiss-Prot,121
Q7RTY5,True,,9606,Extracellular space,Extracellular space/secreted,Swiss-Prot,121
Q6ZMR5,True,,9606,Extracellular region,,Swiss-Prot,121
Q8NBJ4,True,,9606,Extracellular space,,Swiss-Prot,120
P06312,True,,9606,Extracellular region|Extracellular space,Extracellular space/secreted,Swiss-Prot,120
P08962,True,,9606,Extracellular space,Extracellular space/secreted,Swiss-Prot,119
A1L453,True,,9606,Extracellular region,Extracellular space/secreted,Swiss-Prot,119
Q9BT67,True,,9606,Extracellular region,Extracellular space/secreted,Swiss-Prot,119
P15814,True,,9606,Extracellular region,Extracellular space/secreted,Swiss-Prot,119
Q9NP99,True,,9606,Extracellular region|Extracellular space,Extracellular space/secreted,Swiss-Prot,118
P07359,True,,9606,Extracellular matrix|Extracellular space,,Swiss-Prot,118
P55083,True,ECM Glycoproteins|Core matrisome,9606,Extracellular region|Extracellular space,Extracellular matrix|Extracellular space/secreted,Swiss-Prot,118
Q13449,True,,9606,Extracellular region,,Swiss-Prot,118
P13796,True,,9606,Extracellular space,,Swiss-Prot,118
Q9BS26,True,,9606,Extracellular region,,Swiss-Prot,117
P25116,True,,9606,Extracellular region,,Swiss-Prot,117
P60903,True,Secreted Factors|Matrisome-associated,9606,Extracellular region|Extracellular space,,Swiss-Prot,117
P35908,True,,9606,Extracellular space,,Swiss-Prot,117
Q92619,True,,9606,Extracellular region,,Swiss-Prot,117
P35527,True,,9606,Extracellular space,,Swiss-Prot,117
P02654,True,,9606,Extracellular region,Extracellular space/secreted,Swiss-Prot,117
Q93038,True,,9606,Extracellular region,Extracellular space/secreted,Swiss-Prot,117
Q9NZL4,True,,9606,Extracellular space,,Swiss-Prot,117
Q9Y281,True,,9606,Extracellular space,,Swiss-Prot,117
Q12904,True,,9606,Extracellular space,Extracellular space/secreted,Swiss-Prot,117
P13645,True,,9606,Extracellular space,Extracellular space/secreted,Swiss-Prot,117
Q9NRR2,True,,9606,Extracellular space,,Swiss-Prot,116
P10646,True,,9606,Extracellular region|Extracellular space,Extracellular space/secreted,Swiss-Prot,116
Q53GQ0,True,,9606,Extracellular matrix,,Swiss-Prot,116
O43184,True,ECM Regulators|Matrisome-associated,9606,Extracellular region,Extracellular space/secreted,Swiss-Prot,116
Q96QU1,True,,9606,Extracellular region|Extracellular space,Extracellular space/secreted,Swiss-Prot,116
Q7Z5A4,True,,9606,Extracellular space,,Swiss-Prot,116
P29508,True,ECM Regulators|Matrisome-associated,9606,Extracellular region|Extracellular space,,Swiss-Prot,115
Q96FE5,True,,9606,Extracellular matrix|Extracellular space,,Swiss-Prot,115
Q13162,True,,9606,Extracellular region,,Swiss-Prot,115
P80098,True,Secreted Factors|Matrisome-associated,9606,Extracellular region|Extracellular space,Extracellular space/secreted,Swiss-Prot,114
Q6MZW2,True,,9606,Extracellular region,Extracellular space/secreted,Swiss-Prot,114
P49747,True,ECM Glycoproteins|Core matrisome,9606,Extracellular matrix|Extracellular region|Extracellular space,Extracellular matrix|Extracellular space/secreted,Swiss-Prot,114
O00634,True,ECM Glycoproteins|Core matrisome,9606,Extracellular region,Extracellular matrix|Extracellular space/secreted,Swiss-Prot,114
P08861,True,ECM Regulators|Matrisome-associated,9606,Extracellular space,,Swiss-Prot,114
Q9NWZ3,True,,9606,Extracellular space,,Swiss-Prot,114
P53396,True,,9606,Extracellular region,,Swiss-Prot,114
P13987,True,,9606,Extracellular space,Extracellular space/secreted,Swiss-Prot,113
P08833,True,ECM Glycoproteins|Core matrisome,9606,Extracellular region|Extracellular space,Extracellular space/secreted,Swiss-Prot,113
O95995,True,,9606,Extracellular region,,Swiss-Prot,113
P59665,True,,9606,Extracellular region|Extracellular space,Extracellular space/secreted,Swiss-Prot,113
Q9P0K1,False,ECM Regulators|Matrisome-associated,9606,,,Swiss-Prot,113
Q03692,True,Collagens|Core matrisome,9606,Extracellular region|Extracellular space,Extracellular matrix|Extracellular space/secreted,Swiss-Prot,113
P14222,True,,9606,Extracellular region,Extracellular space/secreted,Swiss-Prot,113
Q14241,True,,9606,Extracellular space,,Swiss-Prot,113
Q9ULD4,True,,9606,Extracellular region,,Swiss-Prot,113
O95971,True,,9606,Extracellular region,Extracellular space/secreted,Swiss-Prot,112
P07339,True,ECM Regulators|Matrisome-associated,9606,Extracellular region|Extracellular space,Extracellular space/secreted,Swiss-Prot,112
Q8IUN9,False,ECM-affiliated Proteins|Matrisome-associated,9606,,,Swiss-Prot,112
O95352,True,,9606,Extracellular region,,Swiss-Prot,112
Q99731,True,Secreted Factors|Matrisome-associated,9606,Extracellular region|Extracellular space,Extracellular space/secreted,Swiss-Prot,112
Q9UHP7,False,ECM-affiliated Proteins|Matrisome-associated,9606,,,Swiss-Prot,112
Q9P232,True,,9606,Extracellular region,,Swiss-Prot,111
Q8N2S1,True,ECM Glycoproteins|Core matrisome,9606,Extracellular matrix|Extracellular region|Extracellular space,Extracellular matrix|Extracellular space/secreted,Swiss-Prot,111
Q8NBS9,True,,9606,Extracellular region,,Swiss-Prot,111
Q96PD4,True,Secreted Factors|Matrisome-associated,9606,Extracellular region|Extracellular space,Extracellular space/secreted,Swiss-Prot,111
P05090,True,,9606,Extracellular region|Extracellular space,Extracellular space/secreted,Swiss-Prot,111
P48594,True,ECM Regulators|Matrisome-associated,9606,Extracellular space,,Swiss-Prot,111
Q5K4E3,True,,9606,Extracellular region,Extracellular matrix|Extracellular space/secreted,Swiss-Prot,110
Q8TCE9,False,ECM-affiliated Proteins|Matrisome-associated,9606,,,Swiss-Prot,110
Q96LT7,True,,9606,Extracellular space,Extracellular space/secreted,Swiss-Prot,110
O95711,True,,9606,Extracellular region,Extracellular space/secreted,Swiss-Prot,110
Q9BYX7,True,,9606,Extracellular region,,Swiss-Prot,110
P80217,True,,9606,Extracellular space,Extracellular space/secreted,Swiss-Prot,110
Q8N475,True,,9606,Extracellular region,Extracellular space/secreted,Swiss-Prot,110
Q9BRR9,True,,9606,Extracellular region,,Swiss-Prot,110
Q13753,True,ECM Glycoproteins|Core matrisome,9606,Extracellular region|Extracellular space,Basement membrane|Extracellular matrix|Extracellular space/secreted,Swiss-Prot,110
P03973,True,ECM Regulators|Matrisome-associated,9606,Extracellular region|Extracellular space,Extracellular space/secreted,Swiss-Prot,110
O75094,True,ECM Glycoproteins|Core matrisome,9606,Extracellular space,Extracellular space/secreted,Swiss-Prot,109
Q92838,True,Secreted Factors|Matrisome-associated,9606,Extracellular space,Extracellular space/secreted,Swiss-Prot,109
Q63HQ2,True,ECM Glycoproteins|Core matrisome,9606,Basement membrane,Extracellular matrix|Extracellular space/secreted,Swiss-Prot,109
Q8NF86,True,,9606,Extracellular space,Extracellular space/secreted,Swiss-Prot,109
P09341,True,Secreted Factors|Matrisome-associated,9606,Extracellular region|Extracellular space,Extracellular space/secreted,Swiss-Prot,109
Q2TAL6,True,Secreted Factors|Matrisome-associated,9606,Basement membrane|Extracellular space,Basement membrane|Extracellular matrix|Extracellular space/secreted,Swiss-Prot,108
P98066,True,ECM Glycoproteins|Core matrisome,9606,Extracellular region|Extracellular space,Extracellular space/secreted,Swiss-Prot,108
Q6PEW0,True,,9606,Extracellular space,Extracellular space/secreted,Swiss-Prot,108
Q7Z4N8,False,ECM Regulators|Matrisome-associated,9606,,,Swiss-Prot,108
P09525,False,ECM-affiliated Proteins|Matrisome-associated,9606,,,Swiss-Prot,108
Q96NZ8,True,Secreted Factors|Matrisome-associated,9606,Extracellular space,Extracellular space/secreted,Swiss-Prot,108
O15460,False,ECM Regulators|Matrisome-associated,9606,,,Swiss-Prot,107
Q13253,True,,9606,Extracellular region|Extracellular space,Extracellular space/secreted,Swiss-Prot,107
Q9UKR0,True,,9606,Extracellular region|Extracellular space,Extracellular space/secreted,Swiss-Prot,107
O00292,True,Secreted Factors|Matrisome-associated,9606,Extracellular region|Extracellular space,Extracellular space/secreted,Swiss-Prot,107
P01619,True,,9606,Extracellular region|Extracellular space,Extracellular space/secreted,Swiss-Prot,107
Q9UPV0,True,,9606,Extracellular space,,Swiss-Prot,107
Q9Y5I2,True,,9606,Extracellular region,Extracellular space/secreted,Swiss-Prot,107
P01588,True,Secreted Factors|Matrisome-associated,9606,Extracellular region|Extracellular space,Extracellular space/secreted,Swiss-Prot,107
Q6UXN2,True,,9606,Extracellular region,Extracellular space/secreted,Swiss-Prot,107
Q06643,True,Secreted Factors|Matrisome-associated,9606,Extracellular space,,Swiss-Prot,107
Q95460,True,,9606,Extracellular space,Extracellular space/secreted,Swiss-Prot,107
P12272,True,,9606,Extracellular region|Extracellular space,Extracellular space/secreted,Swiss-Prot,106
Q9Y5I3,True,,9606,Extracellular region,Extracellular space/secreted,Swiss-Prot,106
Q9Y5U5,True,,9606,Extracellular region,Extracellular space/secreted,Swiss-Prot,106
P07306,True,,9606,Extracellular region,Extracellular space/secreted,Swiss-Prot,106
Q9UBD9,True,Secreted Factors|Matrisome-associated,9606,Extracellular region|Extracellular space,Extracellular space/secreted,Swiss-Prot,105
P04114,True,,9606,Extracellular region|Extracellular space,Extracellular space/secreted,Swiss-Prot,105
Q14563,True,ECM-affiliated Proteins|Matrisome-associated,9606,Extracellular region|Extracellular space,Extracellular space/secreted,Swiss-Prot,105
O43852,True,,9606,Extracellular region,Extracellular space/secreted,Swiss-Prot,105
O75368,True,,9606,Extracellular space,,Swiss-Prot,105
O00626,True,Secreted Factors|Matrisome-associated,9606,Extracellular region|Extracellular space,Extracellular space/secreted,Swiss-Prot,105
P08174,True,,9606,Extracellular region,Extracellular space/secreted,Swiss-Prot,105
P13725,True,Secreted Factors|Matrisome-associated,9606,Extracellular region|Extracellular space,Extracellular space/secreted,Swiss-Prot,105
Q9BZP6,True,,9606,Extracellular region|Extracellular space,Extracellular space/secreted,Swiss-Prot,104
Q9UGJ0,True,,9606,Extracellular space,,Swiss-Prot,104
P50895,True,,9606,Extracellular region,,Swiss-Prot,104
O75015,True,,9606,Extracellular region,Extracellular space/secreted,Swiss-Prot,104
P55107,True,Secreted Factors|Matrisome-associated,9606,Extracellular space,Extracellular space/secreted,Swiss-Prot,104
P23946,True,,9606,Extracellular region|Extracellular space,Extracellular space/secreted,Swiss-Prot,104
Q00888,True,,9606,Extracellular region,Extracellular space/secreted,Swiss-Prot,104
P07384,True,,9606,Extracellular region,,Swiss-Prot,104
P07360,True,,9606,Extracellular region,Extracellular space/secreted,Swiss-Prot,104
P01583,True,Secreted Factors|Matrisome-associated,9606,Extracellular region|Extracellular space,Extracellular space/secreted,Swiss-Prot,104
P13232,True,Secreted Factors|Matrisome-associated,9606,Extracellular region|Extracellular space,Extracellular space/secreted,Swiss-Prot,104
P50897,True,,9606,Extracellular region,Extracellular space/secreted,Swiss-Prot,104
Q6ZWK6,True,,9606,Extracellular region,,Swiss-Prot,103
P02462,True,Collagens|Core matrisome,9606,Basement membrane|Extracellular region|Extracellular space,Basement membrane|Extracellular matrix|Extracellular space/secreted,Swiss-Prot,103
P14174,True,,9606,Extracellular region|Extracellular space,Extracellular space/secreted,Swiss-Prot,103
P02792,True,,9606,Extracellular region,,Swiss-Prot,103
Q9H4F8,True,ECM Glycoproteins|Core matrisome,9606,Basement membrane|Extracellular space,Basement membrane|Extracellular matrix|Extracellular space/secreted,Swiss-Prot,103
P01236,True,Secreted Factors|Matrisome-associated,9606,Extracellular region|Extracellular space,Extracellular space/secreted,Swiss-Prot,102
P01861,True,,9606,Extracellular region|Extracellular space,Extracellular space/secreted,Swiss-Prot,102
Q92478,False,ECM-affiliated Proteins|Matrisome-associated,9606,,,Swiss-Prot,102
P19876,True,Secreted Factors|Matrisome-associated,9606,Extracellular region|Extracellular space,Extracellular space/secreted,Swiss-Prot,102
P43235,True,ECM Regulators|Matrisome-associated,9606,Extracellular region|Extracellular space,Extracellular space/secreted,Swiss-Prot,102
Q14574,True,,9606,Extracellular region,,Swiss-Prot,102
Q9UHF1,True,Secreted Factors|Matrisome-associated,9606,Extracellular region,Extracellular space/secreted,Swiss-Prot,102
P25940,True,Collagens|Core matrisome,9606,Extracellular region|Extracellular space,Extracellular matrix|Extracellular space/secreted,Swiss-Prot,102
Q8IYP2,True,,9606,Extracellular region,Extracellular space/secreted,Swiss-Prot,102
P08620,True,Secreted Factors|Matrisome-associated,9606,Extracellular region|Extracellular space,Extracellular space/secreted,Swiss-Prot,102
Q15485,True,ECM-affiliated Proteins|Matrisome-associated,9606,Extracellular region|Extracellular space,Extracellular space/secreted,Swiss-Prot,101
Q9NRA1,True,Secreted Factors|Matrisome-associated,9606,Extracellular region|Extracellular space,Extracellular space/secreted,Swiss-Prot,101
O95972,True,Secreted Factors|Matrisome-associated,9606,Extracellular space,Extracellular space/secreted,Swiss-Prot,101
O60234,True,,9606,Extracellular region,,Swiss-Prot,101
Q6UXB2,True,,9606,Extracellular space,Extracellular space/secreted,Swiss-Prot,101
Q9BZJ3,True,,9606,Extracellular space,Extracellular space/secreted,Swiss-Prot,100
P37802,True,,9606,Extracellular region,,Swiss-Prot,100
Q9UN73,True,,9606,Extracellular region,Extracellular space/secreted,Swiss-Prot,100
P34130,True,Secreted Factors|Matrisome-associated,9606,Extracellular region|Extracellular space,Extracellular space/secreted,Swiss-Prot,100
Q15582,True,ECM Glycoproteins|Core matrisome,9606,Basement membrane|Extracellular matrix|Extracellular region|Extracellular space,Extracellular matrix|Extracellular space/secreted,Swiss-Prot,100
Q9Y240,True,ECM-affiliated Proteins|Matrisome-associated,9606,Extracellular region|Extracellular space,Extracellular space/secreted,Swiss-Prot,100
Q9BZM4,True,,9606,Extracellular space,,Swiss-Prot,100
P23297,True,Secreted Factors|Matrisome-associated,9606,Extracellular region,,Swiss-Prot,100
P53634,True,ECM Regulators|Matrisome-associated,9606,Extracellular region|Extracellular space,,Swiss-Prot,100
Q96HF1,True,Secreted Factors|Matrisome-associated,9606,Extracellular space,Extracellular space/secreted,Swiss-Prot,99
Q9GZT9,False,ECM Regulators|Matrisome-associated,9606,,,Swiss-Prot,99
P04141,True,Secreted Factors|Matrisome-associated,9606,Extracellular region|Extracellular space,Extracellular space/secreted,Swiss-Prot,99
Q76I76,True,,9606,Extracellular space,,Swiss-Prot,99
Q5EBL8,True,,9606,Extracellular region,Extracellular space/secreted,Swiss-Prot,99
O00294,True,,9606,Extracellular region,Extracellular space/secreted,Swiss-Prot,99
O60293,True,,9606,Extracellular space,,Swiss-Prot,98
P0C0L5,True,,9606,Extracellular region|Extracellular space,Extracellular space/secreted,Swiss-Prot,98
Q6SPF0,True,,9606,Extracellular space,Extracellular space/secreted,Swiss-Prot,98
P05154,True,ECM Regulators|Matrisome-associated,9606,Extracellular region|Extracellular space,Extracellular space/secreted,Swiss-Prot,98
P07225,True,,9606,Extracellular region|Extracellular space,Extracellular space/secreted,Swiss-Prot,98
P08758,True,ECM-affiliated Proteins|Matrisome-associated,9606,Extracellular region,,Swiss-Prot,98
P02679,True,ECM Glycoproteins|Core matrisome,9606,Extracellular region|Extracellular space,Extracellular space/secreted,Swiss-Prot,98
P29034,False,Secreted Factors|Matrisome-associated,9606,,,Swiss-Prot,98
Q15113,True,ECM Glycoproteins|Core matrisome,9606,Extracellular region|Extracellular space,Extracellular space/secreted,Swiss-Prot,98
O15072,True,ECM Regulators|Matrisome-associated,9606,Extracellular matrix|Extracellular region|Extracellular space,Extracellular matrix|Extracellular space/secreted,Swiss-Prot,97
P01011,True,ECM Regulators|Matrisome-associated,9606,Extracellular region|Extracellular space,Extracellular space/secreted,Swiss-Prot,97
P01571,True,Secreted Factors|Matrisome-associated,9606,Extracellular region|Extracellular space,Extracellular space/secreted,Swiss-Prot,97
P40199,True,,9606,Extracellular space,,Swiss-Prot,97
Q9UGM3,True,ECM Glycoproteins|Core matrisome,9606,Extracellular matrix|Extracellular region|Extracellular space,Extracellular space/secreted,Swiss-Prot,97
P20809,True,Secreted Factors|Matrisome-associated,9606,Extracellular region|Extracellular space,Extracellular space/secreted,Swiss-Prot,97
O60565,True,ECM-affiliated Proteins|Matrisome-associated,9606,Extracellular space,Extracellular space/secreted,Swiss-Prot,97
Q9Y258,True,Secreted Factors|Matrisome-associated,9606,Extracellular space,Extracellular space/secreted,Swiss-Prot,96
P31431,False,ECM-affiliated Proteins|Matrisome-associated,9606,,Extracellular space/secreted,Swiss-Prot,96
Q9H5P4,True,,9606,Extracellular space,,Swiss-Prot,96
P06703,True,Secreted Factors|Matrisome-associated,9606,Extracellular region,,Swiss-Prot,96
Q5QGZ9,False,ECM-affiliated Proteins|Matrisome-associated,9606,,,Swiss-Prot,95
O43699,True,,9606,Extracellular region,Extracellular space/secreted,Swiss-Prot,95
P55287,True,,9606,Extracellular region,,Swiss-Prot,95
Q9UNN8,True,,9606,Extracellular region|Extracellular space,,Swiss-Prot,95
P25311,True,,9606,Extracellular region|Extracellular space,Extracellular space/secreted,Swiss-Prot,95
P78380,True,,9606,Extracellular region,Extracellular space/secreted,Swiss-Prot,95
O43157,True,ECM-affiliated Proteins|Matrisome-associated,9606,Extracellular region,Extracellular space/secreted,Swiss-Prot,95
P05120,True,ECM Regulators|Matrisome-associated,9606,Extracellular region|Extracellular space,Extracellular space/secreted,Swiss-Prot,95
Q8IUA0,True,,9606,Extracellular region,Extracellular space/secreted,Swiss-Prot,94
O14625,True,Secreted Factors|Matrisome-associated,9606,Extracellular region|Extracellular space,Extracellular space/secreted,Swiss-Prot,94
Q9HCY8,True,Secreted Factors|Matrisome-associated,9606,Extracellular space,,Swiss-Prot,94
P12109,True,Collagens|Core matrisome,9606,Extracellular region,Extracellular matrix|Extracellular space/secreted,Swiss-Prot,94
P11226,True,ECM-affiliated Proteins|Matrisome-associated,9606,Extracellular region|Extracellular space,Extracellular space/secreted,Swiss-Prot,94
P41159,True,Secreted Factors|Matrisome-associated,9606,Extracellular region|Extracellular space,Extracellular space/secreted,Swiss-Prot,93
Q93091,True,,9606,Extracellular region|Extracellular space,Extracellular space/secreted,Swiss-Prot,93
Q06141,True,ECM-affiliated Proteins|Matrisome-associated,9606,Extracellular region|Extracellular space,Extracellular space/secreted,Swiss-Prot,93
Q92820,True,,9606,Extracellular region|Extracellular space,Extracellular space/secreted,Swiss-Prot,93
O00602,True,ECM-affiliated Proteins|Matrisome-associated,9606,Extracellular region|Extracellular space,Extracellular space/secreted,Swiss-Prot,93
A8MTI9,True,,9606,Extracellular space,Extracellular space/secreted,Swiss-Prot,93
Q8NHW4,True,Secreted Factors|Matrisome-associated,9606,Extracellular space,Extracellular space/secreted,Swiss-Prot,92
P18669,True,,9606,Extracellular region,,Swiss-Prot,92
A5A3E0,True,,9606,Extracellular space,,Swiss-Prot,92
Q6UDR6,True,,9606,Extracellular region,Extracellular space/secreted,Swiss-Prot,92
P30533,True,,9606,Extracellular region,,Swiss-Prot,92
Q9UBP4,True,,9606,Extracellular space,Extracellular space/secreted,Swiss-Prot,92
Q02297,True,Secreted Factors|Matrisome-associated,9606,Extracellular region|Extracellular space,Extracellular space/secreted,Swiss-Prot,92
P25067,True,Collagens|Core matrisome,9606,Basement membrane|Extracellular matrix|Extracellular region|Extracellular space,Basement membrane|Extracellular matrix|Extracellular space/secreted,Swiss-Prot,91
Q9Y493,True,,9606,Extracellular matrix|Extracellular space,,Swiss-Prot,91
P09543,True,,9606,Extracellular space,,Swiss-Prot,91
P41273,True,Secreted Factors|Matrisome-associated,9606,Extracellular space,,Swiss-Prot,91
Q13410,True,,9606,Extracellular space,Extracellular space/secreted,Swiss-Prot,91
Q86TW2,True,,9606,Extracellular region,,Swiss-Prot,91
O95197,True,,9606,Extracellular space,,Swiss-Prot,90
P36871,True,,9606,Extracellular region,,Swiss-Prot,90
P11464,True,,9606,Extracellular region,Extracellular space/secreted,Swiss-Prot,90
Q99969,True,,9606,Extracellular matrix|Extracellular region|Extracellular space,Extracellular space/secreted,Swiss-Prot,90
P01772,True,,9606,Extracellular region,Extracellular space/secreted,Swiss-Prot,90
Q01523,True,,9606,Extracellular region|Extracellular space,Extracellular space/secreted,Swiss-Prot,90
Q9NPF7,True,Secreted Factors|Matrisome-associated,9606,Extracellular region,Extracellular space/secreted,Swiss-Prot,89
Q07092,True,Collagens|Core matrisome,9606,Extracellular region|Extracellular space,Extracellular matrix|Extracellular space/secreted,Swiss-Prot,89
O95274,True,,9606,Extracellular region|Extracellular space,,Swiss-Prot,89
P55773,True,Secreted Factors|Matrisome-associated,9606,Extracellular region|Extracellular space,Extracellular space/secreted,Swiss-Prot,89
Q9UHI8,True,ECM Regulators|Matrisome-associated,9606,Basement membrane|Extracellular matrix|Extracellular region,Extracellular matrix|Extracellular space/secreted,Swiss-Prot,89
P00451,True,,9606,Extracellular region|Extracellular space,Extracellular space/secreted,Swiss-Prot,89
O75493,True,,9606,Extracellular region,Extracellular space/secreted,Swiss-Prot,89
P29016,True,,9606,Extracellular space,,Swiss-Prot,89
Q9BU40,True,Secreted Factors|Matrisome-associated,9606,Extracellular region,Extracellular space/secreted,Swiss-Prot,88
P22735,False,ECM Regulators|Matrisome-associated,9606,,,Swiss-Prot,88
Q8TD46,True,,9606,Extracellular region,Extracellular space/secreted,Swiss-Prot,88
P48307,True,,9606,Extracellular matrix|Extracellular space,Extracellular space/secreted,Swiss-Prot,88
Q96NW7,True,,9606,Extracellular region,,Swiss-Prot,88
P31358,True,,9606,Extracellular region,,Swiss-Prot,88
Q9HB63,True,ECM Glycoproteins|Core matrisome,9606,Extracellular region,Basement membrane|Extracellular matrix|Extracellular space/secreted,Swiss-Prot,88
P20839,True,,9606,Extracellular region,,Swiss-Prot,88
O75443,True,ECM Glycoproteins|Core matrisome,9606,Extracellular matrix|Extracellular region,Extracellular matrix|Extracellular space/secreted,Swiss-Prot,88
O60292,True,,9606,Extracellular space,,Swiss-Prot,87
Q9BQE5,True,,9606,Extracellular region,,Swiss-Prot,87
Q9UBX5,True,ECM Glycoproteins|Core matrisome,9606,Extracellular matrix|Extracellular region|Extracellular space,Extracellular matrix|Extracellular space/secreted,Swiss-Prot,87
P05014,True,Secreted Factors|Matrisome-associated,9606,Extracellular region|Extracellular space,Extracellular space/secreted,Swiss-Prot,87
P12259,True,,9606,Extracellular region|Extracellular space,Extracellular space/secreted,Swiss-Prot,87
P47992,True,Secreted Factors|Matrisome-associated,9606,Extracellular region|Extracellular space,Extracellular space/secreted,Swiss-Prot,87
P51511,True,ECM Regulators|Matrisome-associated,9606,Extracellular matrix|Extracellular space,,Swiss-Prot,87
P12023,True,,10090,Extracellular space,Extracellular space/secreted,Swiss-Prot,87
P04080,True,ECM Regulators|Matrisome-associated,9606,Extracellular region|Extracellular space,,Swiss-Prot,87
P31997,True,,9606,Extracellular space,,Swiss-Prot,87
Q15389,True,Secreted Factors|Matrisome-associated,9606,Extracellular region|Extracellular space,Extracellular space/secreted,Swiss-Prot,87
P55082,True,ECM Glycoproteins|Core matrisome,9606,Extracellular region,,Swiss-Prot,87
P13674,False,ECM Regulators|Matrisome-associated,9606,,,Swiss-Prot,86
P05546,True,ECM Regulators|Matrisome-associated,9606,Extracellular region|Extracellular space,,Swiss-Prot,86
P27930,True,,9606,Extracellular region,Extracellular space/secreted,Swiss-Prot,86
O00522,True,,9606,Extracellular space,,Swiss-Prot,86
P01222,True,,9606,Extracellular region|Extracellular space,Extracellular space/secreted,Swiss-Prot,86
Q9P218,True,Collagens|Core matrisome,9606,Extracellular region,Extracellular space/secreted,Swiss-Prot,86
P54577,True,,9606,Extracellular space,,Swiss-Prot,86
Q96SL4,True,,9606,Extracellular region,Extracellular space/secreted,Swiss-Prot,86
Q08431,True,ECM Glycoproteins|Core matrisome,9606,Extracellular region|Extracellular space,Extracellular space/secreted,Swiss-Prot,85
P22004,True,Secreted Factors|Matrisome-associated,9606,Extracellular space,Extracellular space/secreted,Swiss-Prot,85
P12034,True,Secreted Factors|Matrisome-associated,9606,Extracellular region|Extracellular space,Extracellular space/secreted,Swiss-Prot,85
O43927,True,Secreted Factors|Matrisome-associated,9606,Extracellular region|Extracellular space,Extracellular space/secreted,Swiss-Prot,85
O95968,True,,9606,Extracellular space,Extracellular space/secreted,Swiss-Prot,85
P29622,True,ECM Regulators|Matrisome-associated,9606,Extracellular region|Extracellular space,Extracellular space/secreted,Swiss-Prot,85
Q8IUI8,False,Secreted Factors|Matrisome-associated,9606,,,Swiss-Prot,85
P09601,True,,9606,Extracellular space,,Swiss-Prot,85
P13671,True,,9606,Extracellular region|Extracellular space,Extracellular space/secreted,Swiss-Prot,84
P80162,True,Secreted Factors|Matrisome-associated,9606,Extracellular region|Extracellular space,Extracellular space/secreted,Swiss-Prot,84
P48357,True,,9606,Extracellular region,Extracellular space/secreted,Swiss-Prot,84
Q9BU76,True,,9606,Extracellular region,,Swiss-Prot,84
P01599,True,,9606,Extracellular region|Extracellular space,Extracellular space/secreted,Swiss-Prot,84
P80370,True,,9606,Extracellular space,,Swiss-Prot,84
P02788,True,,9606,Extracellular region|Extracellular space,Extracellular space/secreted,Swiss-Prot,84
Q96F46,True,,9606,Extracellular region,Extracellular space/secreted,Swiss-Prot,84
Q9UK85,True,,9606,Extracellular space,Extracellular space/secreted,Swiss-Prot,84
O43854,False,ECM Glycoproteins|Core matrisome,9606,,Extracellular space/secreted,Swiss-Prot,84
Q16553,True,,9606,Extracellular region,,Swiss-Prot,83
Q9BZM6,True,,9606,Extracellular space,,Swiss-Prot,83
Q8TD55,True,,9606,Extracellular region,,Swiss-Prot,83
Q13296,True,,9606,Extracellular space,Extracellular space/secreted,Swiss-Prot,83
P01834,True,,9606,Extracellular region|Extracellular space,Extracellular space/secreted,Swiss-Prot,83
Q99616,True,Secreted Factors|Matrisome-associated,9606,Extracellular region|Extracellular space,Extracellular space/secreted,Swiss-Prot,83
P0C0L4,True,,9606,Extracellular region|Extracellular space,Extracellular space/secreted,Swiss-Prot,83
Q04725,True,,9606,Extracellular space,,Swiss-Prot,83
O75636,True,ECM-affiliated Proteins|Matrisome-associated,9606,Extracellular region|Extracellular space,Extracellular space/secreted,Swiss-Prot,83
P61328,True,Secreted Factors|Matrisome-associated,9606,Extracellular space,,Swiss-Prot,83
P20930,False,Secreted Factors|Matrisome-associated,9606,,,Swiss-Prot,83
P12277,True,,9606,Extracellular space,,Swiss-Prot,83
P50453,True,ECM Regulators|Matrisome-associated,9606,Extracellular space,,Swiss-Prot,83
P41222,True,,9606,Extracellular region|Extracellular space,Extracellular space/secreted,Swiss-Prot,83
Q9NPH3,True,,9606,Extracellular region,Extracellular space/secreted,Swiss-Prot,83
P25815,True,Secreted Factors|Matrisome-associated,9606,Extracellular region,,Swiss-Prot,83
Q99748,True,Secreted Factors|Matrisome-associated,9606,Extracellular region,Extracellular space/secreted,Swiss-Prot,83
O15123,True,Secreted Factors|Matrisome-associated,9606,Extracellular region|Extracellular space,Extracellular space/secreted,Swiss-Prot,83
Q08830,True,ECM Glycoproteins|Core matrisome,9606,Extracellular region|Extracellular space,Extracellular space/secreted,Swiss-Prot,82
Q5JVS0,True,,9606,Extracellular region,,Swiss-Prot,82
Q6UXH9,True,ECM Regulators|Matrisome-associated,9606,Extracellular region,Extracellular space/secreted,Swiss-Prot,82
O15204,True,ECM Regulators|Matrisome-associated,9606,Extracellular region,Extracellular space/secreted,Swiss-Prot,82
P36952,True,ECM Regulators|Matrisome-associated,9606,Extracellular space,Extracellular space/secreted,Swiss-Prot,82
P42025,True,,9606,Extracellular region,,Swiss-Prot,82
Q9NR96,True,,9606,Extracellular region,,Swiss-Prot,82
P62328,True,,9606,Extracellular region,,Swiss-Prot,82
P14555,True,,9606,Extracellular region|Extracellular space,Extracellular space/secreted,Swiss-Prot,82
P49257,False,ECM-affiliated Proteins|Matrisome-associated,9606,,,Swiss-Prot,82
Q16610,True,ECM Glycoproteins|Core matrisome,9606,Extracellular matrix|Extracellular region|Extracellular space,Extracellular matrix|Extracellular space/secreted,Swiss-Prot,82
P14735,True,,9606,Extracellular space,Extracellular space/secreted,Swiss-Prot,82
Q8IXL6,True,ECM Regulators|Matrisome-associated,9606,Extracellular space,Extracellular space/secreted,Swiss-Prot,82
Q08397,True,ECM Regulators|Matrisome-associated,9606,Basement membrane|Extracellular region|Extracellular space,Extracellular space/secreted,Swiss-Prot,81
P06744,True,,9606,Extracellular region,Extracellular space/secreted,Swiss-Prot,81
P15169,True,,9606,Extracellular region|Extracellular space,Extracellular space/secreted,Swiss-Prot,81
P56851,True,,9606,Extracellular region,Extracellular space/secreted,Swiss-Prot,81
P15586,True,,9606,Extracellular region,,Swiss-Prot,81
P01570,True,Secreted Factors|Matrisome-associated,9606,Extracellular region|Extracellular space,Extracellular space/secreted,Swiss-Prot,81
P01266,True,,9606,Extracellular region|Extracellular space,Extracellular space/secreted,Swiss-Prot,81
P07357,True,,9606,Extracellular region|Extracellular space,Extracellular space/secreted,Swiss-Prot,81
P01709,True,,9606,Extracellular region|Extracellular space,Extracellular space/secreted,Swiss-Prot,81
P00488,True,ECM Regulators|Matrisome-associated,9606,Extracellular region|Extracellular space,Extracellular space/secreted,Swiss-Prot,81
P15291,True,,9606,Extracellular space,Extracellular space/secreted,Swiss-Prot,80
O60568,True,ECM Regulators|Matrisome-associated,9606,Extracellular space,Extracellular space/secreted,Swiss-Prot,80
Q6IQ55,True,,9606,Extracellular space,,Swiss-Prot,80
Q86YZ3,True,Secreted Factors|Matrisome-associated,9606,Extracellular region,,Swiss-Prot,80
Q6UXH1,True,ECM Glycoproteins|Core matrisome,9606,Extracellular space,,Swiss-Prot,80
Q96LB8,True,,9606,Extracellular region,Extracellular space/secreted,Swiss-Prot,80
P53990,True,,9606,Extracellular region,,Swiss-Prot,80
Q14002,True,,9606,Extracellular region,,Swiss-Prot,80
Q9UBW5,True,,9606,Extracellular region,,Swiss-Prot,80
P09972,True,,9606,Extracellular region,,Swiss-Prot,79
P06126,True,,9606,Extracellular space,,Swiss-Prot,79
P01717,True,,9606,Extracellular region|Extracellular space,Extracellular space/secreted,Swiss-Prot,79
O75888,True,Secreted Factors|Matrisome-associated,9606,Extracellular region|Extracellular space,Extracellular space/secreted,Swiss-Prot,79
P13995,True,,9606,Extracellular space,,Swiss-Prot,79
P27918,True,,9606,Extracellular region|Extracellular space,Extracellular space/secreted,Swiss-Prot,79
Q8NC01,False,ECM-affiliated Proteins|Matrisome-associated,9606,,,Swiss-Prot,79
P02749,True,,9606,Extracellular region|Extracellular space,Extracellular space/secreted,Swiss-Prot,79
O60687,True,ECM Glycoproteins|Core matrisome,9606,Extracellular space,Extracellular space/secreted,Swiss-Prot,79
Q14406,True,Secreted Factors|Matrisome-associated,9606,Extracellular space,Extracellular space/secreted,Swiss-Prot,79
Q9Y6W8,True,,9606,Extracellular region,Extracellular space/secreted,Swiss-Prot,79
Q9HCB6,True,ECM Glycoproteins|Core matrisome,9606,Extracellular matrix|Extracellular space,Extracellular matrix|Extracellular space/secreted,Swiss-Prot,79
P01037,True,ECM Regulators|Matrisome-associated,9606,Extracellular space,Extracellular space/secreted,Swiss-Prot,79
P49913,True,,9606,Extracellular region|Extracellular space,Extracellular space/secreted,Swiss-Prot,79
Q9P2N4,True,ECM Regulators|Matrisome-associated,9606,Extracellular matrix|Extracellular space,Extracellular matrix|Extracellular space/secreted,Swiss-Prot,79
P60174,True,,9606,Extracellular space,,Swiss-Prot,78
P24855,True,,9606,Extracellular region,Extracellular space/secreted,Swiss-Prot,78
P01721,True,,9606,Extracellular region|Extracellular space,Extracellular space/secreted,Swiss-Prot,78
P78556,True,Secreted Factors|Matrisome-associated,9606,Extracellular region|Extracellular space,Extracellular space/secreted,Swiss-Prot,78
Q9HBE4,True,,9606,Extracellular region|Extracellular space,Extracellular space/secreted,Swiss-Prot,78
Q9NSA1,True,Secreted Factors|Matrisome-associated,9606,Extracellular region|Extracellular space,Extracellular space/secreted,Swiss-Prot,78
P01703,True,,9606,Extracellular region|Extracellular space,Extracellular space/secreted,Swiss-Prot,78
Q9GZV9,True,Secreted Factors|Matrisome-associated,9606,Extracellular region|Extracellular space,Extracellular space/secreted,Swiss-Prot,78
P21741,True,Secreted Factors|Matrisome-associated,9606,Extracellular region,Extracellular space/secreted,Swiss-Prot,78
P10147,True,Secreted Factors|Matrisome-associated,9606,Extracellular region|Extracellular space,Extracellular space/secreted,Swiss-Prot,78
P01185,True,,9606,Extracellular region|Extracellular space,Extracellular space/secreted,Swiss-Prot,78
O76093,True,Secreted Factors|Matrisome-associated,9606,Extracellular region|Extracellular space,Extracellular space/secreted,Swiss-Prot,78
Q8IWU6,True,ECM Regulators|Matrisome-associated,9606,Extracellular space,Extracellular space/secreted,Swiss-Prot,78
Q9Y581,True,Secreted Factors|Matrisome-associated,9606,Extracellular region,Extracellular space/secreted,Swiss-Prot,77
Q8WXW3,True,,9606,Extracellular space,Extracellular space/secreted,Swiss-Prot,77
P12838,True,,9606,Extracellular region|Extracellular space,Extracellular space/secreted,Swiss-Prot,77
P08697,True,ECM Regulators|Matrisome-associated,9606,Extracellular region|Extracellular space,Extracellular space/secreted,Swiss-Prot,77
P12645,True,Secreted Factors|Matrisome-associated,9606,Extracellular space,Extracellular space/secreted,Swiss-Prot,77
Q7Z7G0,True,,9606,Extracellular region|Extracellular space,Extracellular space/secreted,Swiss-Prot,77
O95754,False,ECM-affiliated Proteins|Matrisome-associated,9606,,,Swiss-Prot,77
Q15165,True,,9606,Extracellular region,,Swiss-Prot,77
Q8NBP7,True,,9606,Extracellular region|Extracellular space,Extracellular space/secreted,Swiss-Prot,77
P01602,True,,9606,Extracellular region|Extracellular space,Extracellular space/secreted,Swiss-Prot,76
O95750,True,Secreted Factors|Matrisome-associated,9606,Extracellular region|Extracellular space,Extracellular space/secreted,Swiss-Prot,76
P69905,True,,9606,Extracellular region|Extracellular space,,Swiss-Prot,76
Q9Y5Z7,False,Secreted Factors|Matrisome-associated,9606,,,Swiss-Prot,76
P11684,True,,9606,Extracellular space,Extracellular space/secreted,Swiss-Prot,76
P01031,True,,9606,Extracellular region|Extracellular space,Extracellular space/secreted,Swiss-Prot,76
Q16663,True,Secreted Factors|Matrisome-associated,9606,Extracellular space,Extracellular space/secreted,Swiss-Prot,76
P80511,True,Secreted Factors|Matrisome-associated,9606,Extracellular region,Extracellular space/secreted,Swiss-Prot,76
Q96RW7,True,ECM Glycoproteins|Core matrisome,9606,Basement membrane,Basement membrane|Extracellular matrix|Extracellular space/secreted,Swiss-Prot,76
Q9UMR7,False,ECM-affiliated Proteins|Matrisome-associated,9606,,,Swiss-Prot,76
Q9BQ16,True,Proteoglycans|Core matrisome,9606,Extracellular matrix|Extracellular region|Extracellular space,Extracellular matrix|Extracellular space/secreted,Swiss-Prot,76
P01764,True,,9606,Extracellular region|Extracellular space,Extracellular space/secreted,Swiss-Prot,76
O95965,True,,9606,Extracellular region,Extracellular space/secreted,Swiss-Prot,75
Q9UIM3,True,,9606,Extracellular region,,Swiss-Prot,75
Q9Y6K5,True,,9606,Extracellular space,,Swiss-Prot,75
Q10713,True,,9606,Extracellular space,,Swiss-Prot,75
Q8N474,True,Secreted Factors|Matrisome-associated,9606,Extracellular region|Extracellular space,Extracellular space/secreted,Swiss-Prot,75
P49763,True,Secreted Factors|Matrisome-associated,9606,Extracellular region|Extracellular space,Extracellular space/secreted,Swiss-Prot,75
Q7Z5A8,True,,9606,Extracellular space,Extracellular space/secreted,Swiss-Prot,75
Q86UP6,True,,9606,Extracellular space,,Swiss-Prot,74
P21583,True,Secreted Factors|Matrisome-associated,9606,Extracellular region|Extracellular space,Extracellular space/secreted,Swiss-Prot,74
Q9NP55,True,,9606,Extracellular region|Extracellular space,Extracellular space/secreted,Swiss-Prot,74
P68871,True,,9606,Extracellular region|Extracellular space,,Swiss-Prot,74
P48745,True,,9606,Extracellular matrix|Extracellular region,Extracellular space/secreted,Swiss-Prot,74
Q9BZ11,False,ECM Regulators|Matrisome-associated,9606,,,Swiss-Prot,74
Q9ULY5,False,ECM-affiliated Proteins|Matrisome-associated,9606,,,Swiss-Prot,74
Q8TER0,True,ECM Glycoproteins|Core matrisome,9606,Extracellular matrix|Extracellular region,Extracellular matrix|Extracellular space/secreted,Swiss-Prot,74
P05452,True,ECM-affiliated Proteins|Matrisome-associated,9606,Extracellular region|Extracellular space,Extracellular space/secreted,Swiss-Prot,74
P52790,True,,9606,Extracellular region,,Swiss-Prot,74
Q9BZM5,True,,9606,Extracellular region|Extracellular space,Extracellular space/secreted,Swiss-Prot,74
O95150,True,Secreted Factors|Matrisome-associated,9606,Extracellular space,Extracellular space/secreted,Swiss-Prot,74
Q9Y376,True,,9606,Extracellular region,,Swiss-Prot,73
Q9NZV1,True,ECM Glycoproteins|Core matrisome,9606,Extracellular region,Extracellular space/secreted,Swiss-Prot,73
P15514,True,Secreted Factors|Matrisome-associated,9606,Extracellular region|Extracellular space,,Swiss-Prot,73
Q14393,True,ECM Glycoproteins|Core matrisome,9606,Extracellular region|Extracellular space,Extracellular space/secreted,Swiss-Prot,73
O75874,True,,9606,Extracellular region,,Swiss-Prot,73
P16599,True,,10116,Extracellular region|Extracellular space,Extracellular space/secreted,Swiss-Prot,73
Q92520,True,,9606,Extracellular region|Extracellular space,Extracellular space/secreted,Swiss-Prot,73
Q9NY25,False,ECM-affiliated Proteins|Matrisome-associated,9606,,,Swiss-Prot,73
P05408,True,,9606,Extracellular region,Extracellular space/secreted,Swiss-Prot,73
Q01638,True,,9606,Extracellular region,Extracellular space/secreted,Swiss-Prot,73
P05089,True,,9606,Extracellular region|Extracellular space,,Swiss-Prot,73
P19875,True,Secreted Factors|Matrisome-associated,9606,Extracellular region|Extracellular space,Extracellular space/secreted,Swiss-Prot,73
Q9NRC9,True,,9606,Extracellular region,Extracellular space/secreted,Swiss-Prot,73
Q9UNF1,True,,9606,Extracellular region,,Swiss-Prot,73
P22362,True,Secreted Factors|Matrisome-associated,9606,Extracellular region|Extracellular space,Extracellular space/secreted,Swiss-Prot,72
Q8N6C8,True,,9606,Extracellular region,Extracellular space/secreted,Swiss-Prot,72
O00585,True,Secreted Factors|Matrisome-associated,9606,Extracellular region|Extracellular space,Extracellular space/secreted,Swiss-Prot,72
P04196,True,ECM Regulators|Matrisome-associated,9606,Extracellular region,Extracellular space/secreted,Swiss-Prot,72
P43121,True,,9606,Extracellular region|Extracellular space,,Swiss-Prot,72
P05186,True,,9606,Extracellular matrix|Extracellular region,,Swiss-Prot,72
Q9NQ76,True,ECM Glycoproteins|Core matrisome,9606,Extracellular matrix|Extracellular region,Extracellular matrix|Extracellular space/secreted,Swiss-Prot,72
Q14114,True,,9606,Extracellular space,Extracellular space/secreted,Swiss-Prot,72
Q9NVR5,True,,9606,Extracellular region,,Swiss-Prot,71
Q92824,True,ECM Regulators|Matrisome-associated,9606,Extracellular region|Extracellular space,Extracellular space/secreted,Swiss-Prot,71
P22003,True,Secreted Factors|Matrisome-associated,9606,Extracellular space,Extracellular space/secreted,Swiss-Prot,71
Q86VH2,True,,9606,Extracellular region,,Swiss-Prot,71
P01160,True,,9606,Extracellular region|Extracellular space,Extracellular space/secreted,Swiss-Prot,71
O75596,True,ECM-affiliated Proteins|Matrisome-associated,9606,Extracellular space,Extracellular space/secreted,Swiss-Prot,71
P42830,True,Secreted Factors|Matrisome-associated,9606,Extracellular region|Extracellular space,Extracellular space/secreted,Swiss-Prot,71
Q9NZT1,True,,9606,Extracellular region,,Swiss-Prot,71
P18065,True,ECM Glycoproteins|Core matrisome,9606,Extracellular region|Extracellular space,Extracellular space/secreted,Swiss-Prot,71
P56597,True,,9606,Extracellular region,,Swiss-Prot,71
Q9UK05,True,Secreted Factors|Matrisome-associated,9606,Extracellular region|Extracellular space,Extracellular space/secreted,Swiss-Prot,71
O14511,True,Secreted Factors|Matrisome-associated,9606,Extracellular region|Extracellular space,Extracellular space/secreted,Swiss-Prot,70
Q9NPH9,True,Secreted Factors|Matrisome-associated,9606,Extracellular region|Extracellular space,Extracellular space/secreted,Swiss-Prot,70
Q8NCF0,True,ECM-affiliated Proteins|Matrisome-associated,9606,Extracellular space,Extracellular space/secreted,Swiss-Prot,70
P02743,True,,9606,Extracellular region|Extracellular space,Extracellular space/secreted,Swiss-Prot,70
P01871,True,,9606,Extracellular space,Extracellular space/secreted,Swiss-Prot,70
P35247,True,ECM-affiliated Proteins|Matrisome-associated,9606,Extracellular region|Extracellular space,Extracellular matrix|Extracellular space/secreted,Swiss-Prot,70
P13473,True,,9606,Extracellular space,,Swiss-Prot,70
O00755,True,Secreted Factors|Matrisome-associated,9606,Extracellular matrix|Extracellular region|Extracellular space,Extracellular matrix|Extracellular space/secreted,Swiss-Prot,70
Q8IWY4,True,Secreted Factors|Matrisome-associated,9606,Extracellular space,Extracellular space/secreted,Swiss-Prot,69
P58166,True,Secreted Factors|Matrisome-associated,9606,Extracellular space,Extracellular space/secreted,Swiss-Prot,69
Q9Y5R8,True,,9606,Extracellular region,,Swiss-Prot,69
Q8WX77,True,ECM Glycoproteins|Core matrisome,9606,Extracellular space,Extracellular space/secreted,Swiss-Prot,69
P41221,True,Secreted Factors|Matrisome-associated,9606,Extracellular matrix|Extracellular region|Extracellular space,Extracellular matrix|Extracellular space/secreted,Swiss-Prot,69
Q9UIW2,False,ECM-affiliated Proteins|Matrisome-associated,9606,,,Swiss-Prot,69
P00973,True,,9606,Extracellular region,Extracellular space/secreted,Swiss-Prot,69
Q16552,True,Secreted Factors|Matrisome-associated,9606,Extracellular region|Extracellular space,Extracellular space/secreted,Swiss-Prot,69
P15509,True,,9606,Extracellular region,Extracellular space/secreted,Swiss-Prot,69
Q9NTK5,True,,9606,Extracellular region,,Swiss-Prot,69
Q10472,True,,9606,Extracellular region,Extracellular space/secreted,Swiss-Prot,69
Q9Y5J9,True,,9606,Extracellular space,,Swiss-Prot,69
P13929,True,,9606,Extracellular space,,Swiss-Prot,69
P32856,True,,9606,Extracellular space,,Swiss-Prot,68
O15232,True,ECM Glycoproteins|Core matrisome,9606,Extracellular matrix|Extracellular region,Extracellular space/secreted,Swiss-Prot,68
P16035,True,ECM Regulators|Matrisome-associated,9606,Extracellular matrix|Extracellular region|Extracellular space,Extracellular space/secreted,Swiss-Prot,68
P07686,True,,9606,Extracellular region,,Swiss-Prot,68
Q16627,True,Secreted Factors|Matrisome-associated,9606,Extracellular space,Extracellular space/secreted,Swiss-Prot,68
P03956,True,ECM Regulators|Matrisome-associated,9606,Extracellular matrix|Extracellular region|Extracellular space,Extracellular matrix|Extracellular space/secreted,Swiss-Prot,68
Q6NT52,True,,9606,Extracellular space,Extracellular space/secreted,Swiss-Prot,68
P11686,True,ECM-affiliated Proteins|Matrisome-associated,9606,Extracellular region|Extracellular space,Extracellular space/secreted,Swiss-Prot,68
Q06136,True,,9606,Extracellular space,,Swiss-Prot,68
Q9GZX6,True,Secreted Factors|Matrisome-associated,9606,Extracellular region|Extracellular space,Extracellular space/secreted,Swiss-Prot,68
Q9P126,False,ECM-affiliated Proteins|Matrisome-associated,9606,,,Swiss-Prot,68
P02748,True,,9606,Extracellular region|Extracellular space,Extracellular space/secreted,Swiss-Prot,68
Q6UWN0,True,,9606,Extracellular region,,Swiss-Prot,68
P01701,True,,9606,Extracellular region|Extracellular space,Extracellular space/secreted,Swiss-Prot,68
Q6UY14,True,ECM Regulators|Matrisome-associated,9606,Extracellular region,Extracellular matrix|Extracellular space/secreted,Swiss-Prot,67
Q92913,False,Secreted Factors|Matrisome-associated,9606,,,Swiss-Prot,67
Q9GZP0,True,Secreted Factors|Matrisome-associated,9606,Extracellular region|Extracellular space,Extracellular space/secreted,Swiss-Prot,67
O43915,True,,9606,Extracellular region|Extracellular space,Extracellular space/secreted,Swiss-Prot,67
Q15238,True,,9606,Extracellular region,Extracellular space/secreted,Swiss-Prot,67
O60911,True,ECM Regulators|Matrisome-associated,9606,Extracellular region|Extracellular space,,Swiss-Prot,67
Q9UIQ6,True,,9606,Extracellular region,Extracellular space/secreted,Swiss-Prot,67
Q9UK55,True,ECM Regulators|Matrisome-associated,9606,Extracellular space,Extracellular space/secreted,Swiss-Prot,67
Q8WXX5,True,,9606,Extracellular space,,Swiss-Prot,67
P24347,True,ECM Regulators|Matrisome-associated,9606,Extracellular matrix|Extracellular region|Extracellular space,Extracellular matrix|Extracellular space/secreted,Swiss-Prot,67
Q9NYA4,True,,9606,Extracellular space,,Swiss-Prot,67
Q96FZ5,True,,9606,Extracellular space,,Swiss-Prot,67
P01215,True,,9606,Extracellular region|Extracellular space,Extracellular space/secreted,Swiss-Prot,67
P55789,True,,9606,Extracellular space,Extracellular space/secreted,Swiss-Prot,67
P08493,True,ECM Glycoproteins|Core matrisome,9606,Extracellular matrix,Extracellular space/secreted,Swiss-Prot,66
P28300,True,ECM Regulators|Matrisome-associated,9606,Extracellular region|Extracellular space,Extracellular space/secreted,Swiss-Prot,66
O76076,True,,9606,Extracellular matrix|Extracellular space,Extracellular space/secreted,Swiss-Prot,66
Q8TC99,False,ECM Glycoproteins|Core matrisome,9606,,,Swiss-Prot,66
Q9Y4B5,True,,9606,Extracellular space,,Swiss-Prot,66
P22303,True,,9606,Basement membrane|Extracellular region|Extracellular space,Extracellular space/secreted,Swiss-Prot,66
P05060,True,,9606,Extracellular space,Extracellular space/secreted,Swiss-Prot,66
O00391,True,,9606,Extracellular region|Extracellular space,Extracellular space/secreted,Swiss-Prot,66
O94907,True,,9606,Extracellular region|Extracellular space,Extracellular space/secreted,Swiss-Prot,66
P00450,True,,9606,Extracellular region|Extracellular space,Extracellular space/secreted,Swiss-Prot,66
P08133,False,ECM-affiliated Proteins|Matrisome-associated,9606,,,Swiss-Prot,66
Q8N1N0,False,ECM-affiliated Proteins|Matrisome-associated,9606,,,Swiss-Prot,66
P01036,True,ECM Regulators|Matrisome-associated,9606,Extracellular space,Extracellular space/secreted,Swiss-Prot,66
A1KZ92,True,ECM Glycoproteins|Core matrisome,9606,Extracellular space,Extracellular space/secreted,Swiss-Prot,66
P20396,True,,9606,Extracellular region,Extracellular space/secreted,Swiss-Prot,66
P35573,True,,9606,Extracellular region,,Swiss-Prot,66
P00491,True,,9606,Extracellular region,,Swiss-Prot,65
Q03167,True,,9606,Extracellular space,Extracellular matrix|Extracellular space/secreted,Swiss-Prot,65
P27487,True,,9606,Extracellular region,Extracellular space/secreted,Swiss-Prot,65
Q17RW2,True,Collagens|Core matrisome,9606,Extracellular region|Extracellular space,Extracellular matrix|Extracellular space/secreted,Swiss-Prot,65
Q7Z4W2,True,,9606,Extracellular region,Extracellular space/secreted,Swiss-Prot,65
P22894,True,ECM Regulators|Matrisome-associated,9606,Extracellular region|Extracellular space,Extracellular matrix|Extracellular space/secreted,Swiss-Prot,65
O14558,True,,9606,Extracellular region,Extracellular space/secreted,Swiss-Prot,65
Q92563,True,Proteoglycans|Core matrisome,9606,Extracellular matrix|Extracellular region,Extracellular matrix|Extracellular space/secreted,Swiss-Prot,65
Q9C0C4,True,ECM-affiliated Proteins|Matrisome-associated,9606,Extracellular space,,Swiss-Prot,65
Q8N149,True,,9606,Extracellular region,Extracellular space/secreted,Swiss-Prot,65
P63278,True,,10116,Basement membrane|Extracellular region,Extracellular matrix|Extracellular space/secreted,Swiss-Prot,65
Q7Z5G4,True,,9606,Extracellular region,,Swiss-Prot,65
O15467,True,Secreted Factors|Matrisome-associated,9606,Extracellular region|Extracellular space,Extracellular space/secreted,Swiss-Prot,65
Q9UBD3,True,Secreted Factors|Matrisome-associated,9606,Extracellular region|Extracellular space,Extracellular space/secreted,Swiss-Prot,65
Q9Y2I2,True,ECM Glycoproteins|Core matrisome,9606,Extracellular region,,Swiss-Prot,65
Q92854,True,ECM-affiliated Proteins|Matrisome-associated,9606,Extracellular space,,Swiss-Prot,65
Q92583,True,Secreted Factors|Matrisome-associated,9606,Extracellular region|Extracellular space,Extracellular space/secreted,Swiss-Prot,64
Q6DKI2,False,ECM-affiliated Proteins|Matrisome-associated,9606,,,Swiss-Prot,64
P46976,True,,9606,Extracellular region,,Swiss-Prot,64
P48509,True,,9606,Basement membrane,,Swiss-Prot,64
Q96DA0,True,,9606,Extracellular space,Extracellular space/secreted,Swiss-Prot,64
Q92765,True,Secreted Factors|Matrisome-associated,9606,Extracellular space,Extracellular space/secreted,Swiss-Prot,64
P62861,True,,9606,Extracellular space,,Swiss-Prot,64
P08519,True,ECM Regulators|Matrisome-associated,9606,Extracellular region|Extracellular space,,Swiss-Prot,64
O95998,True,,9606,Extracellular region|Extracellular space,Extracellular space/secreted,Swiss-Prot,64
Q8TDF5,True,,9606,Extracellular region,Extracellular space/secreted,Swiss-Prot,64
Q9BXN1,True,Proteoglycans|Core matrisome,9606,Extracellular matrix|Extracellular space,Extracellular matrix|Extracellular space/secreted,Swiss-Prot,63
O75610,True,Secreted Factors|Matrisome-associated,9606,Extracellular space,Extracellular space/secreted,Swiss-Prot,63
P17927,True,,9606,Extracellular space,,Swiss-Prot,63
P30740,True,ECM Regulators|Matrisome-associated,9606,Extracellular region|Extracellular space,Extracellular space/secreted,Swiss-Prot,63
P16444,True,,9606,Extracellular space,,Swiss-Prot,63
Q96DN2,True,ECM Glycoproteins|Core matrisome,9606,Extracellular region,Extracellular space/secreted,Swiss-Prot,63
P01601,True,,9606,Extracellular region|Extracellular space,Extracellular space/secreted,Swiss-Prot,63
P30044,True,,9606,Extracellular space,,Swiss-Prot,63
P45452,True,ECM Regulators|Matrisome-associated,9606,Extracellular matrix|Extracellular region|Extracellular space,Extracellular matrix|Extracellular space/secreted,Swiss-Prot,63
P0CG04,True,,9606,Extracellular region|Extracellular space,Extracellular space/secreted,Swiss-Prot,62
P19957,True,ECM Regulators|Matrisome-associated,9606,Extracellular matrix|Extracellular region|Extracellular space,Extracellular space/secreted,Swiss-Prot,62
Q5GFL6,True,ECM Glycoproteins|Core matrisome,9606,Basement membrane|Extracellular space,Extracellular space/secreted,Swiss-Prot,62
Q6KF10,True,Secreted Factors|Matrisome-associated,9606,Extracellular space,Extracellular space/secreted,Swiss-Prot,62
Q9BUD6,True,ECM Glycoproteins|Core matrisome,9606,Extracellular matrix,Extracellular matrix|Extracellular space/secreted,Swiss-Prot,62
P78386,True,,9606,Extracellular space,,Swiss-Prot,62
Q9BZ76,True,,9606,Extracellular region,Extracellular space/secreted,Swiss-Prot,62
P20849,True,Collagens|Core matrisome,9606,Extracellular region|Extracellular space,Extracellular matrix|Extracellular space/secreted,Swiss-Prot,62
P01229,True,,9606,Extracellular region|Extracellular space,Extracellular space/secreted,Swiss-Prot,62
O95450,True,ECM Regulators|Matrisome-associated,9606,Extracellular matrix|Extracellular region,Extracellular matrix|Extracellular space/secreted,Swiss-Prot,62
P15812,True,,9606,Extracellular space,,Swiss-Prot,62
P01877,True,,9606,Extracellular region|Extracellular space,Extracellular space/secreted,Swiss-Prot,62
Q969J5,True,,9606,Extracellular region|Extracellular space,Extracellular space/secreted,Swiss-Prot,62
P01350,True,,9606,Extracellular region|Extracellular space,Extracellular space/secreted,Swiss-Prot,62
Q6ZRP7,True,,9606,Extracellular space,Extracellular space/secreted,Swiss-Prot,62
Q13591,False,ECM-affiliated Proteins|Matrisome-associated,9606,,,Swiss-Prot,61
Q86YD3,True,,9606,Extracellular region,Extracellular space/secreted,Swiss-Prot,61
Q8N302,True,,9606,Extracellular region,Extracellular space/secreted,Swiss-Prot,61
P40225,True,Secreted Factors|Matrisome-associated,9606,Extracellular region|Extracellular space,Extracellular space/secreted,Swiss-Prot,61
Q6PCB0,True,ECM Glycoproteins|Core matrisome,9606,Basement membrane|Extracellular space,Basement membrane|Extracellular matrix|Extracellular space/secreted,Swiss-Prot,61
P06858,True,,9606,Extracellular region|Extracellular space,Extracellular matrix|Extracellular space/secreted,Swiss-Prot,61
O75973,False,ECM-affiliated Proteins|Matrisome-associated,9606,,Extracellular space/secreted,Swiss-Prot,61
Q03169,True,,9606,Extracellular space,,Swiss-Prot,61
Q32P28,True,,9606,,Extracellular matrix|Extracellular space/secreted,Swiss-Prot,61
O35658,True,,10090,Extracellular space,Extracellular space/secreted,Swiss-Prot,61
Q99542,True,ECM Regulators|Matrisome-associated,9606,Extracellular matrix|Extracellular region|Extracellular space,Extracellular matrix|Extracellular space/secreted,Swiss-Prot,61
O76096,True,ECM Regulators|Matrisome-associated,9606,Extracellular space,Extracellular space/secreted,Swiss-Prot,60
Q49AN0,True,,9606,Extracellular region,,Swiss-Prot,60
P01135,True,Secreted Factors|Matrisome-associated,9606,Extracellular region|Extracellular space,Extracellular space/secreted,Swiss-Prot,60
P01225,True,,9606,Extracellular region|Extracellular space,Extracellular space/secreted,Swiss-Prot,60
P07093,True,ECM Regulators|Matrisome-associated,9606,Extracellular region|Extracellular space,Extracellular space/secreted,Swiss-Prot,60
P56470,True,ECM-affiliated Proteins|Matrisome-associated,9606,Extracellular space,,Swiss-Prot,60
P01344,True,Secreted Factors|Matrisome-associated,9606,Extracellular region|Extracellular space,Extracellular space/secreted,Swiss-Prot,60
P06737,True,,9606,Extracellular region,,Swiss-Prot,60
Q9UGI9,True,,9606,Extracellular space,,Swiss-Prot,60
Q9UKI3,True,,9606,Extracellular region|Extracellular space,,Swiss-Prot,60
P10720,True,Secreted Factors|Matrisome-associated,9606,Extracellular space,Extracellular space/secreted,Swiss-Prot,60
P16278,True,,9606,Extracellular region,,Swiss-Prot,60
P09055,True,,10090,Basement membrane,,Swiss-Prot,59
Q02818,True,,9606,Extracellular space,Extracellular space/secreted,Swiss-Prot,59
Q9H7Z7,True,,9606,Extracellular region,,Swiss-Prot,59
P08637,True,,9606,Extracellular space,Extracellular space/secreted,Swiss-Prot,59
P39900,True,ECM Regulators|Matrisome-associated,9606,Extracellular matrix|Extracellular region|Extracellular space,Extracellular matrix|Extracellular space/secreted,Swiss-Prot,59
Q5T4F7,True,Secreted Factors|Matrisome-associated,9606,Extracellular space,Extracellular space/secreted,Swiss-Prot,59
Q6UWY5,True,,9606,Extracellular space,Extracellular space/secreted,Swiss-Prot,59
Q05996,True,ECM Glycoproteins|Core matrisome,9606,Extracellular region,Extracellular matrix|Extracellular space/secreted,Swiss-Prot,59
P20783,True,Secreted Factors|Matrisome-associated,9606,Extracellular region|Extracellular space,Extracellular space/secreted,Swiss-Prot,59
Q9UKJ8,False,ECM Regulators|Matrisome-associated,9606,,,Swiss-Prot,59
P78385,True,,9606,Extracellular space,,Swiss-Prot,59
P32971,True,Secreted Factors|Matrisome-associated,9606,Extracellular space,,Swiss-Prot,59
Q9UBI1,True,,9606,Extracellular region,,Swiss-Prot,59
Q86Z23,True,ECM-affiliated Proteins|Matrisome-associated,9606,Extracellular space,Extracellular space/secreted,Swiss-Prot,59
P04054,True,,9606,Extracellular region|Extracellular space,Extracellular space/secreted,Swiss-Prot,58
Q6UX27,True,,9606,Extracellular space,Extracellular space/secreted,Swiss-Prot,58
A6NKQ9,True,,9606,Extracellular space,Extracellular space/secreted,Swiss-Prot,58
Q07283,False,Secreted Factors|Matrisome-associated,9606,,,Swiss-Prot,58
Q8IUR7,True,,9606,Extracellular region,,Swiss-Prot,58
P29017,True,,9606,Extracellular space,,Swiss-Prot,58
Q14993,True,Collagens|Core matrisome,9606,Extracellular matrix|Extracellular region|Extracellular space,Extracellular matrix|Extracellular space/secreted,Swiss-Prot,58
Q96DZ9,True,,9606,Extracellular space,,Swiss-Prot,58
Q9UMD9,True,Collagens|Core matrisome,9606,Basement membrane|Extracellular region|Extracellular space,Basement membrane|Extracellular matrix|Extracellular space/secreted,Swiss-Prot,58
Q7L985,True,,9606,Extracellular matrix|Extracellular space,,Swiss-Prot,58
P09104,True,,9606,Extracellular space,,Swiss-Prot,58
Q14392,True,,9606,Extracellular matrix|Extracellular space,,Swiss-Prot,58
Q9NRJ3,True,Secreted Factors|Matrisome-associated,9606,Extracellular region,Extracellular space/secreted,Swiss-Prot,58
Q13046,True,,9606,Extracellular region,Extracellular space/secreted,Swiss-Prot,58
Q6UXN8,False,ECM-affiliated Proteins|Matrisome-associated,9606,,,Swiss-Prot,58
P16619,True,Secreted Factors|Matrisome-associated,9606,Extracellular region|Extracellular space,Extracellular space/secreted,Swiss-Prot,57
Q96LC7,True,,9606,Extracellular region,Extracellular space/secreted,Swiss-Prot,57
Q8WTT0,False,ECM-affiliated Proteins|Matrisome-associated,9606,,,Swiss-Prot,57
P20851,True,,9606,Extracellular region|Extracellular space,Extracellular space/secreted,Swiss-Prot,57
P26022,True,,9606,Extracellular matrix|Extracellular region|Extracellular space,Extracellular space/secreted,Swiss-Prot,57
Q96IY4,True,,9606,Extracellular region|Extracellular space,Extracellular space/secreted,Swiss-Prot,57
Q9BYF1,True,,9606,Extracellular region|Extracellular space,Extracellular space/secreted,Swiss-Prot,57
Q13421,True,,9606,Extracellular region,Extracellular space/secreted,Swiss-Prot,57
Q8TD07,True,,9606,Extracellular space,Extracellular space/secreted,Swiss-Prot,57
Q9H2U9,False,ECM Regulators|Matrisome-associated,9606,,,Swiss-Prot,57
Q16820,True,ECM Regulators|Matrisome-associated,9606,Extracellular region,Extracellular space/secreted,Swiss-Prot,57
Q7Z736,True,,9606,Extracellular space,,Swiss-Prot,57
P08254,True,ECM Regulators|Matrisome-associated,9606,Extracellular matrix|Extracellular region|Extracellular space,Extracellular matrix|Extracellular space/secreted,Swiss-Prot,57
Q9H306,True,ECM Regulators|Matrisome-associated,9606,Extracellular matrix|Extracellular space,,Swiss-Prot,57
P09237,True,ECM Regulators|Matrisome-associated,9606,Extracellular matrix|Extracellular region|Extracellular space,Extracellular matrix|Extracellular space/secreted,Swiss-Prot,57
P47710,True,,9606,Extracellular region|Extracellular space,Extracellular space/secreted,Swiss-Prot,57
Q9Y4K0,True,ECM Regulators|Matrisome-associated,9606,Basement membrane|Extracellular space,Basement membrane|Extracellular matrix|Extracellular space/secreted,Swiss-Prot,56
P05413,True,,9606,Extracellular space,,Swiss-Prot,56
P09603,True,Secreted Factors|Matrisome-associated,9606,Extracellular region|Extracellular space,Extracellular space/secreted,Swiss-Prot,56
Q6UW15,True,ECM-affiliated Proteins|Matrisome-associated,9606,Extracellular region|Extracellular space,Extracellular space/secreted,Swiss-Prot,56
Q92896,True,,9606,Extracellular matrix,,Swiss-Prot,56
P41271,True,,9606,Extracellular space,Extracellular space/secreted,Swiss-Prot,56
Q13275,True,ECM-affiliated Proteins|Matrisome-associated,9606,Extracellular space,Extracellular space/secreted,Swiss-Prot,56
Q8WXI8,False,ECM-affiliated Proteins|Matrisome-associated,9606,,,Swiss-Prot,55
Q9Y6I9,True,,9606,Extracellular region,,Swiss-Prot,55
Q9H173,True,,9606,Extracellular space,,Swiss-Prot,55
P32320,True,,9606,Extracellular region,,Swiss-Prot,55
P35318,True,,9606,Extracellular region|Extracellular space,Extracellular space/secreted,Swiss-Prot,55
Q9NWS9,True,,9606,Extracellular space,,Swiss-Prot,55
P05164,True,,9606,Extracellular region|Extracellular space,,Swiss-Prot,55
Q9Y5Q6,True,Secreted Factors|Matrisome-associated,9606,Extracellular region,Extracellular space/secreted,Swiss-Prot,55
O60733,True,,9606,Extracellular space,,Swiss-Prot,55
Q8TB22,True,,9606,Extracellular region,Extracellular space/secreted,Swiss-Prot,55
O75602,True,,9606,Extracellular region,,Swiss-Prot,55
O00754,True,,9606,Extracellular region|Extracellular space,,Swiss-Prot,55
Q9NXC2,True,,9606,Extracellular region,Extracellular space/secreted,Swiss-Prot,55
O95498,True,,9606,Extracellular region,,Swiss-Prot,55
Q9H013,False,ECM Regulators|Matrisome-associated,9606,,,Swiss-Prot,55
P34820,True,Secreted Factors|Matrisome-associated,9606,Extracellular space,Extracellular space/secreted,Swiss-Prot,55
P05814,True,,9606,Extracellular region|Extracellular space,Extracellular space/secreted,Swiss-Prot,55
Q10471,True,,9606,Extracellular region,Extracellular space/secreted,Swiss-Prot,55
P16870,True,,9606,Extracellular space,Extracellular space/secreted,Swiss-Prot,55
Q00604,True,,9606,Extracellular space,Extracellular space/secreted,Swiss-Prot,55
Q8TC27,False,ECM Regulators|Matrisome-associated,9606,,,Swiss-Prot,55
Q9CW03,True,,10090,Basement membrane,,Swiss-Prot,54
Q5D862,True,Secreted Factors|Matrisome-associated,9606,Extracellular region,,Swiss-Prot,54
P51512,True,ECM Regulators|Matrisome-associated,9606,Extracellular matrix|Extracellular space,Extracellular matrix|Extracellular space/secreted,Swiss-Prot,54
Q6S8J3,True,,9606,Extracellular space,,Swiss-Prot,54
P0DN86,True,,9606,Extracellular region|Extracellular space,Extracellular space/secreted,Swiss-Prot,54
Q96JP5,False,Secreted Factors|Matrisome-associated,9606,,,Swiss-Prot,54
P11216,True,,9606,Extracellular region,,Swiss-Prot,54
Q6UX06,True,,9606,Extracellular region|Extracellular space,Extracellular space/secreted,Swiss-Prot,54
Q8N135,True,ECM Glycoproteins|Core matrisome,9606,Extracellular region|Extracellular space,Extracellular space/secreted,Swiss-Prot,53
Q9GZV7,True,Proteoglycans|Core matrisome,9606,Extracellular matrix|Extracellular space,Extracellular matrix|Extracellular space/secreted,Swiss-Prot,53
P06276,True,,9606,Extracellular region|Extracellular space,Extracellular space/secreted,Swiss-Prot,53
P23435,True,Secreted Factors|Matrisome-associated,9606,Extracellular region,Extracellular space/secreted,Swiss-Prot,53
Q01469,True,,9606,Extracellular region,Extracellular space/secreted,Swiss-Prot,53
Q12907,True,,9606,Extracellular space,,Swiss-Prot,53
Q14766,True,ECM Glycoproteins|Core matrisome,9606,Extracellular matrix|Extracellular region,Extracellular matrix|Extracellular space/secreted,Swiss-Prot,53
P06732,True,,9606,Extracellular space,,Swiss-Prot,53
P02774,True,,9606,Extracellular region|Extracellular space,Extracellular space/secreted,Swiss-Prot,53
P18428,True,,9606,Extracellular region|Extracellular space,Extracellular space/secreted,Swiss-Prot,53
Q8TCT1,True,,9606,Extracellular matrix,,Swiss-Prot,53
Q9NYY1,True,Secreted Factors|Matrisome-associated,9606,Extracellular region|Extracellular space,Extracellular space/secreted,Swiss-Prot,53
O60575,True,,9606,Extracellular region,Extracellular space/secreted,Swiss-Prot,53
P19827,True,ECM Regulators|Matrisome-associated,9606,Extracellular region,Extracellular space/secreted,Swiss-Prot,53
Q99574,True,ECM Regulators|Matrisome-associated,9606,Extracellular space,Extracellular space/secreted,Swiss-Prot,53
O43790,True,,9606,Extracellular space,,Swiss-Prot,53
Q9UQ72,True,,9606,Extracellular region,Extracellular space/secreted,Swiss-Prot,52
Q14019,True,,9606,Extracellular region,,Swiss-Prot,52
P57796,True,,9606,Extracellular region,,Swiss-Prot,52
P78537,True,,9606,Extracellular space,,Swiss-Prot,52
Q86X52,True,,9606,Extracellular region,Extracellular space/secreted,Swiss-Prot,52
P05113,True,Secreted Factors|Matrisome-associated,9606,Extracellular region|Extracellular space,Extracellular space/secreted,Swiss-Prot,52
Q9NP95,True,Secreted Factors|Matrisome-associated,9606,Extracellular region|Extracellular space,Extracellular space/secreted,Swiss-Prot,52
Q9UKU9,True,Secreted Factors|Matrisome-associated,9606,Extracellular space,Extracellular space/secreted,Swiss-Prot,52
P61278,True,,9606,Extracellular region|Extracellular space,Extracellular space/secreted,Swiss-Prot,52
P04432,True,,9606,Extracellular region|Extracellular space,Extracellular space/secreted,Swiss-Prot,52
O76009,True,,9606,Extracellular space,,Swiss-Prot,52
O15444,True,Secreted Factors|Matrisome-associated,9606,Extracellular region|Extracellular space,Extracellular space/secreted,Swiss-Prot,52
Q9UBT3,True,,9606,Extracellular space,Extracellular space/secreted,Swiss-Prot,52
P01178,True,,9606,Extracellular region|Extracellular space,Extracellular space/secreted,Swiss-Prot,52
P08228,True,,10090,Extracellular region|Extracellular space,,Swiss-Prot,52
Q9NS15,True,ECM Glycoproteins|Core matrisome,9606,Extracellular region,Extracellular matrix|Extracellular space/secreted,Swiss-Prot,51
Q9NS71,True,,9606,Extracellular region|Extracellular space,Extracellular space/secreted,Swiss-Prot,51
Q6EIG7,False,ECM-affiliated Proteins|Matrisome-associated,9606,,,Swiss-Prot,51
Q8WXS8,True,ECM Regulators|Matrisome-associated,9606,Extracellular matrix|Extracellular region,Extracellular matrix|Extracellular space/secreted,Swiss-Prot,51
P55145,True,,9606,Extracellular region|Extracellular space,Extracellular space/secreted,Swiss-Prot,51
P10153,True,,9606,Extracellular region|Extracellular space,,Swiss-Prot,51
P0DN87,True,,9606,Extracellular space,Extracellular space/secreted,Swiss-Prot,51
Q96LR4,True,,9606,Extracellular space,Extracellular space/secreted,Swiss-Prot,51
Q08188,False,ECM Regulators|Matrisome-associated,9606,,,Swiss-Prot,51
Q07797,True,,10090,Extracellular space,Extracellular matrix|Extracellular space/secreted,Swiss-Prot,51
Q14508,True,,9606,Extracellular space,Extracellular space/secreted,Swiss-Prot,51
Q13018,True,,9606,Extracellular region,Extracellular space/secreted,Swiss-Prot,51
P09960,True,,9606,Extracellular region,,Swiss-Prot,51
Q9UI42,True,,9606,Extracellular space,Extracellular space/secreted,Swiss-Prot,51
P07711,True,ECM Regulators|Matrisome-associated,9606,Extracellular region|Extracellular space,Extracellular space/secreted,Swiss-Prot,51
P09668,True,ECM Regulators|Matrisome-associated,9606,Extracellular region|Extracellular space,,Swiss-Prot,51
P11836,True,,9606,Extracellular space,,Swiss-Prot,51
O75976,True,,9606,Extracellular space,,Swiss-Prot,51
P02808,True,,9606,Extracellular region,Extracellular space/secreted,Swiss-Prot,51
Q6WRI0,True,ECM Glycoproteins|Core matrisome,9606,Extracellular region,Extracellular space/secreted,Swiss-Prot,50
P16150,True,,9606,Basement membrane|Extracellular space,,Swiss-Prot,50
Q9BY76,True,Secreted Factors|Matrisome-associated,9606,Extracellular region|Extracellular space,Extracellular matrix|Extracellular space/secreted,Swiss-Prot,50
P07741,True,,9606,Extracellular region,,Swiss-Prot,50
P01833,True,,9606,Extracellular space,Extracellular space/secreted,Swiss-Prot,50
Q6UWQ5,True,,9606,Extracellular region,Extracellular space/secreted,Swiss-Prot,50
P30838,True,,9606,Extracellular space,,Swiss-Prot,50
O95980,True,,9606,Extracellular region,,Swiss-Prot,50
P09919,True,Secreted Factors|Matrisome-associated,9606,Extracellular region|Extracellular space,Extracellular space/secreted,Swiss-Prot,50
Q9HCD5,True,,9606,Extracellular space,,Swiss-Prot,50
P25713,True,,9606,Extracellular space,,Swiss-Prot,50
Q9BYZ8,True,ECM-affiliated Proteins|Matrisome-associated,9606,Extracellular region,Extracellular space/secreted,Swiss-Prot,50
O75078,False,ECM Regulators|Matrisome-associated,9606,,,Swiss-Prot,50
Q9Y6Z7,True,ECM-affiliated Proteins|Matrisome-associated,9606,Extracellular region|Extracellular space,Extracellular space/secreted,Swiss-Prot,50
Q9BWP8,True,ECM-affiliated Proteins|Matrisome-associated,9606,Extracellular region|Extracellular space,Extracellular space/secreted,Swiss-Prot,50
Q9BS40,True,,9606,Extracellular space,,Swiss-Prot,50
Q15063,True,ECM Glycoproteins|Core matrisome,9606,Extracellular matrix|Extracellular space,Extracellular matrix|Extracellular space/secreted,Swiss-Prot,50
P09238,True,ECM Regulators|Matrisome-associated,9606,Extracellular matrix|Extracellular region|Extracellular space,Extracellular matrix|Extracellular space/secreted,Swiss-Prot,50
P68402,True,,9606,Extracellular region,,Swiss-Prot,50
P10619,True,ECM Regulators|Matrisome-associated,9606,Extracellular region,,Swiss-Prot,50
Q9UBR2,True,ECM Regulators|Matrisome-associated,9606,Extracellular region|Extracellular space,,Swiss-Prot,50
Q12884,True,,9606,Extracellular space,Extracellular space/secreted,Swiss-Prot,50
P54315,True,,9606,Extracellular region,Extracellular space/secreted,Swiss-Prot,50
P02656,True,,9606,Extracellular region|Extracellular space,Extracellular space/secreted,Swiss-Prot,50
P50452,True,ECM Regulators|Matrisome-associated,9606,Extracellular space,,Swiss-Prot,49
Q8N436,True,,9606,Extracellular space,Extracellular space/secreted,Swiss-Prot,49
O00533,True,,9606,,Extracellular matrix|Extracellular space/secreted,Swiss-Prot,49
P22413,True,,9606,Extracellular space,Extracellular space/secreted,Swiss-Prot,49
P20023,True,,9606,Extracellular space,,Swiss-Prot,49
P04433,True,,9606,Extracellular region|Extracellular space,Extracellular space/secreted,Swiss-Prot,49
Q76LX8,True,ECM Regulators|Matrisome-associated,9606,Extracellular matrix|Extracellular space,Extracellular space/secreted,Swiss-Prot,49
Q9ULZ1,True,,9606,Extracellular region|Extracellular space,Extracellular space/secreted,Swiss-Prot,49
P47989,True,,9606,Extracellular space,Extracellular space/secreted,Swiss-Prot,49
Q9BSW2,True,,9606,Extracellular region,,Swiss-Prot,48
Q9UGM5,True,,9606,Extracellular region,Extracellular space/secreted,Swiss-Prot,48
O43508,True,Secreted Factors|Matrisome-associated,9606,Extracellular region|Extracellular space,Extracellular space/secreted,Swiss-Prot,48
Q96SM3,True,,9606,Extracellular space,Extracellular space/secreted,Swiss-Prot,48
O75830,True,ECM Regulators|Matrisome-associated,9606,Extracellular space,Extracellular space/secreted,Swiss-Prot,48
P55774,True,Secreted Factors|Matrisome-associated,9606,Extracellular space,Extracellular space/secreted,Swiss-Prot,48
P10767,True,Secreted Factors|Matrisome-associated,9606,Extracellular region|Extracellular space,Extracellular space/secreted,Swiss-Prot,48
O15537,True,,9606,Extracellular space,Extracellular space/secreted,Swiss-Prot,48
Q8WXU2,True,,9606,Extracellular region,,Swiss-Prot,48
P20366,True,,9606,Extracellular region|Extracellular space,Extracellular space/secreted,Swiss-Prot,48
P50995,False,ECM-affiliated Proteins|Matrisome-associated,9606,,,Swiss-Prot,48
Q96DX4,True,,9606,Extracellular region,Extracellular space/secreted,Swiss-Prot,47
P35237,True,ECM Regulators|Matrisome-associated,9606,Extracellular region|Extracellular space,,Swiss-Prot,47
Q16769,True,,9606,Extracellular region,Extracellular space/secreted,Swiss-Prot,47
Q96P63,True,ECM Regulators|Matrisome-associated,9606,Extracellular space,,Swiss-Prot,47
P01780,True,,9606,Extracellular region,Extracellular space/secreted,Swiss-Prot,47
Q9BVM2,True,,9606,Extracellular region,,Swiss-Prot,47
Q9H324,True,ECM Regulators|Matrisome-associated,9606,Extracellular matrix|Extracellular region,Extracellular matrix|Extracellular space/secreted,Swiss-Prot,47
O96014,True,Secreted Factors|Matrisome-associated,9606,Extracellular matrix|Extracellular region|Extracellular space,Extracellular matrix|Extracellular space/secreted,Swiss-Prot,47
O75173,True,ECM Regulators|Matrisome-associated,9606,Extracellular matrix|Extracellular region|Extracellular space,Extracellular matrix|Extracellular space/secreted,Swiss-Prot,47
P23510,True,Secreted Factors|Matrisome-associated,9606,Extracellular space,,Swiss-Prot,47
Q9BXJ3,True,ECM-affiliated Proteins|Matrisome-associated,9606,Extracellular space,Extracellular space/secreted,Swiss-Prot,47
Q8IUK8,True,Secreted Factors|Matrisome-associated,9606,Extracellular space,Extracellular space/secreted,Swiss-Prot,47
Q9NTU7,True,Secreted Factors|Matrisome-associated,9606,Extracellular region|Extracellular space,Extracellular space/secreted,Swiss-Prot,47
Q9H400,True,,9606,Extracellular space,,Swiss-Prot,47
Q92915,False,Secreted Factors|Matrisome-associated,9606,,,Swiss-Prot,47
O14514,True,,9606,Extracellular space,Extracellular space/secreted,Swiss-Prot,47
Q86T13,False,ECM-affiliated Proteins|Matrisome-associated,9606,,,Swiss-Prot,47
Q9BXJ5,True,ECM-affiliated Proteins|Matrisome-associated,9606,Extracellular region,Extracellular space/secreted,Swiss-Prot,47
Q96JB6,True,ECM Regulators|Matrisome-associated,9606,Extracellular space,Extracellular space/secreted,Swiss-Prot,47
Q9H1B5,True,,9606,Extracellular space,Extracellular space/secreted,Swiss-Prot,47
Q86SG5,True,Secreted Factors|Matrisome-associated,9606,Extracellular space,,Swiss-Prot,46
Q08493,True,,9606,Extracellular space,,Swiss-Prot,46
P06331,True,,9606,Extracellular region,Extracellular space/secreted,Swiss-Prot,46
P15121,True,,9606,Extracellular space,,Swiss-Prot,46
Q8NFW1,True,Collagens|Core matrisome,9606,Extracellular region|Extracellular space,Extracellular matrix|Extracellular space/secreted,Swiss-Prot,46
P35052,True,ECM-affiliated Proteins|Matrisome-associated,9606,Extracellular matrix|Extracellular region|Extracellular space,Extracellular space/secreted,Swiss-Prot,46
Q96S42,True,Secreted Factors|Matrisome-associated,9606,Extracellular space,Extracellular space/secreted,Swiss-Prot,46
O14791,True,,9606,Extracellular region|Extracellular space,Extracellular space/secreted,Swiss-Prot,46
P28676,True,,9606,Extracellular region,,Swiss-Prot,46
P56705,True,Secreted Factors|Matrisome-associated,9606,Extracellular matrix|Extracellular region|Extracellular space,Extracellular matrix|Extracellular space/secreted,Swiss-Prot,46
Q8ND30,True,,9606,Extracellular space,,Swiss-Prot,46
P10915,True,Proteoglycans|Core matrisome,9606,Extracellular matrix|Extracellular region|Extracellular space,Extracellular matrix|Extracellular space/secreted,Swiss-Prot,46
O43320,True,Secreted Factors|Matrisome-associated,9606,Extracellular region|Extracellular space,Extracellular space/secreted,Swiss-Prot,46
Q6UXV4,True,,9606,Extracellular region,,Swiss-Prot,46
P16671,True,,9606,Extracellular space,,Swiss-Prot,46
O95897,True,,9606,Extracellular region|Extracellular space,Extracellular space/secreted,Swiss-Prot,45
P59510,True,ECM Regulators|Matrisome-associated,9606,Extracellular matrix|Extracellular space,Extracellular matrix|Extracellular space/secreted,Swiss-Prot,45
P35556,True,ECM Glycoproteins|Core matrisome,9606,Extracellular matrix|Extracellular region,Extracellular matrix|Extracellular space/secreted,Swiss-Prot,45
Q9NZH0,True,,9606,Extracellular space,,Swiss-Prot,45
Q8TE73,True,,9606,Extracellular region,,Swiss-Prot,45
P12273,True,,9606,Extracellular region|Extracellular space,Extracellular space/secreted,Swiss-Prot,45
P12724,True,,9606,Extracellular region|Extracellular space,Extracellular space/secreted,Swiss-Prot,45
Q6XE38,True,,9606,Extracellular space,Extracellular space/secreted,Swiss-Prot,45
Q969H8,True,,9606,Extracellular space,Extracellular space/secreted,Swiss-Prot,45
Q96JA1,True,,9606,Extracellular matrix|Extracellular space,,Swiss-Prot,45
Q86XX4,True,ECM Glycoproteins|Core matrisome,9606,Basement membrane,,Swiss-Prot,45
Q8NEP3,True,,9606,Extracellular region,,Swiss-Prot,45
O15335,True,Proteoglycans|Core matrisome,9606,Extracellular matrix|Extracellular space,Extracellular matrix|Extracellular space/secreted,Swiss-Prot,45
Q04900,True,,9606,Extracellular region,Extracellular space/secreted,Swiss-Prot,45
Q15828,False,ECM Regulators|Matrisome-associated,9606,,Extracellular space/secreted,Swiss-Prot,45
P78325,False,ECM Regulators|Matrisome-associated,9606,,,Swiss-Prot,45
A6NMZ7,True,Collagens|Core matrisome,9606,Extracellular matrix|Extracellular region,Extracellular matrix|Extracellular space/secreted,Swiss-Prot,45
P55058,True,,9606,Extracellular region|Extracellular space,Extracellular space/secreted,Swiss-Prot,45
P09110,True,,9606,Extracellular region,,Swiss-Prot,45
P11465,True,,9606,Extracellular region,Extracellular space/secreted,Swiss-Prot,45
Q9GZZ8,True,,9606,Extracellular region|Extracellular space,Extracellular space/secreted,Swiss-Prot,44
Q9UIV8,True,ECM Regulators|Matrisome-associated,9606,Extracellular space,,Swiss-Prot,44
Q8NFY4,False,ECM-affiliated Proteins|Matrisome-associated,9606,,,Swiss-Prot,44
P29122,True,ECM Regulators|Matrisome-associated,9606,Extracellular region|Extracellular space,Extracellular space/secreted,Swiss-Prot,44
P17900,True,,9606,Extracellular region,,Swiss-Prot,44
P55087,True,,9606,Extracellular region,,Swiss-Prot,44
Q9UNK4,True,,9606,Extracellular region,Extracellular space/secreted,Swiss-Prot,44
P01567,True,Secreted Factors|Matrisome-associated,9606,Extracellular region|Extracellular space,Extracellular space/secreted,Swiss-Prot,44
P15289,True,,9606,Extracellular region,,Swiss-Prot,44
P17405,True,,9606,Extracellular space,Extracellular space/secreted,Swiss-Prot,44
O75828,True,,9606,Extracellular space,,Swiss-Prot,44
Q9UNG2,True,Secreted Factors|Matrisome-associated,9606,Extracellular space,,Swiss-Prot,44
Q5VY80,True,,9606,Extracellular region|Extracellular space,,Swiss-Prot,43
P07141,True,Secreted Factors|Matrisome-associated,10090,Extracellular region|Extracellular space,Extracellular space/secreted,Swiss-Prot,43
P81534,True,,9606,Extracellular region|Extracellular space,Extracellular space/secreted,Swiss-Prot,43
P02763,True,,9606,Extracellular region|Extracellular space,Extracellular space/secreted,Swiss-Prot,43
Q9UKQ2,True,ECM Regulators|Matrisome-associated,9606,Extracellular region,Extracellular space/secreted,Swiss-Prot,43
O43827,True,Secreted Factors|Matrisome-associated,9606,Extracellular region|Extracellular space,Extracellular space/secreted,Swiss-Prot,43
P16233,True,,9606,Extracellular region|Extracellular space,Extracellular space/secreted,Swiss-Prot,43
P98095,True,ECM Glycoproteins|Core matrisome,9606,Extracellular matrix|Extracellular region,Extracellular matrix|Extracellular space/secreted,Swiss-Prot,43
Q9Y6F9,True,Secreted Factors|Matrisome-associated,9606,Extracellular matrix|Extracellular region|Extracellular space,Extracellular matrix|Extracellular space/secreted,Swiss-Prot,43
O60542,True,Secreted Factors|Matrisome-associated,9606,Extracellular region|Extracellular space,Extracellular space/secreted,Swiss-Prot,43
Q9P0J7,True,,9606,Extracellular region,,Swiss-Prot,43
Q8IW75,True,ECM Regulators|Matrisome-associated,9606,Extracellular space,Extracellular space/secreted,Swiss-Prot,43
Q8TDJ6,True,,9606,Extracellular space,,Swiss-Prot,43
Q8NBX0,True,,9606,Extracellular region,,Swiss-Prot,43
Q9NPE2,True,,9606,Extracellular region,Extracellular space/secreted,Swiss-Prot,43
Q8WWU7,True,ECM-affiliated Proteins|Matrisome-associated,9606,Extracellular space,Extracellular space/secreted,Swiss-Prot,43
P04155,True,,9606,Extracellular region|Extracellular space,Extracellular space/secreted,Swiss-Prot,43
Q9UHV8,False,ECM-affiliated Proteins|Matrisome-associated,9606,,,Swiss-Prot,43
Q7Z5Y6,True,Secreted Factors|Matrisome-associated,9606,Extracellular space,Extracellular space/secreted,Swiss-Prot,43
Q9BZD6,True,,9606,Extracellular space,,Swiss-Prot,42
P24071,True,,9606,Extracellular region,Extracellular space/secreted,Swiss-Prot,42
Q96HD1,False,ECM Glycoproteins|Core matrisome,9606,,,Swiss-Prot,42
Q9BXJ4,True,ECM-affiliated Proteins|Matrisome-associated,9606,Extracellular space,Extracellular space/secreted,Swiss-Prot,42
Q9NYC9,True,,9606,Extracellular region,,Swiss-Prot,42
P48380,True,,9606,Extracellular region,,Swiss-Prot,42
P58397,True,ECM Regulators|Matrisome-associated,9606,Extracellular matrix|Extracellular region,Extracellular matrix|Extracellular space/secreted,Swiss-Prot,42
Q8TF66,True,,9606,Extracellular matrix|Extracellular space,,Swiss-Prot,42
Q8IZU9,True,,9606,Extracellular region,Extracellular space/secreted,Swiss-Prot,42
P04628,True,Secreted Factors|Matrisome-associated,9606,Extracellular region|Extracellular space,Extracellular matrix|Extracellular space/secreted,Swiss-Prot,42
Q9Y215,True,ECM Glycoproteins|Core matrisome,9606,Basement membrane|Extracellular space,,Swiss-Prot,42
Q01113,True,,9606,Extracellular space,Extracellular space/secreted,Swiss-Prot,42
Q2HXU8,False,ECM-affiliated Proteins|Matrisome-associated,9606,,,Swiss-Prot,42
Q96G03,True,,9606,Extracellular region,,Swiss-Prot,42
Q9UNA0,True,ECM Regulators|Matrisome-associated,9606,Extracellular matrix|Extracellular region|Extracellular space,Extracellular matrix|Extracellular space/secreted,Swiss-Prot,42
P19823,True,ECM Regulators|Matrisome-associated,9606,Extracellular region,Extracellular space/secreted,Swiss-Prot,42
Q01524,True,,9606,Extracellular region|Extracellular space,Extracellular space/secreted,Swiss-Prot,42
P09466,True,,9606,Extracellular region,Extracellular space/secreted,Swiss-Prot,42
Q9Y5X9,True,,9606,Extracellular region|Extracellular space,Extracellular space/secreted,Swiss-Prot,42
Q99965,False,ECM Regulators|Matrisome-associated,9606,,,Swiss-Prot,41
A8TX70,True,Collagens|Core matrisome,9606,Extracellular region,Extracellular matrix|Extracellular space/secreted,Swiss-Prot,41
Q03591,True,,9606,Extracellular region|Extracellular space,Extracellular space/secreted,Swiss-Prot,41
Q86Y78,True,,9606,Extracellular region,Extracellular space/secreted,Swiss-Prot,41
Q86UE6,True,,9606,Extracellular matrix|Extracellular space,,Swiss-Prot,41
Q9P0W0,True,Secreted Factors|Matrisome-associated,9606,Extracellular region|Extracellular space,Extracellular space/secreted,Swiss-Prot,41
P15309,True,,9606,Extracellular space,Extracellular space/secreted,Swiss-Prot,41
Q8NEV9,True,,9606,Extracellular region|Extracellular space,Extracellular space/secreted,Swiss-Prot,41
P01568,True,Secreted Factors|Matrisome-associated,9606,Extracellular region|Extracellular space,Extracellular space/secreted,Swiss-Prot,41
O94964,True,,9606,Extracellular space,Extracellular space/secreted,Swiss-Prot,41
Q6YHK3,True,ECM Regulators|Matrisome-associated,9606,Extracellular region|Extracellular space,,Swiss-Prot,41
P0C862,True,ECM-affiliated Proteins|Matrisome-associated,9606,Extracellular region,Extracellular space/secreted,Swiss-Prot,41
P01189,True,,9606,Extracellular region|Extracellular space,Extracellular space/secreted,Swiss-Prot,41
P01569,True,Secreted Factors|Matrisome-associated,9606,Extracellular region|Extracellular space,Extracellular space/secreted,Swiss-Prot,41
Q9NPA2,True,ECM Regulators|Matrisome-associated,9606,Extracellular matrix|Extracellular space,Extracellular matrix|Extracellular space/secreted,Swiss-Prot,41
P53420,True,Collagens|Core matrisome,9606,Basement membrane|Extracellular region|Extracellular space,Basement membrane|Extracellular matrix|Extracellular space/secreted,Swiss-Prot,41
O15018,True,,9606,Extracellular region,Extracellular space/secreted,Swiss-Prot,41
P12429,False,ECM-affiliated Proteins|Matrisome-associated,9606,,,Swiss-Prot,41
P02771,True,,9606,Extracellular space,Extracellular space/secreted,Swiss-Prot,41
Q9UKP4,True,ECM Regulators|Matrisome-associated,9606,Extracellular matrix|Extracellular region,Extracellular matrix|Extracellular space/secreted,Swiss-Prot,41
P31025,True,,9606,Extracellular region|Extracellular space,Extracellular space/secreted,Swiss-Prot,41
Q9NZH6,True,,9606,Extracellular region|Extracellular space,Extracellular space/secreted,Swiss-Prot,41
Q8NI99,True,Secreted Factors|Matrisome-associated,9606,Extracellular space,Extracellular space/secreted,Swiss-Prot,41
P38567,False,ECM Regulators|Matrisome-associated,9606,,,Swiss-Prot,41
Q14533,True,,9606,Extracellular space,,Swiss-Prot,40
Q9UKF5,False,ECM Regulators|Matrisome-associated,9606,,,Swiss-Prot,40
Q12891,False,ECM Regulators|Matrisome-associated,9606,,,Swiss-Prot,40
Q8TDM5,True,,9606,Extracellular region,,Swiss-Prot,40
P05162,False,ECM-affiliated Proteins|Matrisome-associated,9606,,,Swiss-Prot,40
Q8NC24,True,,9606,Basement membrane,,Swiss-Prot,40
Q8NDZ4,True,,9606,Extracellular space,Extracellular space/secreted,Swiss-Prot,40
P13521,True,,9606,Extracellular space,Extracellular space/secreted,Swiss-Prot,40
Q9Y251,True,ECM Regulators|Matrisome-associated,9606,Extracellular matrix|Extracellular region|Extracellular space,Extracellular space/secreted,Swiss-Prot,40
Q86Y38,True,,9606,Extracellular space,Extracellular space/secreted,Swiss-Prot,40
Q9H5V8,True,,9606,Extracellular region,Extracellular space/secreted,Swiss-Prot,40
P13928,False,ECM-affiliated Proteins|Matrisome-associated,9606,,,Swiss-Prot,40
Q9Y5C1,True,Secreted Factors|Matrisome-associated,9606,Extracellular region|Extracellular space,Extracellular space/secreted,Swiss-Prot,40
P16562,True,,9606,Extracellular space,Extracellular space/secreted,Swiss-Prot,40
A5D8V7,True,,9606,Extracellular region,,Swiss-Prot,40
Q13510,True,,9606,Extracellular region|Extracellular space,Extracellular space/secreted,Swiss-Prot,40
P29120,True,,9606,Extracellular space,,Swiss-Prot,40
P80748,True,,9606,Extracellular region|Extracellular space,Extracellular space/secreted,Swiss-Prot,40
O95445,True,,9606,Extracellular region,Extracellular space/secreted,Swiss-Prot,40
Q17RF5,True,,9606,Extracellular region,Extracellular space/secreted,Swiss-Prot,40
P33764,False,Secreted Factors|Matrisome-associated,9606,,,Swiss-Prot,40
O43155,True,,9606,Extracellular matrix|Extracellular space,Extracellular matrix|Extracellular space/secreted,Swiss-Prot,40
Q7RTY3,True,,9606,Extracellular space,,Swiss-Prot,40
Q8N729,True,,9606,Extracellular region,Extracellular space/secreted,Swiss-Prot,39
P03971,True,Secreted Factors|Matrisome-associated,9606,Extracellular region|Extracellular space,Extracellular space/secreted,Swiss-Prot,39
Q13228,True,,9606,Extracellular space,,Swiss-Prot,39
Q9Y5R2,True,ECM Regulators|Matrisome-associated,9606,Extracellular matrix|Extracellular space,Extracellular matrix|Extracellular space/secreted,Swiss-Prot,39
Q96P44,True,Collagens|Core matrisome,9606,Extracellular region,Extracellular matrix|Extracellular space/secreted,Swiss-Prot,39
P22352,True,,9606,Extracellular region|Extracellular space,Extracellular space/secreted,Swiss-Prot,39
P39877,True,,9606,Extracellular region,Extracellular space/secreted,Swiss-Prot,39
P14384,True,,9606,Extracellular region|Extracellular space,,Swiss-Prot,39
Q9Y2Y8,True,Proteoglycans|Core matrisome,9606,Extracellular region,,Swiss-Prot,39
P09228,True,ECM Regulators|Matrisome-associated,9606,Extracellular space,Extracellular space/secreted,Swiss-Prot,39
P21754,True,ECM Glycoproteins|Core matrisome,9606,Extracellular matrix|Extracellular region|Extracellular space,Extracellular matrix|Extracellular space/secreted,Swiss-Prot,39
P21941,True,ECM Glycoproteins|Core matrisome,9606,Extracellular matrix|Extracellular region,Extracellular matrix|Extracellular space/secreted,Swiss-Prot,39
P51654,False,ECM-affiliated Proteins|Matrisome-associated,9606,,,Swiss-Prot,39
Q9Y646,True,,9606,Extracellular space,Extracellular space/secreted,Swiss-Prot,39
P21815,True,ECM Glycoproteins|Core matrisome,9606,Extracellular region|Extracellular space,Extracellular space/secreted,Swiss-Prot,39
P27539,True,Secreted Factors|Matrisome-associated,9606,Extracellular space,Extracellular space/secreted,Swiss-Prot,39
O60258,True,Secreted Factors|Matrisome-associated,9606,Extracellular region|Extracellular space,Extracellular space/secreted,Swiss-Prot,39
P04279,True,,9606,Extracellular region|Extracellular space,Extracellular space/secreted,Swiss-Prot,39
Q8WUY1,True,,9606,Extracellular region,Extracellular space/secreted,Swiss-Prot,38
Q01432,True,,9606,Extracellular region,,Swiss-Prot,38
O75095,True,Secreted Factors|Matrisome-associated,9606,Extracellular region,Extracellular space/secreted,Swiss-Prot,38
P06727,True,,9606,Extracellular region|Extracellular space,Extracellular space/secreted,Swiss-Prot,38
Q15833,True,,9606,Extracellular region,,Swiss-Prot,38
Q2MKA7,True,ECM Glycoproteins|Core matrisome,9606,Extracellular region,Extracellular space/secreted,Swiss-Prot,38
P05160,True,ECM Regulators|Matrisome-associated,9606,Extracellular region|Extracellular space,Extracellular space/secreted,Swiss-Prot,38
P01563,True,Secreted Factors|Matrisome-associated,9606,Extracellular region|Extracellular space,Extracellular space/secreted,Swiss-Prot,38
Q7Z7M0,False,Secreted Factors|Matrisome-associated,9606,,,Swiss-Prot,38
Q9Y3Q7,False,ECM Regulators|Matrisome-associated,9606,,,Swiss-Prot,38
P01303,True,,9606,Extracellular region|Extracellular space,Extracellular space/secreted,Swiss-Prot,38
Q9BWS9,True,,9606,Extracellular region|Extracellular space,Extracellular space/secreted,Swiss-Prot,38
P10745,True,,9606,Extracellular region|Extracellular space,Extracellular matrix|Extracellular space/secreted,Swiss-Prot,38
Q86SG7,True,,9606,Extracellular region,Extracellular space/secreted,Swiss-Prot,38
Q9NRE1,True,ECM Regulators|Matrisome-associated,9606,Extracellular matrix|Extracellular space,Extracellular matrix|Extracellular space/secreted,Swiss-Prot,38
Q6UVK1,True,ECM-affiliated Proteins|Matrisome-associated,9606,Extracellular region,,Swiss-Prot,38
Q8IX30,True,Secreted Factors|Matrisome-associated,9606,Extracellular space,Extracellular space/secreted,Swiss-Prot,38
Q8IUX8,True,Secreted Factors|Matrisome-associated,9606,Basement membrane|Extracellular space,Basement membrane|Extracellular matrix|Extracellular space/secreted,Swiss-Prot,38
Q9NR23,True,Secreted Factors|Matrisome-associated,9606,Extracellular space,Extracellular space/secreted,Swiss-Prot,38
Q16674,True,,9606,Extracellular space,Extracellular space/secreted,Swiss-Prot,37
Q6UWP2,True,,9606,Extracellular region,Extracellular space/secreted,Swiss-Prot,37
O95388,True,,9606,Extracellular matrix|Extracellular space,Extracellular space/secreted,Swiss-Prot,37
O76061,True,,9606,Extracellular space,Extracellular space/secreted,Swiss-Prot,37
P01270,True,,9606,Extracellular region|Extracellular space,Extracellular space/secreted,Swiss-Prot,37
P15502,True,ECM Glycoproteins|Core matrisome,9606,Extracellular matrix|Extracellular region,Extracellular matrix|Extracellular space/secreted,Swiss-Prot,37
Q13219,True,ECM Regulators|Matrisome-associated,9606,Extracellular region|Extracellular space,Extracellular space/secreted,Swiss-Prot,37
Q9BXJ1,True,ECM-affiliated Proteins|Matrisome-associated,9606,Extracellular space,Extracellular space/secreted,Swiss-Prot,37
Q5VYX0,True,,9606,Extracellular region|Extracellular space,Extracellular space/secreted,Swiss-Prot,37
P01700,True,,9606,Extracellular region|Extracellular space,Extracellular space/secreted,Swiss-Prot,37
Q9UBG3,False,Secreted Factors|Matrisome-associated,9606,,,Swiss-Prot,37
Q9UI46,True,,9606,Extracellular region,,Swiss-Prot,37
P20029,True,,10090,Extracellular region,,Swiss-Prot,37
Q9UKF2,False,ECM Regulators|Matrisome-associated,9606,,,Swiss-Prot,37
A6NK02,True,,9606,Extracellular space,,Swiss-Prot,37
O00469,False,ECM Regulators|Matrisome-associated,9606,,,Swiss-Prot,37
Q8TE56,True,ECM Regulators|Matrisome-associated,9606,Extracellular matrix|Extracellular region,Extracellular matrix|Extracellular space/secreted,Swiss-Prot,37
A8K2U0,True,ECM Regulators|Matrisome-associated,9606,Extracellular space,Extracellular space/secreted,Swiss-Prot,37
Q99985,True,ECM-affiliated Proteins|Matrisome-associated,9606,Extracellular space,Extracellular space/secreted,Swiss-Prot,37
Q8TE60,True,ECM Regulators|Matrisome-associated,9606,Extracellular matrix|Extracellular region,Extracellular matrix|Extracellular space/secreted,Swiss-Prot,37
P78539,False,ECM Glycoproteins|Core matrisome,9606,,,Swiss-Prot,37
O60241,True,,9606,Extracellular region,Extracellular space/secreted,Swiss-Prot,37
Q86U17,True,ECM Regulators|Matrisome-associated,9606,Extracellular space,Extracellular space/secreted,Swiss-Prot,36
P56706,True,Secreted Factors|Matrisome-associated,9606,Extracellular region|Extracellular space,Extracellular matrix|Extracellular space/secreted,Swiss-Prot,36
P02655,True,,9606,Extracellular region|Extracellular space,Extracellular space/secreted,Swiss-Prot,36
P14550,True,,9606,Extracellular space,,Swiss-Prot,36
Q9BXJ0,True,ECM-affiliated Proteins|Matrisome-associated,9606,Extracellular space,Extracellular space/secreted,Swiss-Prot,36
P18509,True,,9606,Extracellular region,Extracellular space/secreted,Swiss-Prot,36
P0CG38,True,,9606,Extracellular space,,Swiss-Prot,36
Q9UKP5,True,ECM Regulators|Matrisome-associated,9606,Extracellular matrix|Extracellular region,Extracellular matrix|Extracellular space/secreted,Swiss-Prot,36
Q9NY59,True,,9606,Extracellular region,,Swiss-Prot,36
Q86WD7,True,ECM Regulators|Matrisome-associated,9606,Extracellular space,Extracellular space/secreted,Swiss-Prot,36
P06280,True,,9606,Extracellular region,,Swiss-Prot,36
Q5SZK8,True,ECM-affiliated Proteins|Matrisome-associated,9606,Basement membrane,,Swiss-Prot,36
C9JL84,True,,9606,Extracellular region,Extracellular space/secreted,Swiss-Prot,36
Q9NZK7,True,,9606,Extracellular region,Extracellular space/secreted,Swiss-Prot,36
O00744,True,Secreted Factors|Matrisome-associated,9606,Extracellular region|Extracellular space,Extracellular matrix|Extracellular space/secreted,Swiss-Prot,35
P20909,True,,10116,Extracellular matrix|Extracellular space,Extracellular matrix|Extracellular space/secreted,Swiss-Prot,35
Q8IW40,True,,9606,Extracellular region,,Swiss-Prot,35
Q96HE7,True,,9606,Extracellular space,Extracellular space/secreted,Swiss-Prot,35
O60882,True,ECM Regulators|Matrisome-associated,9606,Extracellular matrix|Extracellular region|Extracellular space,Extracellular matrix|Extracellular space/secreted,Swiss-Prot,35
Q62696,True,,10116,Basement membrane,,Swiss-Prot,35
Q01344,True,,9606,Extracellular space,,Swiss-Prot,35
O60218,True,,9606,Extracellular region,Extracellular space/secreted,Swiss-Prot,35
Q8N0X2,True,,9606,Extracellular region,,Swiss-Prot,35
A6NHN0,True,ECM Glycoproteins|Core matrisome,9606,Extracellular region|Extracellular space,Extracellular matrix|Extracellular space/secreted,Swiss-Prot,35
Q9H4A4,True,,9606,Extracellular region|Extracellular space,Extracellular space/secreted,Swiss-Prot,35
Q6Q788,True,,9606,Extracellular region|Extracellular space,Extracellular space/secreted,Swiss-Prot,35
P04217,True,,9606,Extracellular region|Extracellular space,Extracellular space/secreted,Swiss-Prot,35
Q8WU66,True,ECM Glycoproteins|Core matrisome,9606,Extracellular region,Extracellular space/secreted,Swiss-Prot,35
O43490,True,,9606,Extracellular space,,Swiss-Prot,35
Q9UBH0,True,,9606,Extracellular region|Extracellular space,Extracellular space/secreted,Swiss-Prot,34
Q9ULL4,False,ECM-affiliated Proteins|Matrisome-associated,9606,,,Swiss-Prot,34
O00534,False,ECM Glycoproteins|Core matrisome,9606,,,Swiss-Prot,34
Q9UP79,True,ECM Regulators|Matrisome-associated,9606,Extracellular matrix|Extracellular region,Extracellular matrix|Extracellular space/secreted,Swiss-Prot,34
Q9H239,True,ECM Regulators|Matrisome-associated,9606,Extracellular matrix|Extracellular space,Extracellular matrix|Extracellular space/secreted,Swiss-Prot,34
Q05315,False,ECM-affiliated Proteins|Matrisome-associated,9606,,,Swiss-Prot,34
Q9H2E6,False,ECM-affiliated Proteins|Matrisome-associated,9606,,,Swiss-Prot,34
Q5VX71,True,,9606,Extracellular region,Extracellular space/secreted,Swiss-Prot,34
P22749,True,,9606,Extracellular region|Extracellular space,Extracellular space/secreted,Swiss-Prot,34
Q5TAX3,True,,9606,Extracellular space,,Swiss-Prot,34
Q9UHF5,True,Secreted Factors|Matrisome-associated,9606,Extracellular space,Extracellular space/secreted,Swiss-Prot,34
O43548,False,ECM Regulators|Matrisome-associated,9606,,,Swiss-Prot,34
Q15198,True,,9606,Extracellular region,Extracellular space/secreted,Swiss-Prot,34
Q86WN2,True,Secreted Factors|Matrisome-associated,9606,Extracellular space,Extracellular space/secreted,Swiss-Prot,34
Q8N1N4,True,,9606,Extracellular space,,Swiss-Prot,34
O75594,True,,9606,Extracellular region|Extracellular space,Extracellular space/secreted,Swiss-Prot,34
Q7Z5J1,True,,9606,Extracellular region,Extracellular space/secreted,Swiss-Prot,34
Q9H3U7,True,ECM Glycoproteins|Core matrisome,9606,Basement membrane|Extracellular space,Basement membrane|Extracellular matrix|Extracellular space/secreted,Swiss-Prot,34
P09544,True,Secreted Factors|Matrisome-associated,9606,Extracellular region|Extracellular space,Extracellular matrix|Extracellular space/secreted,Swiss-Prot,34
Q9ULD2,True,,9606,Extracellular space,,Swiss-Prot,34
O00300,True,,9606,Extracellular matrix|Extracellular region|Extracellular space,Extracellular space/secreted,Swiss-Prot,33
Q02747,True,,9606,Extracellular region,Extracellular space/secreted,Swiss-Prot,33
Q9H293,True,Secreted Factors|Matrisome-associated,9606,Extracellular region|Extracellular space,Extracellular space/secreted,Swiss-Prot,33
P08185,True,ECM Regulators|Matrisome-associated,9606,Extracellular region|Extracellular space,Extracellular space/secreted,Swiss-Prot,33
P07988,True,ECM-affiliated Proteins|Matrisome-associated,9606,Extracellular region,Extracellular space/secreted,Swiss-Prot,33
O43405,True,ECM Glycoproteins|Core matrisome,9606,Extracellular region,Extracellular matrix|Extracellular space/secreted,Swiss-Prot,33
P34096,True,,9606,Extracellular region|Extracellular space,Extracellular space/secreted,Swiss-Prot,33
O43323,True,Secreted Factors|Matrisome-associated,9606,Extracellular space,Extracellular space/secreted,Swiss-Prot,33
O43300,True,,9606,Extracellular space,,Swiss-Prot,33
Q9GZM7,True,ECM Glycoproteins|Core matrisome,9606,Extracellular region|Extracellular space,Extracellular space/secreted,Swiss-Prot,33
Q8WXQ8,True,,9606,Extracellular space,Extracellular space/secreted,Swiss-Prot,33
P56704,True,Secreted Factors|Matrisome-associated,9606,Extracellular region|Extracellular space,Extracellular matrix|Extracellular space/secreted,Swiss-Prot,33
Q13007,True,Secreted Factors|Matrisome-associated,9606,Extracellular region|Extracellular space,Extracellular space/secreted,Swiss-Prot,33
P11499,True,,10090,Extracellular region,Extracellular space/secreted,Swiss-Prot,33
O75718,True,,9606,Extracellular space,Extracellular matrix|Extracellular space/secreted,Swiss-Prot,33
Q9NZ08,True,,9606,Extracellular region|Extracellular space,,Swiss-Prot,33
Q6ISS4,True,,9606,Extracellular region,Extracellular space/secreted,Swiss-Prot,33
P05543,True,ECM Regulators|Matrisome-associated,9606,Extracellular region|Extracellular space,Extracellular space/secreted,Swiss-Prot,33
Q92914,False,Secreted Factors|Matrisome-associated,9606,,,Swiss-Prot,33
Q8WWY8,True,,9606,Extracellular space,Extracellular space/secreted,Swiss-Prot,33
Q9BX10,True,,9606,Extracellular region,,Swiss-Prot,33
P0C2W1,True,,9606,Extracellular region,Extracellular space/secreted,Swiss-Prot,33
P07202,True,Secreted Factors|Matrisome-associated,9606,Extracellular space,,Swiss-Prot,33
Q8N3Z0,True,,9606,Extracellular region,Extracellular space/secreted,Swiss-Prot,33
Q13217,True,,9606,Extracellular region,,Swiss-Prot,33
Q99217,True,ECM Glycoproteins|Core matrisome,9606,Extracellular region,Extracellular matrix|Extracellular space/secreted,Swiss-Prot,33
Q8TE57,True,ECM Regulators|Matrisome-associated,9606,Extracellular matrix|Extracellular region,Extracellular matrix|Extracellular space/secreted,Swiss-Prot,33
Q9NQ79,True,,9606,,Extracellular matrix|Extracellular space/secreted,Swiss-Prot,33
P02818,True,ECM Glycoproteins|Core matrisome,9606,Extracellular region|Extracellular space,Extracellular space/secreted,Swiss-Prot,32
Q9BXX0,True,ECM Glycoproteins|Core matrisome,9606,Extracellular region,Extracellular matrix|Extracellular space/secreted,Swiss-Prot,32
P55056,True,,9606,Extracellular region,Extracellular space/secreted,Swiss-Prot,32
Q9Y264,True,Secreted Factors|Matrisome-associated,9606,Extracellular region|Extracellular space,Extracellular space/secreted,Swiss-Prot,32
Q99536,True,,9606,Extracellular region,,Swiss-Prot,32
P48645,True,,9606,Extracellular region,Extracellular space/secreted,Swiss-Prot,32
P55001,True,ECM Glycoproteins|Core matrisome,9606,Extracellular region,Extracellular matrix|Extracellular space/secreted,Swiss-Prot,32
Q86UN3,True,,9606,Extracellular matrix|Extracellular region|Extracellular space,,Swiss-Prot,32
P62699,True,,9606,Extracellular region,,Swiss-Prot,32
Q6UWR7,True,,9606,Extracellular region,,Swiss-Prot,32
O60938,True,Proteoglycans|Core matrisome,9606,Extracellular matrix|Extracellular region|Extracellular space,Extracellular matrix|Extracellular space/secreted,Swiss-Prot,32
P48595,True,ECM Regulators|Matrisome-associated,9606,Extracellular space,,Swiss-Prot,32
Q8TAX7,False,ECM-affiliated Proteins|Matrisome-associated,9606,,Extracellular space/secreted,Swiss-Prot,32
O75077,True,ECM Regulators|Matrisome-associated,9606,Extracellular region,Extracellular space/secreted,Swiss-Prot,32
P58062,True,,9606,Extracellular space,Extracellular space/secreted,Swiss-Prot,32
Q96FQ6,True,Secreted Factors|Matrisome-associated,9606,Extracellular space,,Swiss-Prot,32
O75056,False,ECM-affiliated Proteins|Matrisome-associated,9606,,,Swiss-Prot,32
Q06828,True,Proteoglycans|Core matrisome,9606,Extracellular matrix|Extracellular region|Extracellular space,Extracellular matrix|Extracellular space/secreted,Swiss-Prot,32
Q9ULZ9,True,ECM Regulators|Matrisome-associated,9606,Extracellular matrix|Extracellular space,Extracellular matrix|Extracellular space/secreted,Swiss-Prot,32
Q99727,True,ECM Regulators|Matrisome-associated,9606,Extracellular matrix|Extracellular space,Extracellular space/secreted,Swiss-Prot,32
Q9BWW9,True,,9606,Extracellular region,,Swiss-Prot,32
P33763,False,Secreted Factors|Matrisome-associated,9606,,,Swiss-Prot,32
P48060,True,,9606,Extracellular space,,Swiss-Prot,31
P23352,True,,9606,Extracellular matrix|Extracellular region|Extracellular space,Extracellular space/secreted,Swiss-Prot,31
Q99538,True,,9606,Extracellular region,,Swiss-Prot,31
P51888,True,Proteoglycans|Core matrisome,9606,Extracellular matrix|Extracellular region|Extracellular space,Extracellular matrix|Extracellular space/secreted,Swiss-Prot,31
P36222,True,,9606,Extracellular matrix|Extracellular region|Extracellular space,Extracellular space/secreted,Swiss-Prot,31
Q13822,True,,9606,Extracellular space,Extracellular space/secreted,Swiss-Prot,31
Q9BTY2,True,,9606,Extracellular region|Extracellular space,Extracellular space/secreted,Swiss-Prot,31
Q9H4G4,True,,9606,Extracellular space,,Swiss-Prot,31
P48304,True,ECM-affiliated Proteins|Matrisome-associated,9606,Extracellular space,Extracellular space/secreted,Swiss-Prot,31
Q9NRM6,True,,9606,Extracellular region,Extracellular space/secreted,Swiss-Prot,31
O43506,False,ECM Regulators|Matrisome-associated,9606,,,Swiss-Prot,31
Q9BYT8,True,,9606,Extracellular region,,Swiss-Prot,31
Q9H1E1,True,,9606,Extracellular region|Extracellular space,Extracellular space/secreted,Swiss-Prot,31
A0A0A6YYK7,True,,9606,Extracellular space,,Swiss-Prot,31
P13385,True,,9606,Extracellular region|Extracellular space,Extracellular space/secreted,Swiss-Prot,31
Q8WVS4,True,,9606,Extracellular space,,Swiss-Prot,31
O75487,False,ECM-affiliated Proteins|Matrisome-associated,9606,,Extracellular space/secreted,Swiss-Prot,31
Q9BRX8,True,,9606,Extracellular region,Extracellular space/secreted,Swiss-Prot,31
Q8N119,True,ECM Regulators|Matrisome-associated,9606,Extracellular matrix|Extracellular region,Extracellular space/secreted,Swiss-Prot,31
P10645,True,,9606,Extracellular region|Extracellular space,Extracellular space/secreted,Swiss-Prot,31
Q99758,True,,9606,Extracellular space,,Swiss-Prot,31
A4D0S4,True,ECM Glycoproteins|Core matrisome,9606,Basement membrane|Extracellular region,Basement membrane|Extracellular matrix|Extracellular space/secreted,Swiss-Prot,31
Q9HAT2,True,,9606,Extracellular space,Extracellular space/secreted,Swiss-Prot,31
Q99519,True,,9606,Extracellular region,,Swiss-Prot,31
P13284,True,,9606,Extracellular region,Extracellular space/secreted,Swiss-Prot,31
O75635,True,ECM Regulators|Matrisome-associated,9606,Extracellular space,,Swiss-Prot,30
Q14624,True,ECM Regulators|Matrisome-associated,9606,Extracellular region,Extracellular space/secreted,Swiss-Prot,30
Q14626,True,,9606,Extracellular region,Extracellular space/secreted,Swiss-Prot,30
Q6ZU65,True,,9606,Extracellular space,,Swiss-Prot,30
O75063,False,ECM Regulators|Matrisome-associated,9606,,,Swiss-Prot,30
Q9Y5W5,True,Secreted Factors|Matrisome-associated,9606,Extracellular region,Extracellular space/secreted,Swiss-Prot,30
O00592,True,,9606,Extracellular space,,Swiss-Prot,30
Q9BRR6,True,,9606,Extracellular region,Extracellular space/secreted,Swiss-Prot,30
P17213,True,,9606,Extracellular region|Extracellular space,Extracellular space/secreted,Swiss-Prot,30
Q7L3B6,True,,9606,Extracellular region,,Swiss-Prot,30
Q6H3X3,True,,9606,Extracellular region|Extracellular space,Extracellular space/secreted,Swiss-Prot,30
Q6UVY6,True,,9606,Extracellular space,,Swiss-Prot,30
P08700,True,Secreted Factors|Matrisome-associated,9606,Extracellular region|Extracellular space,Extracellular space/secreted,Swiss-Prot,30
Q9HCT0,True,Secreted Factors|Matrisome-associated,9606,Extracellular region|Extracellular space,Extracellular space/secreted,Swiss-Prot,30
Q14773,True,,9606,Extracellular region,Extracellular space/secreted,Swiss-Prot,30
A1E959,True,,9606,Extracellular region|Extracellular space,Extracellular space/secreted,Swiss-Prot,30
Q9UM22,True,,9606,Extracellular region,Extracellular space/secreted,Swiss-Prot,30
O75900,True,ECM Regulators|Matrisome-associated,9606,Extracellular matrix|Extracellular space,,Swiss-Prot,30
Q86TH1,True,ECM Regulators|Matrisome-associated,9606,Extracellular matrix|Extracellular region,Extracellular space/secreted,Swiss-Prot,30
Q9UJW2,True,ECM Glycoproteins|Core matrisome,9606,Basement membrane|Extracellular space,Basement membrane|Extracellular matrix|Extracellular space/secreted,Swiss-Prot,30
P55259,True,,9606,Extracellular region|Extracellular space,Extracellular space/secreted,Swiss-Prot,30
Q01955,True,Collagens|Core matrisome,9606,Basement membrane|Extracellular region|Extracellular space,Basement membrane|Extracellular matrix|Extracellular space/secreted,Swiss-Prot,30
Q9NRP7,True,,9606,Extracellular region,,Swiss-Prot,30
Q9H501,True,,9606,Extracellular space,,Swiss-Prot,30
P28039,True,,9606,Extracellular region,Extracellular space/secreted,Swiss-Prot,30
O95389,True,,9606,Extracellular matrix|Extracellular space,Extracellular space/secreted,Swiss-Prot,30
P49184,True,,9606,Extracellular region,,Swiss-Prot,30
P34059,True,,9606,Extracellular region,,Swiss-Prot,29
P15907,True,,9606,Extracellular region,Extracellular space/secreted,Swiss-Prot,29
Q9H112,True,ECM Regulators|Matrisome-associated,9606,Extracellular region,Extracellular space/secreted,Swiss-Prot,29
Q9HCU0,True,,9606,Extracellular matrix,,Swiss-Prot,29
Q99541,True,,9606,Extracellular region,,Swiss-Prot,29
O00295,True,,9606,Extracellular region,Extracellular space/secreted,Swiss-Prot,29
P52798,True,,9606,Extracellular region,Extracellular space/secreted,Swiss-Prot,29
P20155,True,,9606,Extracellular region,Extracellular space/secreted,Swiss-Prot,29
Q13361,True,ECM Glycoproteins|Core matrisome,9606,Extracellular region,Extracellular matrix|Extracellular space/secreted,Swiss-Prot,29
P19652,True,,9606,Extracellular region|Extracellular space,Extracellular space/secreted,Swiss-Prot,29
P04278,True,,9606,Extracellular region,Extracellular space/secreted,Swiss-Prot,29
P00797,True,,9606,Extracellular region|Extracellular space,Extracellular space/secreted,Swiss-Prot,29
Q9H9S5,True,,9606,Extracellular space,Extracellular space/secreted,Swiss-Prot,29
Q00796,True,,9606,Extracellular space,,Swiss-Prot,29
Q96PF1,False,ECM Regulators|Matrisome-associated,9606,,,Swiss-Prot,29
Q8IV16,True,,9606,Extracellular region,,Swiss-Prot,29
P29400,True,Collagens|Core matrisome,9606,Basement membrane|Extracellular region|Extracellular space,Basement membrane|Extracellular matrix|Extracellular space/secreted,Swiss-Prot,29
Q8NG41,True,,9606,Extracellular region,Extracellular space/secreted,Swiss-Prot,29
O14904,True,Secreted Factors|Matrisome-associated,9606,Extracellular region|Extracellular space,Extracellular matrix|Extracellular space/secreted,Swiss-Prot,29
Q9NZ20,True,,9606,Extracellular region|Extracellular space,Extracellular space/secreted,Swiss-Prot,28
Q8N6C5,True,,9606,Extracellular region,Extracellular space/secreted,Swiss-Prot,28
O00254,True,,9606,Extracellular region,,Swiss-Prot,28
Q9H106,True,,9606,Extracellular region,Extracellular space/secreted,Swiss-Prot,28
Q12836,True,ECM Glycoproteins|Core matrisome,9606,Extracellular region,Extracellular matrix|Extracellular space/secreted,Swiss-Prot,28
Q8WUJ3,True,,9606,Extracellular region,Extracellular space/secreted,Swiss-Prot,28
Q13442,True,,9606,Extracellular region,,Swiss-Prot,28
Q9BXI9,True,ECM-affiliated Proteins|Matrisome-associated,9606,Extracellular space,Extracellular space/secreted,Swiss-Prot,28
P01591,True,,9606,Extracellular region|Extracellular space,Extracellular space/secreted,Swiss-Prot,28
P80303,True,,9606,Extracellular space,Extracellular space/secreted,Swiss-Prot,28
Q07654,True,,9606,Extracellular region|Extracellular space,Extracellular matrix|Extracellular space/secreted,Swiss-Prot,28
Q8WVQ1,True,,9606,Extracellular region,,Swiss-Prot,28
P13798,True,,9606,Extracellular region,,Swiss-Prot,28
P23280,True,,9606,Extracellular region|Extracellular space,Extracellular space/secreted,Swiss-Prot,28
Q9GZU5,True,Proteoglycans|Core matrisome,9606,Extracellular matrix|Extracellular space,Extracellular matrix|Extracellular space/secreted,Swiss-Prot,28
Q96M91,True,,9606,Extracellular region,,Swiss-Prot,28
Q02383,True,,9606,Extracellular space,Extracellular space/secreted,Swiss-Prot,27
P19835,True,,9606,Extracellular region|Extracellular space,Extracellular space/secreted,Swiss-Prot,27
Q96P15,True,ECM Regulators|Matrisome-associated,9606,Extracellular space,,Swiss-Prot,27
P55103,True,Secreted Factors|Matrisome-associated,9606,Extracellular region|Extracellular space,Extracellular space/secreted,Swiss-Prot,27
Q93097,True,Secreted Factors|Matrisome-associated,9606,Extracellular region|Extracellular space,Extracellular matrix|Extracellular space/secreted,Swiss-Prot,27
Q61699,True,,10090,Extracellular region,,Swiss-Prot,27
Q2PPJ7,True,,9606,Extracellular space,,Swiss-Prot,27
Q96KS0,False,ECM Regulators|Matrisome-associated,9606,,,Swiss-Prot,27
Q9NQ30,True,Proteoglycans|Core matrisome,9606,Extracellular region,Extracellular space/secreted,Swiss-Prot,27
P19440,True,,9606,Extracellular space,,Swiss-Prot,27
O95715,True,Secreted Factors|Matrisome-associated,9606,Extracellular space,Extracellular space/secreted,Swiss-Prot,27
Q8IZV2,True,,9606,Extracellular space,,Swiss-Prot,27
Q96KN2,True,,9606,Extracellular region,Extracellular space/secreted,Swiss-Prot,27
Q9GZT5,True,Secreted Factors|Matrisome-associated,9606,Extracellular region|Extracellular space,Extracellular matrix|Extracellular space/secreted,Swiss-Prot,27
Q9UIK5,True,,9606,Extracellular region,Extracellular space/secreted,Swiss-Prot,27
Q6UX71,False,ECM-affiliated Proteins|Matrisome-associated,9606,,,Swiss-Prot,27
Q92485,True,,9606,Extracellular space,Extracellular space/secreted,Swiss-Prot,27
P59666,True,,9606,Extracellular region|Extracellular space,Extracellular space/secreted,Swiss-Prot,27
Q86YS3,True,,9606,Extracellular space,,Swiss-Prot,27
P47972,True,,9606,Extracellular region,Extracellular space/secreted,Swiss-Prot,27
Q9BXP8,True,ECM Regulators|Matrisome-associated,9606,Extracellular region|Extracellular space,Extracellular space/secreted,Swiss-Prot,27
Q8TCZ2,True,,9606,Extracellular region,Extracellular space/secreted,Swiss-Prot,27
P00709,True,,9606,Extracellular space,Extracellular space/secreted,Swiss-Prot,27
Q96RP3,True,,9606,Extracellular region|Extracellular space,Extracellular space/secreted,Swiss-Prot,27
P01854,True,,9606,Extracellular region|Extracellular space,Extracellular space/secreted,Swiss-Prot,27
Q6UW01,True,Secreted Factors|Matrisome-associated,9606,Extracellular space,Extracellular space/secreted,Swiss-Prot,27
P01893,True,,9606,Extracellular space,,Swiss-Prot,26
P04066,True,,9606,Extracellular region,,Swiss-Prot,26
P16860,True,,9606,Extracellular region|Extracellular space,Extracellular space/secreted,Swiss-Prot,26
P55000,True,,9606,Extracellular region|Extracellular space,Extracellular space/secreted,Swiss-Prot,26
Q8TC92,True,,9606,Extracellular region,Extracellular space/secreted,Swiss-Prot,26
P43234,True,ECM Regulators|Matrisome-associated,9606,Extracellular space,,Swiss-Prot,26
Q96MX0,True,,9606,Extracellular space,,Swiss-Prot,26
Q9UIG4,True,,9606,Extracellular region,Extracellular space/secreted,Swiss-Prot,26
P15848,True,,9606,Extracellular region,,Swiss-Prot,26
Q9BZM2,True,,9606,Extracellular region,Extracellular space/secreted,Swiss-Prot,26
P01242,True,Secreted Factors|Matrisome-associated,9606,Extracellular region|Extracellular space,Extracellular space/secreted,Swiss-Prot,26
P20061,True,,9606,Extracellular region|Extracellular space,Extracellular space/secreted,Swiss-Prot,26
A6NMY6,True,,9606,Basement membrane|Extracellular space,Basement membrane|Extracellular matrix|Extracellular space/secreted,Swiss-Prot,26
Q75N90,True,ECM Glycoproteins|Core matrisome,9606,Extracellular matrix|Extracellular region,Extracellular matrix|Extracellular space/secreted,Swiss-Prot,26
P08236,True,,9606,Extracellular region|Extracellular space,,Swiss-Prot,26
P25118,True,,10090,Extracellular space,,Swiss-Prot,26
P32881,True,Secreted Factors|Matrisome-associated,9606,Extracellular region|Extracellular space,Extracellular space/secreted,Swiss-Prot,26
O75711,True,,9606,Extracellular space,Extracellular space/secreted,Swiss-Prot,26
Q9H1J5,True,Secreted Factors|Matrisome-associated,9606,Extracellular region|Extracellular space,Extracellular matrix|Extracellular space/secreted,Swiss-Prot,25
Q96DT0,False,ECM-affiliated Proteins|Matrisome-associated,9606,,,Swiss-Prot,25
A6NE02,True,,9606,Extracellular region,Extracellular space/secreted,Swiss-Prot,25
Q8N239,True,,9606,Extracellular space,,Swiss-Prot,25
Q9P000,True,,9606,Extracellular region,,Swiss-Prot,25
Q9H1M4,True,,9606,Extracellular region,Extracellular space/secreted,Swiss-Prot,25
P07356,True,ECM-affiliated Proteins|Matrisome-associated,10090,Basement membrane|Extracellular space,Basement membrane|Extracellular matrix|Extracellular space/secreted,Swiss-Prot,25
O75356,True,,9606,Extracellular region|Extracellular space,Extracellular space/secreted,Swiss-Prot,25
O75556,True,,9606,Extracellular space,Extracellular space/secreted,Swiss-Prot,25
Q8N307,True,ECM-affiliated Proteins|Matrisome-associated,9606,Extracellular region,Extracellular space/secreted,Swiss-Prot,25
Q6UXM1,True,,9606,Extracellular matrix|Extracellular space,,Swiss-Prot,25
Q99983,True,Proteoglycans|Core matrisome,9606,Extracellular matrix|Extracellular region|Extracellular space,Extracellular matrix|Extracellular space/secreted,Swiss-Prot,25
Q92496,True,,9606,Extracellular region|Extracellular space,Extracellular space/secreted,Swiss-Prot,25
Q86UX2,True,ECM Regulators|Matrisome-associated,9606,Extracellular region,Extracellular space/secreted,Swiss-Prot,25
Q9BXS0,True,Collagens|Core matrisome,9606,Extracellular region|Extracellular space,,Swiss-Prot,25
O15118,True,,9606,Extracellular region,,Swiss-Prot,25
Q9R194,True,,10090,Extracellular region,,Swiss-Prot,25
P49221,False,ECM Regulators|Matrisome-associated,9606,,,Swiss-Prot,25
P56202,True,ECM Regulators|Matrisome-associated,9606,Extracellular region|Extracellular space,,Swiss-Prot,25
P43652,True,,9606,Extracellular region|Extracellular space,Extracellular space/secreted,Swiss-Prot,25
P01566,True,Secreted Factors|Matrisome-associated,9606,Extracellular region|Extracellular space,Extracellular space/secreted,Swiss-Prot,25
P05305,True,,9606,Extracellular region|Extracellular space,Extracellular space/secreted,Swiss-Prot,25
Q86UN2,True,,9606,Extracellular matrix|Extracellular region|Extracellular space,,Swiss-Prot,25
Q9UBX1,True,ECM Regulators|Matrisome-associated,9606,Extracellular space,,Swiss-Prot,25
Q9NPD7,True,,9606,Extracellular region,,Swiss-Prot,25
O75325,True,,9606,Extracellular matrix|Extracellular space,,Swiss-Prot,25
Q96PX8,True,,9606,Extracellular region,Extracellular space/secreted,Swiss-Prot,25
Q02742,True,,9606,Extracellular space,,Swiss-Prot,25
Q6XPR3,True,Secreted Factors|Matrisome-associated,9606,Extracellular region,Extracellular matrix|Extracellular space/secreted,Swiss-Prot,25
P60022,True,,9606,Extracellular region|Extracellular space,Extracellular space/secreted,Swiss-Prot,25
P14091,False,ECM Regulators|Matrisome-associated,9606,,,Swiss-Prot,25
Q96IV0,False,ECM Regulators|Matrisome-associated,9606,,,Swiss-Prot,25
Q68BL8,True,,9606,Extracellular matrix|Extracellular space,Extracellular space/secreted,Swiss-Prot,25
P01282,True,,9606,Extracellular region,Extracellular space/secreted,Swiss-Prot,24
B2RUY7,True,Secreted Factors|Matrisome-associated,9606,Extracellular space,Extracellular space/secreted,Swiss-Prot,24
Q9UBQ6,True,,9606,Extracellular region,Extracellular space/secreted,Swiss-Prot,24
O95407,True,,9606,Extracellular region|Extracellular space,Extracellular space/secreted,Swiss-Prot,24
Q9BWW8,True,,9606,Extracellular region,,Swiss-Prot,24
Q9UHL4,True,,9606,Extracellular region,Extracellular space/secreted,Swiss-Prot,24
Q5T4W7,True,Secreted Factors|Matrisome-associated,9606,Extracellular region|Extracellular space,Extracellular space/secreted,Swiss-Prot,24
Q13316,True,ECM Glycoproteins|Core matrisome,9606,Extracellular matrix|Extracellular region,Extracellular matrix|Extracellular space/secreted,Swiss-Prot,24
Q8TE59,True,ECM Regulators|Matrisome-associated,9606,Extracellular matrix|Extracellular region,Extracellular matrix|Extracellular space/secreted,Swiss-Prot,24
Q9Y6N6,True,ECM Glycoproteins|Core matrisome,9606,Basement membrane|Extracellular matrix|Extracellular region,Basement membrane|Extracellular matrix|Extracellular space/secreted,Swiss-Prot,24
Q15517,True,,9606,Extracellular region,Extracellular space/secreted,Swiss-Prot,24
Q92982,True,,9606,Extracellular region,Extracellular space/secreted,Swiss-Prot,24
P54107,True,,9606,Extracellular space,,Swiss-Prot,24
Q14055,True,Collagens|Core matrisome,9606,Extracellular region|Extracellular space,Extracellular matrix|Extracellular space/secreted,Swiss-Prot,24
Q3B8N2,False,ECM-affiliated Proteins|Matrisome-associated,9606,,,Swiss-Prot,24
Q14031,True,Collagens|Core matrisome,9606,Basement membrane|Extracellular region|Extracellular space,Basement membrane|Extracellular matrix|Extracellular space/secreted,Swiss-Prot,24
O00339,True,ECM Glycoproteins|Core matrisome,9606,Basement membrane|Extracellular matrix|Extracellular region,Extracellular space/secreted,Swiss-Prot,24
Q7Z553,True,,9606,Extracellular region,,Swiss-Prot,24
Q9Y3A2,True,,9606,Extracellular space,,Swiss-Prot,24
Q811D0,True,,10090,Basement membrane,,Swiss-Prot,24
Q8CIE6,True,,10090,Extracellular space,Extracellular space/secreted,Swiss-Prot,24
Q9Y3E1,True,,9606,Extracellular region,,Swiss-Prot,24
Q6UXX5,True,ECM Regulators|Matrisome-associated,9606,Extracellular region,Extracellular space/secreted,Swiss-Prot,24
Q99218,True,ECM Glycoproteins|Core matrisome,9606,Extracellular region,Extracellular matrix|Extracellular space/secreted,Swiss-Prot,24
P20648,True,,9606,Extracellular space,,Swiss-Prot,23
Q6UWY0,True,,9606,Extracellular region,Extracellular space/secreted,Swiss-Prot,23
O95922,True,,9606,Extracellular region,,Swiss-Prot,23
O76038,True,,9606,Extracellular region,Extracellular space/secreted,Swiss-Prot,23
Q504Y2,True,,9606,Extracellular region,Extracellular space/secreted,Swiss-Prot,23
Q8N2G8,True,,9606,Extracellular region,,Swiss-Prot,23
E1U8D0,True,,10090,Extracellular space,Extracellular space/secreted,Swiss-Prot,23
A6NI73,True,,9606,Extracellular region|Extracellular space,Extracellular space/secreted,Swiss-Prot,23
P63038,True,,10090,Extracellular space,,Swiss-Prot,23
Q06033,True,ECM Regulators|Matrisome-associated,9606,Extracellular region,Extracellular space/secreted,Swiss-Prot,23
P10696,True,,9606,Extracellular region,,Swiss-Prot,23
P01275,True,,9606,Extracellular region|Extracellular space,Extracellular space/secreted,Swiss-Prot,23
P09758,True,,9606,Extracellular space,,Swiss-Prot,23
Q96PB7,True,,9606,Extracellular space,Extracellular space/secreted,Swiss-Prot,23
P36639,True,,9606,Extracellular space,,Swiss-Prot,23
Q16842,True,,9606,Extracellular region,Extracellular space/secreted,Swiss-Prot,23
Q93098,True,Secreted Factors|Matrisome-associated,9606,Extracellular region|Extracellular space,Extracellular matrix|Extracellular space/secreted,Swiss-Prot,23
Q14050,True,Collagens|Core matrisome,9606,Extracellular region|Extracellular space,Extracellular matrix|Extracellular space/secreted,Swiss-Prot,23
Q9H0B8,True,ECM Glycoproteins|Core matrisome,9606,Extracellular matrix|Extracellular region|Extracellular space,Extracellular space/secreted,Swiss-Prot,23
P19021,True,,9606,Extracellular region,Extracellular space/secreted,Swiss-Prot,23
Q96LB9,True,,9606,Extracellular region,Extracellular space/secreted,Swiss-Prot,23
Q9BXJ2,True,ECM-affiliated Proteins|Matrisome-associated,9606,Extracellular region,Extracellular space/secreted,Swiss-Prot,23
Q99439,True,,9606,Extracellular region,,Swiss-Prot,23
P35326,True,,9606,Extracellular region,Extracellular space/secreted,Swiss-Prot,23
P07498,True,,9606,Extracellular region|Extracellular space,Extracellular space/secreted,Swiss-Prot,23
P01614,True,,9606,Extracellular region|Extracellular space,Extracellular space/secreted,Swiss-Prot,22
P30046,True,,9606,Extracellular space,,Swiss-Prot,22
Q9Y315,True,,9606,Extracellular region,,Swiss-Prot,22
P01210,True,,9606,Extracellular region,Extracellular space/secreted,Swiss-Prot,22
Q16568,True,,9606,Extracellular space,Extracellular space/secreted,Swiss-Prot,22
P19801,True,,9606,Extracellular region|Extracellular space,Extracellular space/secreted,Swiss-Prot,22
Q8N2G4,True,,9606,Extracellular region,,Swiss-Prot,22
Q4G0X9,True,,9606,Extracellular region,,Swiss-Prot,22
Q6UVW9,False,ECM-affiliated Proteins|Matrisome-associated,9606,,,Swiss-Prot,22
P27169,True,,9606,Extracellular region|Extracellular space,Extracellular space/secreted,Swiss-Prot,22
Q8IW92,True,,9606,Extracellular region,Extracellular space/secreted,Swiss-Prot,22
O75462,True,Secreted Factors|Matrisome-associated,9606,Extracellular region|Extracellular space,Extracellular space/secreted,Swiss-Prot,22
P04180,True,,9606,Extracellular region|Extracellular space,Extracellular space/secreted,Swiss-Prot,22
Q9UHD0,True,Secreted Factors|Matrisome-associated,9606,Extracellular region|Extracellular space,Extracellular space/secreted,Swiss-Prot,22
Q9H3S1,False,ECM-affiliated Proteins|Matrisome-associated,9606,,,Swiss-Prot,22
Q9HCJ1,True,,9606,Extracellular region,,Swiss-Prot,22
Q5H8C1,True,ECM-affiliated Proteins|Matrisome-associated,9606,Basement membrane|Extracellular region,Basement membrane|Extracellular matrix|Extracellular space/secreted,Swiss-Prot,22
Q6UX34,True,,9606,Extracellular region,Extracellular matrix|Extracellular space/secreted,Swiss-Prot,22
Q6ZS10,False,ECM-affiliated Proteins|Matrisome-associated,9606,,,Swiss-Prot,22
Q7L592,True,,9606,Extracellular space,,Swiss-Prot,22
Q92954,True,Proteoglycans|Core matrisome,9606,Extracellular space,Extracellular space/secreted,Swiss-Prot,22
P07214,True,ECM Glycoproteins|Core matrisome,10090,Basement membrane|Extracellular matrix|Extracellular space,Basement membrane|Extracellular matrix|Extracellular space/secreted,Swiss-Prot,22
P05064,True,,10090,Extracellular space,,Swiss-Prot,22
Q9UBV4,True,Secreted Factors|Matrisome-associated,9606,Extracellular region|Extracellular space,Extracellular matrix|Extracellular space/secreted,Swiss-Prot,22
Q9P2W7,True,,9606,Extracellular region,Extracellular space/secreted,Swiss-Prot,22
P58335,True,,9606,Extracellular region,Extracellular space/secreted,Swiss-Prot,21
Q9P2D7,True,,9606,Extracellular region,,Swiss-Prot,21
Q8WWA0,True,ECM-affiliated Proteins|Matrisome-associated,9606,Extracellular region|Extracellular space,Extracellular space/secreted,Swiss-Prot,21
Q96H15,True,,9606,Extracellular region,Extracellular space/secreted,Swiss-Prot,21
Q9UQC9,True,,9606,Extracellular region,Extracellular space/secreted,Swiss-Prot,21
Q9UHA7,True,,9606,Extracellular region|Extracellular space,Extracellular space/secreted,Swiss-Prot,21
Q8IYS5,True,,9606,Extracellular region,Extracellular space/secreted,Swiss-Prot,21
A6NGN9,True,,9606,Extracellular region,Extracellular space/secreted,Swiss-Prot,21
P36915,True,,9606,Extracellular space,,Swiss-Prot,21
Q04118,True,,9606,Extracellular region,Extracellular space/secreted,Swiss-Prot,21
P07098,True,,9606,Extracellular region,Extracellular space/secreted,Swiss-Prot,21
Q9NZU1,True,,9606,Extracellular matrix|Extracellular space,Extracellular space/secreted,Swiss-Prot,21
Q6TDP4,True,,9606,Extracellular space,,Swiss-Prot,21
A1L4H1,True,,9606,Extracellular matrix|Extracellular space,Extracellular space/secreted,Swiss-Prot,21
Q7TMA5,True,,10116,Extracellular space,Extracellular space/secreted,Swiss-Prot,21
P22888,True,,9606,Extracellular space,,Swiss-Prot,21
Q9NNX1,True,,9606,Extracellular region,Extracellular space/secreted,Swiss-Prot,21
Q16378,True,,9606,Extracellular space,Extracellular space/secreted,Swiss-Prot,21
O14905,True,Secreted Factors|Matrisome-associated,9606,Extracellular region|Extracellular space,Extracellular matrix|Extracellular space/secreted,Swiss-Prot,21
Q5VWW1,False,ECM-affiliated Proteins|Matrisome-associated,9606,,Extracellular space/secreted,Swiss-Prot,21
Q9HBJ0,True,,9606,Extracellular region,Extracellular space/secreted,Swiss-Prot,21
Q9H3T3,False,ECM-affiliated Proteins|Matrisome-associated,9606,,,Swiss-Prot,21
Q86X45,True,,9606,Extracellular region,,Swiss-Prot,21
P02769,True,,9913,Extracellular region|Extracellular space,Extracellular space/secreted,Swiss-Prot,21
Q99467,True,,9606,Extracellular matrix|Extracellular space,,Swiss-Prot,20
Q6ZMP0,True,ECM Glycoproteins|Core matrisome,9606,,Extracellular matrix|Extracellular space/secreted,Swiss-Prot,20
Q13214,True,ECM-affiliated Proteins|Matrisome-associated,9606,Extracellular region,Extracellular space/secreted,Swiss-Prot,20
Q8WZ79,True,,9606,Extracellular region,,Swiss-Prot,20
Q8N145,True,ECM Glycoproteins|Core matrisome,9606,Extracellular region|Extracellular space,Extracellular space/secreted,Swiss-Prot,20
Q9UHG2,True,,9606,Extracellular space,Extracellular space/secreted,Swiss-Prot,20
Q9H8H3,True,,9606,Extracellular region,,Swiss-Prot,20
Q96NG3,True,,9606,Extracellular region,,Swiss-Prot,20
Q4LDE5,True,ECM Glycoproteins|Core matrisome,9606,Extracellular region|Extracellular space,Extracellular space/secreted,Swiss-Prot,20
P24387,True,Secreted Factors|Matrisome-associated,9606,Extracellular region|Extracellular space,Extracellular space/secreted,Swiss-Prot,20
O95025,True,ECM-affiliated Proteins|Matrisome-associated,9606,Extracellular space,Extracellular space/secreted,Swiss-Prot,20
Q96EG1,True,,9606,Extracellular space,,Swiss-Prot,20
P01562,True,Secreted Factors|Matrisome-associated,9606,Extracellular region|Extracellular space,Extracellular space/secreted,Swiss-Prot,20
Q9Y4X3,True,Secreted Factors|Matrisome-associated,9606,Extracellular region|Extracellular space,Extracellular space/secreted,Swiss-Prot,20
P20774,True,Proteoglycans|Core matrisome,9606,Extracellular matrix|Extracellular region|Extracellular space,Extracellular matrix|Extracellular space/secreted,Swiss-Prot,20
Q96T91,True,,9606,Extracellular region|Extracellular space,Extracellular space/secreted,Swiss-Prot,20
Q99102,True,ECM-affiliated Proteins|Matrisome-associated,9606,Extracellular matrix|Extracellular space,Extracellular space/secreted,Swiss-Prot,20
Q86WI1,True,,9606,Extracellular space,,Swiss-Prot,20
Q9Y2J8,True,,9606,Extracellular region,,Swiss-Prot,20
O94772,True,,9606,Extracellular region,,Swiss-Prot,20
O00764,True,,9606,Extracellular region,,Swiss-Prot,20
Q5UCC4,True,,9606,Extracellular region,Extracellular space/secreted,Swiss-Prot,20
Q9NRN5,True,,9606,Extracellular space,Extracellular space/secreted,Swiss-Prot,20
Q9GZX9,True,,9606,Extracellular space,Extracellular space/secreted,Swiss-Prot,20
P07911,True,,9606,Extracellular space,Extracellular space/secreted,Swiss-Prot,20
P06881,True,,9606,Extracellular region|Extracellular space,Extracellular space/secreted,Swiss-Prot,20
P30203,True,,9606,Extracellular region,Extracellular space/secreted,Swiss-Prot,20
P15085,True,,9606,Extracellular space,Extracellular space/secreted,Swiss-Prot,20
O70589,True,,10090,Basement membrane,,Swiss-Prot,20
O95460,True,ECM Glycoproteins|Core matrisome,9606,Extracellular region,Extracellular space/secreted,Swiss-Prot,20
P51460,True,Secreted Factors|Matrisome-associated,9606,Extracellular region|Extracellular space,Extracellular space/secreted,Swiss-Prot,20
O95841,True,Secreted Factors|Matrisome-associated,9606,Extracellular space,Extracellular space/secreted,Swiss-Prot,20
P02814,True,,9606,Extracellular space,Extracellular space/secreted,Swiss-Prot,20
Q8N136,True,,9606,Extracellular region,,Swiss-Prot,20
Q16647,True,,9606,Extracellular space,,Swiss-Prot,19
Q6UXB8,True,,9606,Extracellular space,Extracellular space/secreted,Swiss-Prot,19
Q9Y625,True,ECM-affiliated Proteins|Matrisome-associated,9606,Extracellular region,Extracellular space/secreted,Swiss-Prot,19
P35858,True,ECM Glycoproteins|Core matrisome,9606,Extracellular matrix|Extracellular region|Extracellular space,Extracellular space/secreted,Swiss-Prot,19
Q9NP70,True,ECM Glycoproteins|Core matrisome,9606,Extracellular region,Extracellular matrix|Extracellular space/secreted,Swiss-Prot,19
Q03403,True,,9606,Extracellular space,Extracellular space/secreted,Swiss-Prot,19
Q8IWU5,True,ECM Regulators|Matrisome-associated,9606,Extracellular region|Extracellular space,Extracellular space/secreted,Swiss-Prot,19
P60827,True,ECM-affiliated Proteins|Matrisome-associated,9606,Extracellular space,Extracellular space/secreted,Swiss-Prot,19
Q8NB25,True,,9606,Extracellular space,,Swiss-Prot,19
Q8WXD2,True,,9606,Extracellular region,Extracellular space/secreted,Swiss-Prot,19
Q9NTN9,False,ECM-affiliated Proteins|Matrisome-associated,9606,,,Swiss-Prot,19
Q7Z5L0,True,,9606,Extracellular space,Extracellular space/secreted,Swiss-Prot,19
Q16762,True,,9606,Extracellular space,,Swiss-Prot,19
Q96DT5,True,,9606,Extracellular region,,Swiss-Prot,19
P18510,True,Secreted Factors|Matrisome-associated,9606,Extracellular space,Extracellular space/secreted,Swiss-Prot,19
P63158,True,,10090,Extracellular region|Extracellular space,Extracellular space/secreted,Swiss-Prot,19
Q9UPZ6,True,,9606,Extracellular region,Extracellular space/secreted,Swiss-Prot,19
P04118,True,,9606,Extracellular region,Extracellular space/secreted,Swiss-Prot,19
Q9H3R2,True,ECM-affiliated Proteins|Matrisome-associated,9606,Extracellular space,Extracellular space/secreted,Swiss-Prot,19
Q8WXG8,False,Secreted Factors|Matrisome-associated,9606,,,Swiss-Prot,19
Q99972,True,,9606,Extracellular space,Extracellular matrix|Extracellular space/secreted,Swiss-Prot,19
Q6UXH8,True,Secreted Factors|Matrisome-associated,9606,Extracellular matrix|Extracellular space,Extracellular space/secreted,Swiss-Prot,19
A6BM72,False,Secreted Factors|Matrisome-associated,9606,,,Swiss-Prot,19
Q07507,True,ECM Glycoproteins|Core matrisome,9606,Extracellular space,Extracellular matrix|Extracellular space/secreted,Swiss-Prot,19
P43251,True,,9606,Extracellular region|Extracellular space,Extracellular space/secreted,Swiss-Prot,19
P15144,True,,9606,Extracellular space,,Swiss-Prot,19
P09093,True,ECM Regulators|Matrisome-associated,9606,Extracellular space,,Swiss-Prot,19
Q8N4T0,True,,9606,Extracellular space,Extracellular matrix|Extracellular space/secreted,Swiss-Prot,19
Q7Z494,True,,9606,Extracellular region,,Swiss-Prot,19
Q8N5I4,True,,9606,Extracellular region,Extracellular space/secreted,Swiss-Prot,19
P20142,True,,9606,Extracellular space,Extracellular space/secreted,Swiss-Prot,19
P08294,True,,9606,Extracellular region|Extracellular space,Extracellular space/secreted,Swiss-Prot,19
Q13093,True,,9606,Extracellular region,Extracellular space/secreted,Swiss-Prot,19
Q92874,True,,9606,Extracellular region,Extracellular space/secreted,Swiss-Prot,19
Q5GAN6,True,,9606,Extracellular region,Extracellular space/secreted,Swiss-Prot,18
Q5W0Q7,True,,9606,Extracellular space,,Swiss-Prot,18
Q9H1J7,True,Secreted Factors|Matrisome-associated,9606,Extracellular region|Extracellular space,Extracellular matrix|Extracellular space/secreted,Swiss-Prot,18
P20933,True,,9606,Extracellular region|Extracellular space,,Swiss-Prot,18
A8K7I4,True,,9606,Extracellular region,Extracellular space/secreted,Swiss-Prot,18
Q14129,True,,9606,Extracellular matrix,,Swiss-Prot,18
Q5TF21,True,,9606,Extracellular space,,Swiss-Prot,18
P50607,True,,9606,Extracellular region,Extracellular space/secreted,Swiss-Prot,18
Q99944,True,Secreted Factors|Matrisome-associated,9606,Extracellular region,Extracellular space/secreted,Swiss-Prot,18
O95255,True,,9606,Extracellular region,,Swiss-Prot,18
Q8IWL2,True,ECM-affiliated Proteins|Matrisome-associated,9606,Extracellular region|Extracellular space,Extracellular matrix|Extracellular space/secreted,Swiss-Prot,18
P35542,True,,9606,Extracellular region,Extracellular space/secreted,Swiss-Prot,18
Q8N1F8,True,,9606,Extracellular region,,Swiss-Prot,18
Q5J5C9,True,,9606,Extracellular region,Extracellular space/secreted,Swiss-Prot,18
P29377,True,Secreted Factors|Matrisome-associated,9606,Extracellular space,,Swiss-Prot,18
O94919,True,,9606,Extracellular region,Extracellular space/secreted,Swiss-Prot,18
Q13261,True,,9606,Extracellular region,Extracellular space/secreted,Swiss-Prot,18
Q8NHP8,True,,9606,Extracellular region,,Swiss-Prot,18
Q16619,True,Secreted Factors|Matrisome-associated,9606,Extracellular region|Extracellular space,Extracellular space/secreted,Swiss-Prot,18
O43897,True,ECM Regulators|Matrisome-associated,9606,Extracellular region|Extracellular space,Extracellular space/secreted,Swiss-Prot,18
P01148,True,,9606,Extracellular region|Extracellular space,Extracellular space/secreted,Swiss-Prot,18
Q02817,True,ECM-affiliated Proteins|Matrisome-associated,9606,Extracellular matrix|Extracellular space,Extracellular space/secreted,Swiss-Prot,18
Q8IWL1,True,ECM-affiliated Proteins|Matrisome-associated,9606,Extracellular region|Extracellular space,Extracellular matrix|Extracellular space/secreted,Swiss-Prot,18
Q6P4A8,True,,9606,Extracellular region|Extracellular space,,Swiss-Prot,18
Q96NZ9,True,,9606,Extracellular region,Extracellular space/secreted,Swiss-Prot,18
Q96QR1,True,,9606,Extracellular space,Extracellular space/secreted,Swiss-Prot,18
Q9NUQ9,True,,9606,Extracellular region,,Swiss-Prot,18
Q14512,True,Secreted Factors|Matrisome-associated,9606,Extracellular region|Extracellular space,Extracellular space/secreted,Swiss-Prot,18
Q12794,True,ECM Regulators|Matrisome-associated,9606,Extracellular space,Extracellular space/secreted,Swiss-Prot,18
Q9Y2L6,True,,9606,Extracellular space,,Swiss-Prot,18
P22466,True,,9606,Extracellular region|Extracellular space,Extracellular space/secreted,Swiss-Prot,17
Q9BY15,True,,9606,Extracellular region,Extracellular space/secreted,Swiss-Prot,17
Q86YC3,True,,9606,Extracellular region,,Swiss-Prot,17
Q11206,True,,9606,Extracellular region,Extracellular space/secreted,Swiss-Prot,17
P05451,True,ECM-affiliated Proteins|Matrisome-associated,9606,Extracellular space,Extracellular space/secreted,Swiss-Prot,17
P05013,True,Secreted Factors|Matrisome-associated,9606,Extracellular region|Extracellular space,Extracellular space/secreted,Swiss-Prot,17
P22079,True,,9606,Extracellular region|Extracellular space,Extracellular space/secreted,Swiss-Prot,17
Q9NZU0,True,,9606,Extracellular matrix|Extracellular space,Extracellular space/secreted,Swiss-Prot,17
Q8WUJ1,True,,9606,Extracellular region,Extracellular space/secreted,Swiss-Prot,17
B2RNN3,True,Secreted Factors|Matrisome-associated,9606,Extracellular region,Extracellular space/secreted,Swiss-Prot,17
P19788,True,ECM Glycoproteins|Core matrisome,10090,Extracellular matrix|Extracellular space,Extracellular space/secreted,Swiss-Prot,17
Q96PD5,True,,9606,Extracellular region,Extracellular space/secreted,Swiss-Prot,17
Q8WU39,True,,9606,Extracellular region,Extracellular space/secreted,Swiss-Prot,17
P28301,True,ECM Regulators|Matrisome-associated,10090,Extracellular matrix|Extracellular region|Extracellular space,Extracellular space/secreted,Swiss-Prot,17
Q9CYA0,True,ECM Glycoproteins|Core matrisome,10090,Extracellular space,,Swiss-Prot,17
Q9H4G1,True,ECM Regulators|Matrisome-associated,9606,Extracellular space,Extracellular space/secreted,Swiss-Prot,17
Q8IZJ0,True,,9606,Extracellular region|Extracellular space,Extracellular space/secreted,Swiss-Prot,17
P08582,True,,9606,Extracellular region|Extracellular space,,Swiss-Prot,17
P81172,True,,9606,Extracellular region|Extracellular space,Extracellular space/secreted,Swiss-Prot,17
Q05793,True,Proteoglycans|Core matrisome,10090,Basement membrane|Extracellular matrix|Extracellular region,Basement membrane|Extracellular matrix|Extracellular space/secreted,Swiss-Prot,17
P15088,True,,9606,Extracellular region|Extracellular space,,Swiss-Prot,17
P02810,True,,9606,Extracellular space,Extracellular space/secreted,Swiss-Prot,17
O00515,True,,9606,Basement membrane,Basement membrane|Extracellular matrix|Extracellular space/secreted,Swiss-Prot,16
P14206,True,,10090,Basement membrane,,Swiss-Prot,16
P16330,True,,10090,Extracellular space,,Swiss-Prot,16
O76027,True,ECM-affiliated Proteins|Matrisome-associated,9606,Extracellular space,,Swiss-Prot,16
Q0P651,True,,9606,Extracellular region,Extracellular space/secreted,Swiss-Prot,16
Q5VTE0,True,,9606,Extracellular space,,Swiss-Prot,16
P18406,True,,10090,Extracellular region,Extracellular space/secreted,Swiss-Prot,16
Q76B58,True,Secreted Factors|Matrisome-associated,9606,Extracellular region,Extracellular space/secreted,Swiss-Prot,16
Q8N1E2,True,,9606,Extracellular region,Extracellular space/secreted,Swiss-Prot,16
Q9UKZ9,True,ECM Glycoproteins|Core matrisome,9606,Extracellular region,Extracellular space/secreted,Swiss-Prot,16
P23927,True,,10090,Extracellular region,Extracellular space/secreted,Swiss-Prot,16
Q5TAT6,True,Collagens|Core matrisome,9606,Extracellular region|Extracellular space,,Swiss-Prot,16
Q6UX07,True,,9606,Extracellular region,Extracellular space/secreted,Swiss-Prot,16
Q2I0M5,True,ECM Glycoproteins|Core matrisome,9606,Extracellular region,Extracellular space/secreted,Swiss-Prot,16
O75829,True,,9606,Extracellular region,Extracellular matrix|Extracellular space/secreted,Swiss-Prot,16
Q8TE58,True,ECM Regulators|Matrisome-associated,9606,Extracellular matrix|Extracellular space,Extracellular matrix|Extracellular space/secreted,Swiss-Prot,16
Q9ULI3,True,,9606,Extracellular region,Extracellular space/secreted,Swiss-Prot,16
O95969,True,,9606,Extracellular space,Extracellular space/secreted,Swiss-Prot,16
P42127,True,,9606,Extracellular space,Extracellular space/secreted,Swiss-Prot,16
Q9H6D8,True,,9606,Extracellular space,Extracellular space/secreted,Swiss-Prot,16
Q8TDL5,True,,9606,Extracellular region,Extracellular space/secreted,Swiss-Prot,16
P59796,True,,9606,Extracellular region,Extracellular space/secreted,Swiss-Prot,16
P01213,True,,9606,Extracellular region,Extracellular space/secreted,Swiss-Prot,16
O96009,True,,9606,Extracellular space,Extracellular space/secreted,Swiss-Prot,16
Q96KG7,False,Secreted Factors|Matrisome-associated,9606,,,Swiss-Prot,16
Q9NT22,True,ECM Glycoproteins|Core matrisome,9606,Extracellular region,Extracellular matrix|Extracellular space/secreted,Swiss-Prot,16
P11597,True,,9606,Extracellular region|Extracellular space,Extracellular space/secreted,Swiss-Prot,16
P08587,True,,10144,Extracellular region,Extracellular matrix|Extracellular space/secreted,Swiss-Prot,16
Q86SI9,True,,9606,Extracellular region,Extracellular space/secreted,Swiss-Prot,16
P17742,True,,10090,Extracellular region|Extracellular space,Extracellular space/secreted,Swiss-Prot,16
O75339,True,ECM Glycoproteins|Core matrisome,9606,Extracellular space,Extracellular matrix|Extracellular space/secreted,Swiss-Prot,16
P00687,True,,10090,Extracellular space,Extracellular space/secreted,Swiss-Prot,16
Q15506,True,,9606,Extracellular region,,Swiss-Prot,16
Q2UY09,True,Collagens|Core matrisome,9606,Basement membrane|Extracellular region|Extracellular space,Basement membrane|Extracellular matrix|Extracellular space/secreted,Swiss-Prot,15
Q13231,True,,9606,Extracellular region|Extracellular space,Extracellular space/secreted,Swiss-Prot,15
P10997,True,,9606,Extracellular region|Extracellular space,Extracellular space/secreted,Swiss-Prot,15
Q62000,True,Proteoglycans|Core matrisome,10090,Extracellular matrix|Extracellular space,Extracellular matrix|Extracellular space/secreted,Swiss-Prot,15
Q9HC84,True,ECM-affiliated Proteins|Matrisome-associated,9606,Extracellular matrix|Extracellular space,Extracellular space/secreted,Swiss-Prot,15
Q6W4X9,True,ECM-affiliated Proteins|Matrisome-associated,9606,Extracellular matrix|Extracellular space,Extracellular space/secreted,Swiss-Prot,15
Q86UW8,True,Proteoglycans|Core matrisome,9606,Extracellular space,Extracellular matrix|Extracellular space/secreted,Swiss-Prot,15
P08113,True,,10090,Extracellular region,,Swiss-Prot,15
Q8WWZ8,False,ECM Glycoproteins|Core matrisome,9606,,,Swiss-Prot,15
P27352,True,,9606,Extracellular region|Extracellular space,Extracellular space/secreted,Swiss-Prot,15
Q9BYW3,True,,9606,Extracellular region,Extracellular space/secreted,Swiss-Prot,15
P08118,True,,9606,Extracellular space,Extracellular space/secreted,Swiss-Prot,15
A5D8T8,True,ECM-affiliated Proteins|Matrisome-associated,9606,Extracellular space,Extracellular space/secreted,Swiss-Prot,15
P01624,True,,9606,Extracellular region|Extracellular space,Extracellular space/secreted,Swiss-Prot,15
Q9UBR5,True,,9606,Extracellular region|Extracellular space,Extracellular space/secreted,Swiss-Prot,15
Q01459,True,,9606,Extracellular space,,Swiss-Prot,15
O95156,True,,9606,Extracellular region,Extracellular space/secreted,Swiss-Prot,15
Q9NPR2,False,ECM-affiliated Proteins|Matrisome-associated,9606,,,Swiss-Prot,15
P18627,True,,9606,Extracellular region,Extracellular space/secreted,Swiss-Prot,15
P49771,True,Secreted Factors|Matrisome-associated,9606,Extracellular region|Extracellular space,Extracellular space/secreted,Swiss-Prot,15
Q8BYI9,True,ECM Glycoproteins|Core matrisome,10090,Extracellular matrix|Extracellular space,Extracellular matrix|Extracellular space/secreted,Swiss-Prot,15
P01286,True,,9606,Extracellular region|Extracellular space,Extracellular space/secreted,Swiss-Prot,15
Q5GAN3,True,,9606,Extracellular region,Extracellular space/secreted,Swiss-Prot,15
Q96CK0,True,,9606,Extracellular region,,Swiss-Prot,15
Q2M3T9,False,ECM Regulators|Matrisome-associated,9606,,,Swiss-Prot,15
Q7Z4R8,True,,9606,Extracellular region,Extracellular space/secreted,Swiss-Prot,15
Q9NQ36,True,Secreted Factors|Matrisome-associated,9606,Extracellular region|Extracellular space,Extracellular space/secreted,Swiss-Prot,15
Q969D9,True,,9606,Extracellular region|Extracellular space,Extracellular space/secreted,Swiss-Prot,15
P09681,True,,9606,Extracellular region|Extracellular space,Extracellular space/secreted,Swiss-Prot,15
Q9UHF0,True,,9606,Extracellular region|Extracellular space,Extracellular space/secreted,Swiss-Prot,14
Q53H76,True,,9606,Extracellular region|Extracellular space,Extracellular space/secreted,Swiss-Prot,14
O60513,True,,9606,Extracellular region,Extracellular space/secreted,Swiss-Prot,14
P01258,True,,9606,Extracellular region|Extracellular space,Extracellular space/secreted,Swiss-Prot,14
A4D1Z8,False,ECM-affiliated Proteins|Matrisome-associated,9606,,,Swiss-Prot,14
Q16819,True,ECM Regulators|Matrisome-associated,9606,Extracellular space,,Swiss-Prot,14
P51993,True,,9606,Extracellular region,Extracellular space/secreted,Swiss-Prot,14
Q9UJ72,False,ECM-affiliated Proteins|Matrisome-associated,9606,,,Swiss-Prot,14
P0DP57,True,,9606,Extracellular space,Extracellular space/secreted,Swiss-Prot,14
Q6UXH0,True,,9606,Extracellular region,Extracellular space/secreted,Swiss-Prot,14
Q9H3T2,False,ECM-affiliated Proteins|Matrisome-associated,9606,,,Swiss-Prot,14
P55089,True,,9606,Extracellular region,Extracellular space/secreted,Swiss-Prot,14
Q86YW7,True,,9606,Extracellular region|Extracellular space,Extracellular space/secreted,Swiss-Prot,14
Q9Y5L3,True,,9606,Basement membrane,,Swiss-Prot,14
Q9H1B7,True,,9606,Extracellular space,,Swiss-Prot,14
P70441,True,,10090,Extracellular region,,Swiss-Prot,14
P54108,True,,9606,Extracellular matrix|Extracellular region|Extracellular space,Extracellular space/secreted,Swiss-Prot,14
Q9HC57,True,,9606,Extracellular space,Extracellular space/secreted,Swiss-Prot,14
O54824,True,Secreted Factors|Matrisome-associated,10090,Extracellular space,Extracellular space/secreted,Swiss-Prot,14
O60844,True,,9606,Extracellular space,Extracellular matrix|Extracellular space/secreted,Swiss-Prot,14
P82987,True,ECM Regulators|Matrisome-associated,9606,Extracellular matrix|Extracellular region,Extracellular matrix|Extracellular space/secreted,Swiss-Prot,14
Q6UX39,True,,9606,Basement membrane|Extracellular matrix|Extracellular region,Extracellular space/secreted,Swiss-Prot,14
Q5DT21,True,,9606,Extracellular region,Extracellular space/secreted,Swiss-Prot,14
P43088,True,,9606,Extracellular region,,Swiss-Prot,14
Q6EBC2,True,,9606,Extracellular region|Extracellular space,Extracellular space/secreted,Swiss-Prot,14
O55042,True,,10090,Extracellular region|Extracellular space,Extracellular space/secreted,Swiss-Prot,14
Q9QXD6,True,,10090,Extracellular space,,Swiss-Prot,14
Q8TEU8,True,Secreted Factors|Matrisome-associated,9606,Extracellular space,Extracellular space/secreted,Swiss-Prot,14
P56703,True,Secreted Factors|Matrisome-associated,9606,Extracellular matrix|Extracellular region|Extracellular space,Extracellular matrix|Extracellular space/secreted,Swiss-Prot,14
P15086,True,,9606,Extracellular space,Extracellular space/secreted,Swiss-Prot,14
O75354,True,,9606,Extracellular region|Extracellular space,Extracellular space/secreted,Swiss-Prot,13
Q5GAN4,True,,9606,Extracellular region,Extracellular space/secreted,Swiss-Prot,13
Q9P1T7,True,,9606,Extracellular region,Extracellular space/secreted,Swiss-Prot,13
P57764,True,,9606,Extracellular region|Extracellular space,Extracellular space/secreted,Swiss-Prot,13
Q6GPI1,True,,9606,Extracellular region,Extracellular space/secreted,Swiss-Prot,13
O00584,True,,9606,Extracellular region|Extracellular space,Extracellular space/secreted,Swiss-Prot,13
P15516,True,,9606,Extracellular region,Extracellular space/secreted,Swiss-Prot,13
Q66K79,True,,9606,Extracellular space,Extracellular matrix|Extracellular space/secreted,Swiss-Prot,13
Q13609,True,,9606,Extracellular region,Extracellular space/secreted,Swiss-Prot,13
P15379,True,,10090,Extracellular region,Extracellular space/secreted,Swiss-Prot,13
A4D1T9,True,,9606,Extracellular region,Extracellular space/secreted,Swiss-Prot,13
Q9UKZ4,True,,9606,Extracellular region,,Swiss-Prot,13
Q8TB73,True,ECM Glycoproteins|Core matrisome,9606,Extracellular matrix|Extracellular region|Extracellular space,Extracellular space/secreted,Swiss-Prot,13
Q62915,True,,10116,Basement membrane,,Swiss-Prot,13
P20742,True,ECM Regulators|Matrisome-associated,9606,Extracellular region|Extracellular space,Extracellular space/secreted,Swiss-Prot,13
Q5QJ38,False,Secreted Factors|Matrisome-associated,9606,,,Swiss-Prot,13
Q9Y5Z4,True,,9606,Extracellular region,,Swiss-Prot,13
Q9NQR4,True,,9606,Extracellular region,,Swiss-Prot,13
Q9BZM1,True,,9606,Extracellular region,Extracellular space/secreted,Swiss-Prot,13
P14211,True,,10090,Extracellular region|Extracellular space,Extracellular matrix|Extracellular space/secreted,Swiss-Prot,13
P35918,True,,10090,Extracellular region,Extracellular space/secreted,Swiss-Prot,13
Q9C0B6,True,Secreted Factors|Matrisome-associated,9606,Extracellular region,Extracellular space/secreted,Swiss-Prot,13
Q9HCM2,False,ECM-affiliated Proteins|Matrisome-associated,9606,,,Swiss-Prot,13
P58215,True,ECM Regulators|Matrisome-associated,9606,Extracellular region|Extracellular space,Extracellular space/secreted,Swiss-Prot,13
Q8TAZ6,True,,9606,Extracellular space,,Swiss-Prot,13
P11150,True,,9606,Extracellular region|Extracellular space,Extracellular space/secreted,Swiss-Prot,13
Q6UXT9,True,,9606,Extracellular region,Extracellular space/secreted,Swiss-Prot,13
Q8IYD9,True,,9606,Extracellular region,Extracellular space/secreted,Swiss-Prot,13
Q13508,True,,9606,Extracellular region,,Swiss-Prot,13
Q8IVL5,True,,9606,Basement membrane,,Swiss-Prot,13
P11678,True,,9606,Extracellular region|Extracellular space,,Swiss-Prot,13
P04280,True,,9606,Extracellular region,Extracellular space/secreted,Swiss-Prot,13
Q14210,True,,9606,Extracellular region,,Swiss-Prot,13
Q9BUR5,True,,9606,Extracellular region|Extracellular space,Extracellular space/secreted,Swiss-Prot,12
Q99674,True,,9606,Extracellular region,Extracellular space/secreted,Swiss-Prot,12
O95236,True,,9606,Extracellular region,,Swiss-Prot,12
P58499,True,,9606,Extracellular region|Extracellular space,Extracellular space/secreted,Swiss-Prot,12
Q5W186,True,ECM Regulators|Matrisome-associated,9606,Extracellular space,Extracellular space/secreted,Swiss-Prot,12
O75951,True,,9606,Extracellular region,Extracellular space/secreted,Swiss-Prot,12
Q61091,True,,10090,Extracellular region,,Swiss-Prot,12
Q96KX0,True,,9606,Extracellular space,Extracellular space/secreted,Swiss-Prot,12
P18760,True,,10090,Extracellular region,,Swiss-Prot,12
O14960,True,,9606,Extracellular space,Extracellular space/secreted,Swiss-Prot,12
O95932,False,ECM Regulators|Matrisome-associated,9606,,,Swiss-Prot,12
Q8N539,True,,9606,Extracellular space,,Swiss-Prot,12
Q96DR8,True,ECM-affiliated Proteins|Matrisome-associated,9606,Extracellular region,Extracellular space/secreted,Swiss-Prot,12
O00253,True,,9606,Extracellular space,Extracellular space/secreted,Swiss-Prot,12
Q08850,True,,10116,Extracellular space,,Swiss-Prot,12
O15240,True,,9606,Extracellular space,Extracellular space/secreted,Swiss-Prot,12
P08592,True,,10116,Extracellular space,Extracellular space/secreted,Swiss-Prot,12
Q9NRM1,True,,9606,Extracellular matrix|Extracellular region,Extracellular matrix|Extracellular space/secreted,Swiss-Prot,12
Q9Y6L7,True,ECM Regulators|Matrisome-associated,9606,Extracellular region|Extracellular space,Extracellular space/secreted,Swiss-Prot,12
P78333,True,ECM-affiliated Proteins|Matrisome-associated,9606,Extracellular region,Extracellular space/secreted,Swiss-Prot,12
Q7Z5L7,True,Proteoglycans|Core matrisome,9606,Extracellular space,Extracellular matrix|Extracellular space/secreted,Swiss-Prot,12
Q9NRV9,True,,9606,Extracellular region,,Swiss-Prot,12
P48356,True,,10090,Extracellular space,Extracellular space/secreted,Swiss-Prot,12
Q9UGT4,True,,9606,Extracellular space,,Swiss-Prot,12
O15263,True,,9606,Extracellular region|Extracellular space,Extracellular space/secreted,Swiss-Prot,12
P02469,True,ECM Glycoproteins|Core matrisome,10090,Basement membrane|Extracellular matrix|Extracellular region|Extracellular space,Basement membrane|Extracellular matrix|Extracellular space/secreted,Swiss-Prot,12
P27467,True,Secreted Factors|Matrisome-associated,10090,Extracellular region|Extracellular space,Extracellular matrix|Extracellular space/secreted,Swiss-Prot,12
Q9UNW1,True,,9606,Extracellular space,Extracellular space/secreted,Swiss-Prot,12
P01942,True,,10090,Extracellular space,,Swiss-Prot,12
Q6E0U4,True,,9606,Extracellular space,Extracellular space/secreted,Swiss-Prot,12
Q96C74,True,,9606,Extracellular region,,Swiss-Prot,12
O35082,True,,10090,Extracellular region,Extracellular space/secreted,Swiss-Prot,12
Q9HD89,True,,9606,Extracellular region|Extracellular space,Extracellular space/secreted,Swiss-Prot,12
O95760,True,,9606,Extracellular region|Extracellular space,Extracellular space/secreted,Swiss-Prot,12
Q86XS5,True,Secreted Factors|Matrisome-associated,9606,Extracellular space,Extracellular space/secreted,Swiss-Prot,12
P01837,True,,10090,Extracellular region,,Swiss-Prot,12
Q96PN6,True,,9606,Extracellular region,,Swiss-Prot,12
Q96DR5,True,,9606,Extracellular region|Extracellular space,Extracellular space/secreted,Swiss-Prot,12
Q6P6V0,True,,10116,Extracellular space,Extracellular space/secreted,Swiss-Prot,11
P15535,True,,10090,Extracellular region,Extracellular space/secreted,Swiss-Prot,11
Q96QV1,True,Secreted Factors|Matrisome-associated,9606,Extracellular region,Extracellular space/secreted,Swiss-Prot,11
P18242,True,ECM Regulators|Matrisome-associated,10090,Extracellular space,Extracellular space/secreted,Swiss-Prot,11
Q9EPB4,True,,10090,Extracellular region,,Swiss-Prot,11
P54317,True,,9606,Extracellular region|Extracellular space,Extracellular space/secreted,Swiss-Prot,11
Q8NFR9,True,,9606,Extracellular region,Extracellular space/secreted,Swiss-Prot,11
P25446,True,,10090,Extracellular region|Extracellular space,,Swiss-Prot,11
P38659,True,,10116,Extracellular space,,Swiss-Prot,11
P14138,True,,9606,Extracellular region|Extracellular space,Extracellular space/secreted,Swiss-Prot,11
Q9NZF1,True,,9606,Extracellular region,,Swiss-Prot,11
Q17R60,True,Proteoglycans|Core matrisome,9606,Extracellular matrix|Extracellular region,Extracellular matrix|Extracellular space/secreted,Swiss-Prot,11
Q01705,True,,10090,Extracellular region,,Swiss-Prot,11
Q9HAT1,False,ECM-affiliated Proteins|Matrisome-associated,9606,,,Swiss-Prot,11
Q9BRQ8,True,,9606,Extracellular space,,Swiss-Prot,11
P02750,True,ECM Glycoproteins|Core matrisome,9606,Extracellular region|Extracellular space,Extracellular space/secreted,Swiss-Prot,11
Q12889,True,ECM-affiliated Proteins|Matrisome-associated,9606,Extracellular region,,Swiss-Prot,11
Q6ZVN8,True,,9606,Extracellular space,,Swiss-Prot,11
Q62312,True,,10090,Extracellular space,,Swiss-Prot,11
P14207,True,,9606,Extracellular region,Extracellular space/secreted,Swiss-Prot,11
O75072,True,,9606,Extracellular space,,Swiss-Prot,11
P54922,True,,9606,Extracellular space,,Swiss-Prot,11
P49788,True,,9606,Extracellular space,Extracellular space/secreted,Swiss-Prot,11
Q969Y0,True,,9606,Extracellular region,Extracellular space/secreted,Swiss-Prot,11
O60486,False,ECM-affiliated Proteins|Matrisome-associated,9606,,,Swiss-Prot,11
O43866,True,,9606,Extracellular region|Extracellular space,Extracellular space/secreted,Swiss-Prot,11
P63028,True,,10090,Extracellular space,,Swiss-Prot,11
P63039,True,,10116,Extracellular space,,Swiss-Prot,11
P10163,True,,9606,Extracellular region,Extracellular space/secreted,Swiss-Prot,11
Q9NS98,False,ECM-affiliated Proteins|Matrisome-associated,9606,,Extracellular space/secreted,Swiss-Prot,11
P34901,True,,10116,Extracellular region,Extracellular space/secreted,Swiss-Prot,11
Q86VH4,True,,9606,Extracellular matrix|Extracellular space,,Swiss-Prot,11
Q62351,True,,10090,Extracellular region|Extracellular space,,Swiss-Prot,11
Q8WTU2,True,,9606,Extracellular region,Extracellular space/secreted,Swiss-Prot,11
O94898,True,,9606,Extracellular matrix|Extracellular space,,Swiss-Prot,11
Q86YJ6,True,,9606,Extracellular space,Extracellular space/secreted,Swiss-Prot,11
Q9P283,False,ECM-affiliated Proteins|Matrisome-associated,9606,,,Swiss-Prot,11
Q8WXF3,True,,9606,Extracellular region,Extracellular space/secreted,Swiss-Prot,11
Q76M96,True,,9606,Basement membrane|Extracellular region,Extracellular matrix|Extracellular space/secreted,Swiss-Prot,11
Q8IUK5,True,ECM-affiliated Proteins|Matrisome-associated,9606,Extracellular region|Extracellular space,Extracellular space/secreted,Swiss-Prot,11
P13020,True,,10090,Extracellular region|Extracellular space,Extracellular space/secreted,Swiss-Prot,11
O95157,True,,9606,Extracellular region,Extracellular space/secreted,Swiss-Prot,11
P02468,True,ECM Glycoproteins|Core matrisome,10090,Basement membrane|Extracellular region,Basement membrane|Extracellular matrix|Extracellular space/secreted,Swiss-Prot,11
Q6TUG0,True,,10116,Extracellular space,,Swiss-Prot,11
Q8NC74,True,,9606,Extracellular space,,Swiss-Prot,10
P12821,True,,9606,Extracellular region|Extracellular space,Extracellular space/secreted,Swiss-Prot,10
P97864,True,,10090,Extracellular space,Extracellular space/secreted,Swiss-Prot,10
Q6X784,True,,9606,Extracellular region,Extracellular space/secreted,Swiss-Prot,10
Q7Z5A9,True,,9606,Extracellular space,Extracellular space/secreted,Swiss-Prot,10
Q9H1U4,True,Secreted Factors|Matrisome-associated,9606,Basement membrane,,Swiss-Prot,10
Q9UMX5,True,,9606,Extracellular space,Extracellular space/secreted,Swiss-Prot,10
Q5VT79,False,ECM-affiliated Proteins|Matrisome-associated,9606,,,Swiss-Prot,10
Q4G0G5,True,,9606,Extracellular region,Extracellular space/secreted,Swiss-Prot,10
Q8TCW7,True,ECM Glycoproteins|Core matrisome,9606,Extracellular space,Extracellular matrix|Extracellular space/secreted,Swiss-Prot,10
P47853,True,,10116,Extracellular matrix|Extracellular space,Extracellular matrix|Extracellular space/secreted,Swiss-Prot,10
P10605,True,ECM Regulators|Matrisome-associated,10090,Extracellular region|Extracellular space,Extracellular space/secreted,Swiss-Prot,10
Q8NES3,True,,9606,Extracellular region,,Swiss-Prot,10
P13716,True,,9606,Extracellular region,,Swiss-Prot,10
P13213,True,ECM Glycoproteins|Core matrisome,9913,Basement membrane|Extracellular space,Basement membrane|Extracellular matrix|Extracellular space/secreted,Swiss-Prot,10
Q8IU54,True,,9606,Extracellular region|Extracellular space,Extracellular space/secreted,Swiss-Prot,10
Q8NCC3,True,,9606,Extracellular region|Extracellular space,Extracellular space/secreted,Swiss-Prot,10
P28325,True,ECM Regulators|Matrisome-associated,9606,Extracellular region|Extracellular space,Extracellular space/secreted,Swiss-Prot,10
P14753,True,,10090,Extracellular region,Extracellular space/secreted,Swiss-Prot,10
Q6UXK5,True,,9606,Extracellular matrix|Extracellular space,,Swiss-Prot,10
O15041,True,ECM-affiliated Proteins|Matrisome-associated,9606,Extracellular region|Extracellular space,Extracellular space/secreted,Swiss-Prot,10
Q9H7L2,True,,9606,Extracellular region,Extracellular space/secreted,Swiss-Prot,10
Q9Y2Y6,True,,9606,Extracellular space,Extracellular space/secreted,Swiss-Prot,10
O35887,True,,10090,Extracellular region,Extracellular space/secreted,Swiss-Prot,10
P30990,True,,9606,Extracellular region,Extracellular space/secreted,Swiss-Prot,10
Q9UKN1,False,ECM-affiliated Proteins|Matrisome-associated,9606,,,Swiss-Prot,10
P36980,True,,9606,Extracellular region|Extracellular space,Extracellular space/secreted,Swiss-Prot,10
P13608,True,Proteoglycans|Core matrisome,9913,Extracellular region|Extracellular space,Extracellular matrix|Extracellular space/secreted,Swiss-Prot,10
P04985,True,ECM Glycoproteins|Core matrisome,9913,Extracellular region,Extracellular matrix|Extracellular space/secreted,Swiss-Prot,10
Q5U367,True,,10116,Extracellular space,Extracellular space/secreted,Swiss-Prot,9
Q96BH3,True,ECM Glycoproteins|Core matrisome,9606,Extracellular region,Extracellular space/secreted,Swiss-Prot,9
Q6UWW0,True,,9606,Extracellular region,Extracellular space/secreted,Swiss-Prot,9
Q9HCQ7,True,,9606,Extracellular region,Extracellular space/secreted,Swiss-Prot,9
O35796,True,,10116,Extracellular space,Extracellular space/secreted,Swiss-Prot,9
Q9BPW4,True,,9606,Extracellular space,Extracellular space/secreted,Swiss-Prot,9
Q9UEF7,True,,9606,Extracellular region|Extracellular space,Extracellular space/secreted,Swiss-Prot,9
Q9UBU2,True,,9606,Extracellular space,Extracellular space/secreted,Swiss-Prot,9
Q9Y6R7,True,,9606,Extracellular matrix|Extracellular space,Extracellular space/secreted,Swiss-Prot,9
Q8WWQ2,True,ECM Regulators|Matrisome-associated,9606,Extracellular matrix|Extracellular space,Extracellular matrix|Extracellular space/secreted,Swiss-Prot,9
Q8N129,True,,9606,Extracellular region,Extracellular space/secreted,Swiss-Prot,9
P11276,True,ECM Glycoproteins|Core matrisome,10090,Basement membrane|Extracellular matrix|Extracellular space,Extracellular matrix|Extracellular space/secreted,Swiss-Prot,9
P0CG39,True,,9606,Extracellular space,,Swiss-Prot,9
Q86Y22,True,Collagens|Core matrisome,9606,Basement membrane|Extracellular space,,Swiss-Prot,9
Q9NZH8,True,,9606,Extracellular region|Extracellular space,Extracellular space/secreted,Swiss-Prot,9
O89019,True,,10090,Extracellular region,,Swiss-Prot,9
P10493,True,ECM Glycoproteins|Core matrisome,10090,Basement membrane|Extracellular matrix|Extracellular region,Basement membrane|Extracellular matrix|Extracellular space/secreted,Swiss-Prot,9
Q99376,True,,10116,Extracellular region|Extracellular space,,Swiss-Prot,9
Q9GZN8,True,,9606,Extracellular space,Extracellular space/secreted,Swiss-Prot,9
O55022,True,,10090,Extracellular region,Extracellular space/secreted,Swiss-Prot,9
P51859,True,,10090,Extracellular space,Extracellular space/secreted,Swiss-Prot,9
P07724,True,,10090,Basement membrane|Extracellular region|Extracellular space,Extracellular space/secreted,Swiss-Prot,9
Q6UWM5,True,,9606,Extracellular space,Extracellular space/secreted,Swiss-Prot,9
Q07113,True,,10090,Extracellular space,,Swiss-Prot,9
O43895,True,,9606,Extracellular region,,Swiss-Prot,9
Q86UB2,True,,9606,Extracellular space,,Swiss-Prot,9
P35969,True,,10090,Extracellular space,,Swiss-Prot,9
Q9C093,True,,9606,Extracellular region,,Swiss-Prot,9
P20062,True,,9606,Extracellular region|Extracellular space,Extracellular space/secreted,Swiss-Prot,9
Q9NR16,True,,9606,Extracellular region,Extracellular space/secreted,Swiss-Prot,9
Q96RI0,True,,9606,Extracellular region,,Swiss-Prot,9
A2ARV4,True,,10090,Extracellular space,,Swiss-Prot,9
O95867,True,,9606,Extracellular region,,Swiss-Prot,9
P18418,True,,10116,Extracellular space,Extracellular matrix|Extracellular space/secreted,Swiss-Prot,9
P23582,True,,9606,Extracellular region|Extracellular space,Extracellular space/secreted,Swiss-Prot,9
P02666,True,,9913,Extracellular space,Extracellular space/secreted,Swiss-Prot,9
Q924X6,True,,10090,Extracellular space,Extracellular space/secreted,Swiss-Prot,9
A8MV23,True,ECM Regulators|Matrisome-associated,9606,Extracellular space,Extracellular space/secreted,Swiss-Prot,9
Q9BT56,True,,9606,Extracellular space,Extracellular space/secreted,Swiss-Prot,9
Q96RQ9,True,,9606,Extracellular region,Extracellular space/secreted,Swiss-Prot,9
O75715,True,,9606,Extracellular region,Extracellular space/secreted,Swiss-Prot,9
P15515,True,,9606,Extracellular region,Extracellular space/secreted,Swiss-Prot,9
O08807,True,,10090,Extracellular space,,Swiss-Prot,9
P49908,True,,9606,Extracellular region,Extracellular space/secreted,Swiss-Prot,9
Q9UBU3,True,,9606,Extracellular region|Extracellular space,Extracellular space/secreted,Swiss-Prot,9
Q8TD33,True,,9606,Extracellular region,Extracellular space/secreted,Swiss-Prot,9
Q7L0X0,True,,9606,Extracellular matrix|Extracellular space,,Swiss-Prot,9
Q7Z304,True,,9606,Extracellular region,Extracellular matrix|Extracellular space/secreted,Swiss-Prot,9
Q15782,True,,9606,Extracellular region|Extracellular space,Extracellular space/secreted,Swiss-Prot,9
P60985,True,,9606,Extracellular space,Extracellular space/secreted,Swiss-Prot,9
Q96FE7,True,Secreted Factors|Matrisome-associated,9606,Extracellular space,,Swiss-Prot,9
Q9NY56,True,,9606,Extracellular space,Extracellular space/secreted,Swiss-Prot,8
Q62165,True,,10090,Basement membrane|Extracellular region|Extracellular space,Extracellular space/secreted,Swiss-Prot,8
Q502W6,False,ECM Glycoproteins|Core matrisome,9606,,,Swiss-Prot,8
Q8NAU1,True,,9606,Extracellular region,Extracellular space/secreted,Swiss-Prot,8
P01887,True,,10090,Extracellular space,Extracellular space/secreted,Swiss-Prot,8
O60676,True,ECM Regulators|Matrisome-associated,9606,Extracellular region,Extracellular space/secreted,Swiss-Prot,8
P10082,True,,9606,Extracellular region|Extracellular space,Extracellular space/secreted,Swiss-Prot,8
P11598,True,,10116,Extracellular region|Extracellular space,,Swiss-Prot,8
Q969E3,True,,9606,Extracellular region|Extracellular space,Extracellular space/secreted,Swiss-Prot,8
P52823,True,,9606,Extracellular space,Extracellular space/secreted,Swiss-Prot,8
Q8WWY7,True,,9606,Extracellular space,Extracellular space/secreted,Swiss-Prot,8
Q8NBM8,True,,9606,Extracellular region,Extracellular space/secreted,Swiss-Prot,8
Q9H114,True,ECM Regulators|Matrisome-associated,9606,Extracellular region,Extracellular space/secreted,Swiss-Prot,8
P24270,True,,10090,Extracellular space,,Swiss-Prot,8
P58294,True,,9606,Extracellular region,Extracellular space/secreted,Swiss-Prot,8
P37889,True,ECM Glycoproteins|Core matrisome,10090,Extracellular region,Extracellular matrix|Extracellular space/secreted,Swiss-Prot,8
Q9BS31,True,,9606,Extracellular space,,Swiss-Prot,8
Q96PB8,True,,9606,Extracellular matrix|Extracellular space,,Swiss-Prot,8
Q6P5S2,True,,9606,Extracellular space,Extracellular space/secreted,Swiss-Prot,8
Q8TCV5,True,,9606,Extracellular space,Extracellular space/secreted,Swiss-Prot,8
Q30KQ9,True,,9606,Extracellular space,Extracellular space/secreted,Swiss-Prot,8
P97873,True,ECM Regulators|Matrisome-associated,10090,Basement membrane|Extracellular matrix|Extracellular space,Extracellular space/secreted,Swiss-Prot,8
Q96QH8,True,,9606,Extracellular region,Extracellular space/secreted,Swiss-Prot,8
P04746,True,,9606,Extracellular region|Extracellular space,Extracellular space/secreted,Swiss-Prot,8
Q9BSG5,True,,9606,Extracellular region,Extracellular matrix|Extracellular space/secreted,Swiss-Prot,8
Q30KQ6,True,,9606,Extracellular space,Extracellular space/secreted,Swiss-Prot,8
Q8IZI9,True,,9606,Extracellular region|Extracellular space,Extracellular space/secreted,Swiss-Prot,8
Q6UWN5,True,,9606,Extracellular region,,Swiss-Prot,8
P70452,True,,10090,Extracellular space,,Swiss-Prot,8
Q8WVN6,True,,9606,Extracellular space,Extracellular space/secreted,Swiss-Prot,8
P28798,True,,10090,Extracellular region|Extracellular space,Extracellular space/secreted,Swiss-Prot,8
Q9H3W5,True,,9606,Extracellular matrix|Extracellular space,,Swiss-Prot,8
Q11203,True,,9606,Extracellular region,Extracellular space/secreted,Swiss-Prot,8
Q8WWF1,True,,9606,Extracellular region,Extracellular space/secreted,Swiss-Prot,8
Q9EPL2,True,,10090,Extracellular region,,Swiss-Prot,8
Q9NZW4,True,ECM Glycoproteins|Core matrisome,9606,Extracellular matrix|Extracellular region,Extracellular matrix|Extracellular space/secreted,Swiss-Prot,8
P34058,True,,10116,Extracellular region,Extracellular space/secreted,Swiss-Prot,8
P02089,True,,10090,Extracellular space,,Swiss-Prot,8
Q8VIM0,True,,10090,Extracellular region,Extracellular space/secreted,Swiss-Prot,8
Q5R387,True,,9606,Extracellular region,Extracellular space/secreted,Swiss-Prot,8
Q9NXG6,False,ECM Regulators|Matrisome-associated,9606,,,Swiss-Prot,8
O43612,True,,9606,Extracellular region,,Swiss-Prot,8
P21809,True,Proteoglycans|Core matrisome,9913,Extracellular matrix|Extracellular region|Extracellular space,Extracellular matrix|Extracellular space/secreted,Swiss-Prot,8
Q9H7B7,True,,9606,Extracellular region,Extracellular space/secreted,Swiss-Prot,8
Q8N387,True,ECM-affiliated Proteins|Matrisome-associated,9606,Extracellular region,Extracellular space/secreted,Swiss-Prot,8
O43692,True,,9606,Extracellular space,Extracellular space/secreted,Swiss-Prot,8
Q68FP1,True,,10116,Extracellular region|Extracellular space,Extracellular space/secreted,Swiss-Prot,8
Q96L15,True,,9606,Extracellular region,Extracellular space/secreted,Swiss-Prot,8
Q8WXI7,False,ECM-affiliated Proteins|Matrisome-associated,9606,,Extracellular space/secreted,Swiss-Prot,8
Q6UXX9,True,ECM Glycoproteins|Core matrisome,9606,Extracellular region,Extracellular space/secreted,Swiss-Prot,8
P10637,True,,10090,Extracellular region,Extracellular space/secreted,Swiss-Prot,8
Q6UW10,True,ECM-affiliated Proteins|Matrisome-associated,9606,Extracellular region,Extracellular space/secreted,Swiss-Prot,8
Q9H6E4,True,,9606,Extracellular region,Extracellular space/secreted,Swiss-Prot,8
Q8NDM7,True,,9606,Extracellular region,,Swiss-Prot,8
P19137,True,ECM Glycoproteins|Core matrisome,10090,Basement membrane|Extracellular matrix|Extracellular region|Extracellular space,Basement membrane|Extracellular matrix|Extracellular space/secreted,Swiss-Prot,8
Q00560,True,,10090,Extracellular space,,Swiss-Prot,8
Q10588,True,,9606,Extracellular region,,Swiss-Prot,8
P24001,True,,9606,Extracellular space,Extracellular space/secreted,Swiss-Prot,8
P01868,True,,10090,Extracellular space,Extracellular space/secreted,Swiss-Prot,8
P70206,False,ECM-affiliated Proteins|Matrisome-associated,10090,,,Swiss-Prot,8
Q5TCH4,True,,9606,Extracellular space,,Swiss-Prot,8
P09683,True,,9606,Extracellular region|Extracellular space,Extracellular space/secreted,Swiss-Prot,8
Q96A83,True,Collagens|Core matrisome,9606,Extracellular region,Extracellular matrix|Extracellular space/secreted,Swiss-Prot,8
P61823,True,,9913,Extracellular region,Extracellular space/secreted,Swiss-Prot,8
Q62840,True,,10116,Extracellular region,Extracellular matrix|Extracellular space/secreted,Swiss-Prot,8
P22725,True,Secreted Factors|Matrisome-associated,10090,Extracellular matrix|Extracellular region|Extracellular space,Extracellular matrix|Extracellular space/secreted,Swiss-Prot,8
Q02985,True,,9606,Extracellular space,Extracellular space/secreted,Swiss-Prot,8
Q68BL7,True,,9606,Extracellular matrix|Extracellular space,Extracellular space/secreted,Swiss-Prot,7
Q6ZRI0,True,ECM Glycoproteins|Core matrisome,9606,Extracellular matrix|Extracellular space,Extracellular space/secreted,Swiss-Prot,7
Q8TDS7,True,,9606,Extracellular space,,Swiss-Prot,7
Q4VBE4,True,ECM Glycoproteins|Core matrisome,10090,Basement membrane|Extracellular matrix,Extracellular matrix|Extracellular space/secreted,Swiss-Prot,7
Q6P1S2,True,,9606,Extracellular space,Extracellular space/secreted,Swiss-Prot,7
O70456,True,,10090,Extracellular region,Extracellular space/secreted,Swiss-Prot,7
P11151,True,,9913,Extracellular space,Extracellular matrix|Extracellular space/secreted,Swiss-Prot,7
O75952,True,,9606,Extracellular region,,Swiss-Prot,7
O14669,True,,9606,Extracellular space,,Swiss-Prot,7
Q8N2E2,True,ECM Glycoproteins|Core matrisome,9606,Extracellular region,Extracellular space/secreted,Swiss-Prot,7
Q63081,True,,10116,Extracellular space,,Swiss-Prot,7
P09411,True,,10090,Extracellular space,,Swiss-Prot,7
Q8R4B8,True,,10090,Extracellular region,Extracellular space/secreted,Swiss-Prot,7
P02088,True,,10090,Extracellular space,,Swiss-Prot,7
O95399,True,,9606,Extracellular region|Extracellular space,Extracellular space/secreted,Swiss-Prot,7
P55066,True,Proteoglycans|Core matrisome,10090,Extracellular space,Extracellular space/secreted,Swiss-Prot,7
Q99935,True,,9606,Extracellular region|Extracellular space,Extracellular space/secreted,Swiss-Prot,7
Q9HC23,True,,9606,Extracellular region,Extracellular space/secreted,Swiss-Prot,7
Q6ZNF0,True,,9606,Extracellular region,Extracellular space/secreted,Swiss-Prot,7
P16110,True,ECM-affiliated Proteins|Matrisome-associated,10090,Extracellular matrix|Extracellular region|Extracellular space,Extracellular space/secreted,Swiss-Prot,7
P97449,True,,10090,Extracellular space,,Swiss-Prot,7
Q6X4U4,True,,9606,Extracellular space,Extracellular space/secreted,Swiss-Prot,7
O15229,True,,9606,Extracellular space,,Swiss-Prot,7
O00587,True,,9606,Extracellular space,,Swiss-Prot,7
P15248,True,Secreted Factors|Matrisome-associated,9606,Extracellular region|Extracellular space,Extracellular space/secreted,Swiss-Prot,7
P10107,True,ECM-affiliated Proteins|Matrisome-associated,10090,Extracellular space,Extracellular space/secreted,Swiss-Prot,7
O00230,True,,9606,Extracellular region|Extracellular space,Extracellular space/secreted,Swiss-Prot,7
P97484,True,,10090,Extracellular space,,Swiss-Prot,7
Q99KV1,True,,10090,Extracellular space,,Swiss-Prot,7
Q16609,True,,9606,Extracellular region,Extracellular space/secreted,Swiss-Prot,7
Q80YV4,True,,10090,Extracellular space,,Swiss-Prot,7
Q6P988,True,,9606,Extracellular region,Extracellular space/secreted,Swiss-Prot,7
P98086,True,ECM-affiliated Proteins|Matrisome-associated,10090,Extracellular region|Extracellular space,Extracellular space/secreted,Swiss-Prot,7
Q80ZW2,True,,10090,Extracellular region,Extracellular space/secreted,Swiss-Prot,7
Q8R4K2,True,,10090,Extracellular space,,Swiss-Prot,7
Q8N6G6,True,ECM Regulators|Matrisome-associated,9606,Extracellular region,Extracellular matrix|Extracellular space/secreted,Swiss-Prot,7
Q6NUJ1,True,,9606,Extracellular region,Extracellular space/secreted,Swiss-Prot,7
Q9NRR1,True,,9606,Extracellular space,Extracellular space/secreted,Swiss-Prot,7
P35441,True,ECM Glycoproteins|Core matrisome,10090,Extracellular matrix|Extracellular space,Extracellular matrix|Extracellular space/secreted,Swiss-Prot,7
Q9Y644,True,,9606,Extracellular region,,Swiss-Prot,7
Q08879,True,ECM Glycoproteins|Core matrisome,10090,Basement membrane|Extracellular matrix|Extracellular space,Extracellular matrix|Extracellular space/secreted,Swiss-Prot,7
Q924C3,True,,10116,Extracellular region|Extracellular space,Extracellular space/secreted,Swiss-Prot,7
Q9NXH8,True,,9606,Extracellular region,,Swiss-Prot,7
Q6UXA7,True,,9606,Extracellular matrix|Extracellular region,Extracellular matrix|Extracellular space/secreted,Swiss-Prot,7
Q6ZMM2,True,ECM Regulators|Matrisome-associated,9606,Extracellular matrix|Extracellular region,Extracellular matrix|Extracellular space/secreted,Swiss-Prot,7
P06866,True,,10116,Extracellular space,Extracellular space/secreted,Swiss-Prot,7
P01872,True,,10090,Extracellular space,Extracellular space/secreted,Swiss-Prot,7
P08207,True,Secreted Factors|Matrisome-associated,10090,Extracellular space,,Swiss-Prot,7
P16045,True,ECM-affiliated Proteins|Matrisome-associated,10090,Extracellular region|Extracellular space,Extracellular matrix|Extracellular space/secreted,Swiss-Prot,7
Q9H3Y0,True,,9606,Extracellular space,Extracellular space/secreted,Swiss-Prot,7
Q8R2H9,True,,10090,Extracellular matrix,,Swiss-Prot,7
Q60675,True,ECM Glycoproteins|Core matrisome,10090,Basement membrane|Extracellular region,Basement membrane|Extracellular matrix|Extracellular space/secreted,Swiss-Prot,7
Q9H772,True,,9606,Extracellular region|Extracellular space,Extracellular space/secreted,Swiss-Prot,7
O95497,True,,9606,Extracellular region,,Swiss-Prot,7
Q62151,True,,10090,Extracellular space,Extracellular space/secreted,Swiss-Prot,7
Q8TDE3,True,,9606,Extracellular space,Extracellular space/secreted,Swiss-Prot,7
Q5T655,True,,9606,Extracellular space,,Swiss-Prot,7
Q5XI73,True,,10116,Extracellular space,,Swiss-Prot,7
Q6WN34,True,Secreted Factors|Matrisome-associated,9606,Extracellular space,Extracellular space/secreted,Swiss-Prot,7
Q5JTB6,True,,9606,Extracellular region,Extracellular space/secreted,Swiss-Prot,7
Q8NBF2,True,,9606,Extracellular region,,Swiss-Prot,7
Q8N2X6,True,,9606,Extracellular region,Extracellular space/secreted,Swiss-Prot,6
Q96CW9,True,ECM Glycoproteins|Core matrisome,9606,Extracellular region,,Swiss-Prot,6
P40124,True,,10090,Extracellular region,,Swiss-Prot,6
Q9BRF8,True,,9606,Extracellular region,,Swiss-Prot,6
Q86V25,True,,9606,Extracellular region,Extracellular space/secreted,Swiss-Prot,6
Q9R0G6,True,ECM Glycoproteins|Core matrisome,10090,Extracellular region|Extracellular space,Extracellular matrix|Extracellular space/secreted,Swiss-Prot,6
P13504,True,,10090,Extracellular space,Extracellular space/secreted,Swiss-Prot,6
P19221,True,ECM Regulators|Matrisome-associated,10090,Extracellular space,,Swiss-Prot,6
Q96MK3,True,ECM Regulators|Matrisome-associated,9606,Extracellular space,Extracellular space/secreted,Swiss-Prot,6
Q13519,True,,9606,Extracellular region,Extracellular space/secreted,Swiss-Prot,6
A2RUU4,True,,9606,Extracellular region,Extracellular space/secreted,Swiss-Prot,6
P07310,True,,10090,Extracellular space,,Swiss-Prot,6
Q9H2A7,True,,9606,Extracellular region|Extracellular space,Extracellular space/secreted,Swiss-Prot,6
Q8NBH2,False,ECM Regulators|Matrisome-associated,9606,,,Swiss-Prot,6
Q92484,True,,9606,Extracellular space,Extracellular space/secreted,Swiss-Prot,6
Q02858,True,,10090,Extracellular region,Extracellular space/secreted,Swiss-Prot,6
P28653,True,Proteoglycans|Core matrisome,10090,Extracellular matrix|Extracellular space,Extracellular matrix|Extracellular space/secreted,Swiss-Prot,6
Q93070,True,,9606,Extracellular region,,Swiss-Prot,6
Q8N158,True,ECM-affiliated Proteins|Matrisome-associated,9606,Extracellular region,Extracellular space/secreted,Swiss-Prot,6
P41439,True,,9606,Extracellular region,Extracellular space/secreted,Swiss-Prot,6
Q4G1C9,True,,9606,Extracellular space,,Swiss-Prot,6
Q99PS8,True,,10116,Extracellular region,Extracellular space/secreted,Swiss-Prot,6
Q8BPI1,True,,10090,Extracellular region,,Swiss-Prot,6
P48036,True,ECM-affiliated Proteins|Matrisome-associated,10090,Extracellular space,,Swiss-Prot,6
O88786,True,,10090,Extracellular region,Extracellular space/secreted,Swiss-Prot,6
P62962,True,,10090,Extracellular region,,Swiss-Prot,6
Q06890,True,,10090,Extracellular space,Extracellular space/secreted,Swiss-Prot,6
Q99954,True,,9606,Extracellular region,Extracellular space/secreted,Swiss-Prot,6
P27512,True,,10090,Extracellular space,Extracellular space/secreted,Swiss-Prot,6
P97429,False,ECM-affiliated Proteins|Matrisome-associated,10090,,,Swiss-Prot,6
Q8TAV5,True,,9606,Extracellular region,Extracellular space/secreted,Swiss-Prot,6
Q62226,True,Secreted Factors|Matrisome-associated,10090,Extracellular matrix|Extracellular region|Extracellular space,,Swiss-Prot,6
Q8N6Y2,True,,9606,Extracellular matrix|Extracellular space,Extracellular space/secreted,Swiss-Prot,6
P02454,True,,10116,Extracellular matrix|Extracellular region|Extracellular space,Extracellular matrix|Extracellular space/secreted,Swiss-Prot,6
Q60841,True,ECM Glycoproteins|Core matrisome,10090,Extracellular matrix|Extracellular space,Extracellular matrix|Extracellular space/secreted,Swiss-Prot,6
Q5SRR4,True,,9606,Extracellular region,Extracellular space/secreted,Swiss-Prot,6
P17047,True,,10090,Extracellular space,,Swiss-Prot,6
P09528,True,,10090,Extracellular region,,Swiss-Prot,6
Q8WTQ1,True,,9606,Extracellular region,Extracellular space/secreted,Swiss-Prot,6
Q6NZL0,True,,10090,Extracellular space,,Swiss-Prot,6
Q8IVL8,True,,9606,Extracellular space,,Swiss-Prot,6
P11404,True,,10090,Extracellular space,,Swiss-Prot,6
Q9BUN1,True,,9606,Extracellular region,Extracellular space/secreted,Swiss-Prot,6
Q96A84,True,ECM Glycoproteins|Core matrisome,9606,Extracellular matrix|Extracellular region,Extracellular matrix|Extracellular space/secreted,Swiss-Prot,6
Q63961,True,,10090,Extracellular space,,Swiss-Prot,6
Q60994,True,ECM Glycoproteins|Core matrisome,10090,Extracellular space,Extracellular space/secreted,Swiss-Prot,6
Q07936,True,,10116,Basement membrane|Extracellular space,Basement membrane|Extracellular matrix|Extracellular space/secreted,Swiss-Prot,6
P29452,True,,10090,Extracellular region,,Swiss-Prot,6
P05943,True,,10116,Extracellular space,,Swiss-Prot,6
P19961,True,,9606,Extracellular space,Extracellular space/secreted,Swiss-Prot,6
Q6UY18,True,,9606,Extracellular matrix|Extracellular space,,Swiss-Prot,6
Q86TE4,True,,9606,Extracellular region,Extracellular space/secreted,Swiss-Prot,6
Q6UW88,True,Secreted Factors|Matrisome-associated,9606,Extracellular region|Extracellular space,Extracellular space/secreted,Swiss-Prot,6
P59826,True,,9606,Extracellular region,Extracellular space/secreted,Swiss-Prot,6
Q16206,True,,9606,Extracellular region,Extracellular space/secreted,Swiss-Prot,6
Q8NBI3,True,,9606,Extracellular region,Extracellular space/secreted,Swiss-Prot,6
Q8WWG1,True,Secreted Factors|Matrisome-associated,9606,Extracellular region|Extracellular space,Extracellular space/secreted,Swiss-Prot,6
P20382,True,,9606,Extracellular region,Extracellular space/secreted,Swiss-Prot,6
O75629,True,,9606,Extracellular region|Extracellular space,Extracellular space/secreted,Swiss-Prot,6
P08226,True,,10090,Extracellular matrix|Extracellular region|Extracellular space,Extracellular matrix|Extracellular space/secreted,Swiss-Prot,6
Q6XZB0,True,,9606,Extracellular space,Extracellular space/secreted,Swiss-Prot,6
Q30KP8,True,,9606,Extracellular region,Extracellular space/secreted,Swiss-Prot,6
Q61696,True,,10090,Extracellular space,Extracellular space/secreted,Swiss-Prot,6
Q96JX3,True,,9606,Extracellular matrix,,Swiss-Prot,6
P27773,True,,10090,Extracellular region|Extracellular space,,Swiss-Prot,5
P03968,True,Secreted Factors|Matrisome-associated,9913,Extracellular matrix|Extracellular region|Extracellular space,Extracellular space/secreted,Swiss-Prot,5
P00760,True,ECM Regulators|Matrisome-associated,9913,Extracellular space,Extracellular space/secreted,Swiss-Prot,5
P02639,False,Secreted Factors|Matrisome-associated,9913,,,Swiss-Prot,5
P16636,True,,10116,Extracellular matrix|Extracellular region|Extracellular space,Extracellular space/secreted,Swiss-Prot,5
Q14507,True,,9606,Extracellular space,Extracellular space/secreted,Swiss-Prot,5
P05000,True,Secreted Factors|Matrisome-associated,9606,Extracellular space,Extracellular space/secreted,Swiss-Prot,5
P00739,True,,9606,Extracellular region|Extracellular space,Extracellular space/secreted,Swiss-Prot,5
Q6HA08,False,ECM Regulators|Matrisome-associated,9606,,,Swiss-Prot,5
O09118,True,ECM Glycoproteins|Core matrisome,10090,Basement membrane|Extracellular region,Extracellular space/secreted,Swiss-Prot,5
Q9QXT5,True,Secreted Factors|Matrisome-associated,10090,Extracellular region|Extracellular space,Extracellular space/secreted,Swiss-Prot,5
Q7L1S5,True,,9606,Extracellular region,Extracellular space/secreted,Swiss-Prot,5
P05532,True,,10090,Extracellular space,,Swiss-Prot,5
Q6N063,False,ECM Regulators|Matrisome-associated,9606,,,Swiss-Prot,5
P01132,True,Secreted Factors|Matrisome-associated,10090,Extracellular region|Extracellular space,,Swiss-Prot,5
Q9BSG0,True,,9606,Extracellular region,Extracellular space/secreted,Swiss-Prot,5
Q13072,True,,9606,Extracellular region,Extracellular space/secreted,Swiss-Prot,5
A2VEC9,True,,9606,Extracellular matrix|Extracellular space,Extracellular space/secreted,Swiss-Prot,5
P29391,True,,10090,Extracellular region,,Swiss-Prot,5
Q9Z1W4,True,Secreted Factors|Matrisome-associated,10090,Extracellular space,Extracellular space/secreted,Swiss-Prot,5
P13605,True,Proteoglycans|Core matrisome,9913,Extracellular space,Extracellular matrix|Extracellular space/secreted,Swiss-Prot,5
P0CW18,True,,9606,Extracellular space,,Swiss-Prot,5
P10039,True,ECM Glycoproteins|Core matrisome,9031,Extracellular space,Extracellular matrix|Extracellular space/secreted,Swiss-Prot,5
Q2M385,True,,9606,Extracellular region,Extracellular space/secreted,Swiss-Prot,5
P30904,True,,10116,Extracellular region|Extracellular space,Extracellular space/secreted,Swiss-Prot,5
P01631,True,,10090,Extracellular space,,Swiss-Prot,5
Q15726,True,,9606,Extracellular region|Extracellular space,Extracellular space/secreted,Swiss-Prot,5
Q8NFP4,True,,9606,Extracellular region|Extracellular space,,Swiss-Prot,5
P38983,True,,10116,Basement membrane,,Swiss-Prot,5
Q9Z0F8,True,ECM Regulators|Matrisome-associated,10090,Extracellular region,Extracellular space/secreted,Swiss-Prot,5
Q9JI78,False,ECM Regulators|Matrisome-associated,10090,,,Swiss-Prot,5
P62737,True,,10090,Basement membrane,,Swiss-Prot,5
Q6PJE2,False,ECM Glycoproteins|Core matrisome,9606,,,Swiss-Prot,5
P01027,True,,10090,Extracellular region|Extracellular space,Extracellular space/secreted,Swiss-Prot,5
Q61191,False,Secreted Factors|Matrisome-associated,10090,,,Swiss-Prot,5
Q9R1V6,False,ECM Regulators|Matrisome-associated,10090,,,Swiss-Prot,5
Q10741,False,ECM Regulators|Matrisome-associated,9913,,,Swiss-Prot,5
Q6UWX4,True,,9606,Extracellular region,Extracellular space/secreted,Swiss-Prot,5
Q8N543,False,ECM Regulators|Matrisome-associated,9606,,,Swiss-Prot,5
Q921I1,True,,10090,Basement membrane|Extracellular region|Extracellular space,Extracellular space/secreted,Swiss-Prot,5
P31696,True,ECM Glycoproteins|Core matrisome,9031,Basement membrane|Extracellular matrix|Extracellular region|Extracellular space,Extracellular matrix|Extracellular space/secreted,Swiss-Prot,5
Q99645,True,Proteoglycans|Core matrisome,9606,Extracellular matrix|Extracellular region,Extracellular matrix|Extracellular space/secreted,Swiss-Prot,5
Q9Y5L2,True,,9606,Extracellular space,Extracellular space/secreted,Swiss-Prot,5
P07151,True,,10116,Extracellular space,Extracellular space/secreted,Swiss-Prot,5
Q91WN1,True,,10090,Extracellular space,,Swiss-Prot,5
Q8N323,True,,9606,Extracellular region,Extracellular space/secreted,Swiss-Prot,5
Q9Z175,True,ECM Regulators|Matrisome-associated,10090,Extracellular region|Extracellular space,Extracellular space/secreted,Swiss-Prot,5
P28906,True,,9606,Extracellular region,,Swiss-Prot,5
Q8N5G0,True,,9606,Extracellular region,Extracellular space/secreted,Swiss-Prot,5
Q9JIA1,True,ECM Glycoproteins|Core matrisome,10090,Extracellular space,Extracellular space/secreted,Swiss-Prot,5
P62893,True,,10116,Extracellular space,,Swiss-Prot,5
Q9BZD7,True,,9606,Extracellular space,,Swiss-Prot,5
Q6UW32,True,,9606,Extracellular space,Extracellular space/secreted,Swiss-Prot,5
Q8BZ64,True,,10090,Extracellular space,Extracellular space/secreted,Swiss-Prot,5
P26260,True,,10116,Extracellular region,Extracellular space/secreted,Swiss-Prot,5
P30681,True,,10090,Extracellular space,Extracellular space/secreted,Swiss-Prot,5
P16617,True,,10116,Extracellular space,,Swiss-Prot,5
Q8CGM1,True,,10090,Extracellular region,Extracellular space/secreted,Swiss-Prot,5
Q8NCW5,True,,9606,Extracellular region|Extracellular space,Extracellular space/secreted,Swiss-Prot,5
Q91V88,True,ECM Glycoproteins|Core matrisome,10090,Basement membrane|Extracellular matrix|Extracellular region,Extracellular matrix|Extracellular space/secreted,Swiss-Prot,5
P04426,True,Secreted Factors|Matrisome-associated,10090,Extracellular region|Extracellular space,Extracellular matrix|Extracellular space/secreted,Swiss-Prot,5
P0C869,True,,9606,Extracellular region,,Swiss-Prot,5
Q9NZK5,True,,9606,Extracellular region|Extracellular space,Extracellular space/secreted,Swiss-Prot,5
Q8WXA2,True,,9606,Extracellular region,Extracellular space/secreted,Swiss-Prot,5
P81277,True,,9606,Extracellular region,Extracellular space/secreted,Swiss-Prot,5
O43653,True,,9606,Extracellular region,,Swiss-Prot,5
Q99PJ1,True,,10090,Extracellular space,Extracellular space/secreted,Swiss-Prot,5
Q6XQN6,True,,9606,Extracellular region,,Swiss-Prot,5
P06797,True,ECM Regulators|Matrisome-associated,10090,Extracellular space,Extracellular space/secreted,Swiss-Prot,5
P98158,True,,10116,Extracellular space,,Swiss-Prot,5
Q1W4C9,True,,9606,Extracellular region,Extracellular space/secreted,Swiss-Prot,5
P01139,True,Secreted Factors|Matrisome-associated,10090,Extracellular region|Extracellular space,Extracellular space/secreted,Swiss-Prot,5
P60852,True,ECM Glycoproteins|Core matrisome,9606,Extracellular region,Extracellular matrix|Extracellular space/secreted,Swiss-Prot,5
Q6UWU2,True,,9606,Extracellular region,Extracellular space/secreted,Swiss-Prot,5
P02650,True,,10116,Extracellular matrix|Extracellular region|Extracellular space,Extracellular matrix|Extracellular space/secreted,Swiss-Prot,5
P01901,True,,10090,Extracellular space,,Swiss-Prot,5
O09175,True,,10116,Extracellular region|Extracellular space,Extracellular space/secreted,Swiss-Prot,5
Q03347,True,,10090,Basement membrane,,Swiss-Prot,5
Q15166,True,,9606,Extracellular region|Extracellular space,Extracellular space/secreted,Swiss-Prot,4
Q04857,True,Collagens|Core matrisome,10090,Extracellular matrix|Extracellular region|Extracellular space,Extracellular matrix|Extracellular space/secreted,Swiss-Prot,4
Q6UXI9,True,ECM Glycoproteins|Core matrisome,9606,Basement membrane|Extracellular region,Extracellular matrix|Extracellular space/secreted,Swiss-Prot,4
Q9UBC7,True,,9606,Extracellular region,Extracellular space/secreted,Swiss-Prot,4
P02459,True,Collagens|Core matrisome,9913,Basement membrane|Extracellular region|Extracellular space,Extracellular matrix|Extracellular space/secreted,Swiss-Prot,4
P01317,True,Secreted Factors|Matrisome-associated,9913,Extracellular space,Extracellular space/secreted,Swiss-Prot,4
Q6ZMI3,True,ECM Glycoproteins|Core matrisome,9606,Extracellular space,Extracellular matrix|Extracellular space/secreted,Swiss-Prot,4
P02638,True,Secreted Factors|Matrisome-associated,9913,Extracellular region|Extracellular space,Extracellular space/secreted,Swiss-Prot,4
P01865,True,,10090,Extracellular space,,Swiss-Prot,4
P29172,True,,9913,Extracellular region,Extracellular space/secreted,Swiss-Prot,4
P04937,True,,10116,Basement membrane|Extracellular matrix|Extracellular space,Extracellular matrix|Extracellular space/secreted,Swiss-Prot,4
O08689,True,Secreted Factors|Matrisome-associated,10090,Extracellular region|Extracellular space,Extracellular space/secreted,Swiss-Prot,4
Q9JI33,True,ECM Glycoproteins|Core matrisome,10090,Basement membrane|Extracellular region,Basement membrane|Extracellular matrix|Extracellular space/secreted,Swiss-Prot,4
Q96MS3,True,,9606,Extracellular region,Extracellular space/secreted,Swiss-Prot,4
Q08481,True,,10090,Extracellular space,,Swiss-Prot,4
Q9QX79,True,,10116,Extracellular region|Extracellular space,Extracellular space/secreted,Swiss-Prot,4
Q80UG2,False,ECM-affiliated Proteins|Matrisome-associated,10090,,,Swiss-Prot,4
P02812,True,,9606,Extracellular region,Extracellular space/secreted,Swiss-Prot,4
Q9H336,True,ECM Glycoproteins|Core matrisome,9606,Extracellular space,Extracellular space/secreted,Swiss-Prot,4
B9EKR1,True,,10090,Extracellular matrix|Extracellular space,Extracellular space/secreted,Swiss-Prot,4
P62502,True,,9606,Extracellular region,Extracellular space/secreted,Swiss-Prot,4
Q96PL2,True,ECM Glycoproteins|Core matrisome,9606,Extracellular region|Extracellular space,Extracellular matrix|Extracellular space/secreted,Swiss-Prot,4
Q62179,False,ECM-affiliated Proteins|Matrisome-associated,10090,,,Swiss-Prot,4
P0CG36,True,Secreted Factors|Matrisome-associated,9606,Extracellular region,Extracellular space/secreted,Swiss-Prot,4
Q9UKY0,True,,9606,Extracellular region,,Swiss-Prot,4
P01615,True,,9606,Extracellular region|Extracellular space,Extracellular space/secreted,Swiss-Prot,4
O18738,True,,9913,Basement membrane|Extracellular region|Extracellular space,Extracellular space/secreted,Swiss-Prot,4
O95467,True,,9606,Extracellular region,Extracellular space/secreted,Swiss-Prot,4
P70296,True,,10090,Extracellular space,,Swiss-Prot,4
Q8NEX5,True,,9606,Extracellular space,Extracellular space/secreted,Swiss-Prot,4
Q3B7J2,True,,9606,Extracellular matrix|Extracellular region,Extracellular matrix|Extracellular space/secreted,Swiss-Prot,4
Q6PEZ8,True,Proteoglycans|Core matrisome,9606,Extracellular space,Extracellular matrix|Extracellular space/secreted,Swiss-Prot,4
P07200,True,,9823,Extracellular matrix|Extracellular space,Extracellular matrix|Extracellular space/secreted,Swiss-Prot,4
Q8VCM7,True,ECM Glycoproteins|Core matrisome,10090,Extracellular space,Extracellular space/secreted,Swiss-Prot,4
Q8VHY0,False,ECM-affiliated Proteins|Matrisome-associated,10090,,,Swiss-Prot,4
B1AKI9,True,Secreted Factors|Matrisome-associated,9606,Extracellular region,Extracellular space/secreted,Swiss-Prot,4
A0M8Q6,True,,9606,Extracellular region|Extracellular space,Extracellular space/secreted,Swiss-Prot,4
Q6UXI7,True,ECM Glycoproteins|Core matrisome,9606,Extracellular region,Extracellular matrix|Extracellular space/secreted,Swiss-Prot,4
P63029,True,,10116,Extracellular space,,Swiss-Prot,4
Q2VWP7,True,,9606,Extracellular space,,Swiss-Prot,4
Q99JG3,False,ECM-affiliated Proteins|Matrisome-associated,10090,,,Swiss-Prot,4
P20800,True,,9606,Extracellular region|Extracellular space,Extracellular space/secreted,Swiss-Prot,4
O08677,True,ECM Regulators|Matrisome-associated,10090,Extracellular region|Extracellular space,Extracellular space/secreted,Swiss-Prot,4
Q6NUN7,True,,9606,Extracellular region,,Swiss-Prot,4
P00698,True,,9031,Extracellular space,Extracellular space/secreted,Swiss-Prot,4
P98173,True,,9606,Extracellular space,Extracellular space/secreted,Swiss-Prot,4
Q61838,True,ECM Regulators|Matrisome-associated,10090,Extracellular region|Extracellular space,Extracellular space/secreted,Swiss-Prot,4
Q8K0E8,True,ECM Glycoproteins|Core matrisome,10090,Extracellular space,Extracellular space/secreted,Swiss-Prot,4
Q9JHW1,True,,10116,Extracellular space,,Swiss-Prot,4
Q9WV18,True,,10090,Extracellular space,,Swiss-Prot,4
P23928,True,,10116,Extracellular region,Extracellular space/secreted,Swiss-Prot,4
P11152,True,,10090,Extracellular space,Extracellular matrix|Extracellular space/secreted,Swiss-Prot,4
Q96BQ1,True,,9606,Extracellular region|Extracellular space,Extracellular space/secreted,Swiss-Prot,4
Q61001,True,ECM Glycoproteins|Core matrisome,10090,Basement membrane|Extracellular matrix|Extracellular region|Extracellular space,Basement membrane|Extracellular matrix|Extracellular space/secreted,Swiss-Prot,4
P04639,True,,10116,Extracellular region|Extracellular space,Extracellular space/secreted,Swiss-Prot,4
O88307,True,,10090,Extracellular space,Extracellular space/secreted,Swiss-Prot,4
P21981,True,ECM Regulators|Matrisome-associated,10090,Extracellular matrix|Extracellular region,Extracellular matrix|Extracellular space/secreted,Swiss-Prot,4
P16310,True,,10116,Extracellular space,Extracellular space/secreted,Swiss-Prot,4
Q6Q759,True,,9606,Extracellular region,,Swiss-Prot,4
Q62356,True,Secreted Factors|Matrisome-associated,10090,Extracellular space,Extracellular space/secreted,Swiss-Prot,4
P21128,True,,9606,Extracellular region|Extracellular space,Extracellular space/secreted,Swiss-Prot,4
P10111,True,,10116,Extracellular region|Extracellular space,Extracellular space/secreted,Swiss-Prot,4
P0DP73,True,,9606,Extracellular space,Extracellular space/secreted,Swiss-Prot,4
Q86XP6,True,,9606,Extracellular space,Extracellular space/secreted,Swiss-Prot,4
P62804,True,,10116,Extracellular region,Extracellular space/secreted,Swiss-Prot,4
P0DP74,True,,9606,Extracellular space,Extracellular space/secreted,Swiss-Prot,4
P02599,True,,44689,Extracellular matrix|Extracellular space,,Swiss-Prot,4
P17046,True,,10116,Extracellular space,,Swiss-Prot,4
Q8IUB2,True,,9606,Extracellular space,Extracellular space/secreted,Swiss-Prot,4
P04808,True,,9606,Extracellular region,Extracellular space/secreted,Swiss-Prot,4
P06882,True,,10116,Extracellular space,Extracellular space/secreted,Swiss-Prot,4
A6NHG4,True,,9606,Extracellular space,,Swiss-Prot,4
P30882,True,Secreted Factors|Matrisome-associated,10090,Extracellular space,Extracellular space/secreted,Swiss-Prot,4
P0C6S8,True,,9606,Extracellular matrix|Extracellular space,,Swiss-Prot,4
P07091,True,Secreted Factors|Matrisome-associated,10090,Extracellular space,Extracellular space/secreted,Swiss-Prot,4
Q02819,True,,10090,Extracellular region|Extracellular space,Extracellular space/secreted,Swiss-Prot,4
Q5T742,True,,9606,Extracellular region,Extracellular space/secreted,Swiss-Prot,4
Q96IU2,True,,9606,Extracellular space,Extracellular space/secreted,Swiss-Prot,4
P00974,True,,9913,Extracellular space,Extracellular space/secreted,Swiss-Prot,4
Q7L8A9,True,,9606,Extracellular space,Extracellular space/secreted,Swiss-Prot,4
Q6NT32,True,,9606,Extracellular region,Extracellular space/secreted,Swiss-Prot,4
Q9UL16,True,,9606,Extracellular region,,Swiss-Prot,4
Q9UJH8,True,,9606,Extracellular space,Extracellular space/secreted,Swiss-Prot,4
Q8N4F0,True,,9606,Extracellular region,Extracellular space/secreted,Swiss-Prot,4
Q8IVG9,True,,9606,Extracellular region|Extracellular space,Extracellular space/secreted,Swiss-Prot,4
Q9BQ08,True,,9606,Extracellular space,Extracellular space/secreted,Swiss-Prot,4
P14719,True,,10090,Extracellular space,Extracellular space/secreted,Swiss-Prot,4
Q3UHD1,True,,10090,Extracellular space,Extracellular space/secreted,Swiss-Prot,4
P22792,True,ECM Regulators|Matrisome-associated,9606,Extracellular matrix|Extracellular region|Extracellular space,Extracellular space/secreted,Swiss-Prot,4
Q8IZJ3,True,ECM Regulators|Matrisome-associated,9606,Extracellular space,Extracellular space/secreted,Swiss-Prot,4
P51865,True,,10090,Extracellular region|Extracellular space,Extracellular space/secreted,Swiss-Prot,4
Q8WWZ1,True,Secreted Factors|Matrisome-associated,9606,Extracellular region|Extracellular space,Extracellular space/secreted,Swiss-Prot,4
P10092,True,,9606,Extracellular region|Extracellular space,Extracellular space/secreted,Swiss-Prot,4
P49134,True,,10116,Basement membrane,,Swiss-Prot,4
P20918,True,ECM Regulators|Matrisome-associated,10090,Extracellular region|Extracellular space,Extracellular space/secreted,Swiss-Prot,4
O43820,True,ECM Regulators|Matrisome-associated,9606,Extracellular region,Extracellular space/secreted,Swiss-Prot,4
Q5FYB1,True,,9606,Extracellular region,Extracellular space/secreted,Swiss-Prot,4
P98063,True,ECM Regulators|Matrisome-associated,10090,Extracellular space,Extracellular matrix|Extracellular space/secreted,Swiss-Prot,4
O95868,True,,9606,Extracellular region,,Swiss-Prot,4
Q9H1M3,True,,9606,Extracellular region,Extracellular space/secreted,Swiss-Prot,4
Q9NPH6,True,,9606,Extracellular space,Extracellular space/secreted,Swiss-Prot,4
P25304,True,,10116,Basement membrane|Extracellular region|Extracellular space,,Swiss-Prot,4
Q5VXJ0,True,,9606,Extracellular region,Extracellular space/secreted,Swiss-Prot,4
P98088,True,ECM-affiliated Proteins|Matrisome-associated,9606,Extracellular matrix|Extracellular space,Extracellular space/secreted,Swiss-Prot,4
Q61072,True,ECM Regulators|Matrisome-associated,10090,Extracellular space,,Swiss-Prot,3
Q8BNX1,False,ECM-affiliated Proteins|Matrisome-associated,10090,,,Swiss-Prot,3
Q96L11,True,,9606,Extracellular region,Extracellular space/secreted,Swiss-Prot,3
P14480,True,,10116,Extracellular space,Extracellular space/secreted,Swiss-Prot,3
P14925,True,,10116,Extracellular region|Extracellular space,,Swiss-Prot,3
Q8K419,True,ECM-affiliated Proteins|Matrisome-associated,10090,Extracellular space,,Swiss-Prot,3
O08665,True,ECM-affiliated Proteins|Matrisome-associated,10090,Extracellular region|Extracellular space,Extracellular space/secreted,Swiss-Prot,3
P39876,True,ECM Regulators|Matrisome-associated,10090,Basement membrane|Extracellular matrix|Extracellular space,Extracellular matrix|Extracellular space/secreted,Swiss-Prot,3
P07150,True,,10116,Extracellular space,Extracellular space/secreted,Swiss-Prot,3
Q61730,True,,10090,Extracellular region,Extracellular space/secreted,Swiss-Prot,3
P10649,True,,10090,Extracellular region,,Swiss-Prot,3
Q62381,True,ECM Regulators|Matrisome-associated,10090,Extracellular space,Extracellular space/secreted,Swiss-Prot,3
Q4V9H3,True,,7955,Extracellular region,Extracellular space/secreted,Swiss-Prot,3
P37377,True,,10116,Extracellular region|Extracellular space,Extracellular space/secreted,Swiss-Prot,3
P04441,True,,10090,Extracellular region|Extracellular space,Extracellular space/secreted,Swiss-Prot,3
P29699,True,,10090,Extracellular matrix|Extracellular region|Extracellular space,Extracellular space/secreted,Swiss-Prot,3
Q8IUB5,True,,9606,Extracellular space,Extracellular space/secreted,Swiss-Prot,3
Q7TSK7,True,ECM Regulators|Matrisome-associated,10090,Extracellular matrix|Extracellular region,Extracellular space/secreted,Swiss-Prot,3
Q6NZL8,True,Secreted Factors|Matrisome-associated,10090,Extracellular space,Extracellular space/secreted,Swiss-Prot,3
O89051,True,,10090,Extracellular space,Extracellular space/secreted,Swiss-Prot,3
Q8BGT1,True,,10090,Extracellular space,Extracellular space/secreted,Swiss-Prot,3
Q8NET1,True,,9606,Extracellular region,Extracellular space/secreted,Swiss-Prot,3
Q08189,False,ECM Regulators|Matrisome-associated,10090,,,Swiss-Prot,3
Q96LR9,True,,9606,Extracellular region,,Swiss-Prot,3
P13233,True,,10116,Extracellular space,,Swiss-Prot,3
P00711,True,,9913,Extracellular space,Extracellular space/secreted,Swiss-Prot,3
Q6H9L7,True,Secreted Factors|Matrisome-associated,9606,Extracellular region,Extracellular space/secreted,Swiss-Prot,3
P97819,True,,10090,Extracellular space,,Swiss-Prot,3
Q9QZK5,True,,10116,Extracellular region,Extracellular space/secreted,Swiss-Prot,3
O88273,True,,10090,Extracellular space,Extracellular space/secreted,Swiss-Prot,3
Q63083,True,,10116,Extracellular region|Extracellular space,Extracellular space/secreted,Swiss-Prot,3
P01743,True,,9606,Extracellular region,Extracellular space/secreted,Swiss-Prot,3
Q9R171,True,Secreted Factors|Matrisome-associated,10090,Extracellular region,Extracellular space/secreted,Swiss-Prot,3
Q8K377,True,,10090,Extracellular matrix|Extracellular space,,Swiss-Prot,3
Q8N0V4,True,ECM Glycoproteins|Core matrisome,9606,Extracellular region,Extracellular space/secreted,Swiss-Prot,3
P14824,False,ECM-affiliated Proteins|Matrisome-associated,10090,,,Swiss-Prot,3
Q90922,True,ECM Glycoproteins|Core matrisome,9031,Basement membrane|Extracellular region,Extracellular space/secreted,Swiss-Prot,3
Q5SY68,True,Secreted Factors|Matrisome-associated,9606,Extracellular space,,Swiss-Prot,3
Q62188,True,,10090,Extracellular space,,Swiss-Prot,3
Q5VSP4,True,,9606,Extracellular space,Extracellular space/secreted,Swiss-Prot,3
Q9BXY4,True,ECM Glycoproteins|Core matrisome,9606,Extracellular region,Extracellular space/secreted,Swiss-Prot,3
P07589,True,ECM Glycoproteins|Core matrisome,9913,Extracellular region|Extracellular space,Extracellular matrix|Extracellular space/secreted,Swiss-Prot,3
P45376,True,,10090,Extracellular space,,Swiss-Prot,3
Q02788,True,Collagens|Core matrisome,10090,Extracellular matrix|Extracellular region|Extracellular space,Extracellular matrix|Extracellular space/secreted,Swiss-Prot,3
P05125,True,,10090,Extracellular space,Extracellular space/secreted,Swiss-Prot,3
P97399,True,ECM Glycoproteins|Core matrisome,10090,Extracellular matrix|Extracellular space,Extracellular matrix|Extracellular space/secreted,Swiss-Prot,3
Q99MN1,True,,10090,Extracellular space,Extracellular space/secreted,Swiss-Prot,3
Q99PJ0,True,,10090,Extracellular space,,Swiss-Prot,3
Q9P217,True,,9606,Extracellular space,,Swiss-Prot,3
Q9H7Y0,True,,9606,Extracellular region,Extracellular space/secreted,Swiss-Prot,3
Q9Z103,True,,10090,Extracellular space,,Swiss-Prot,3
P04272,True,ECM-affiliated Proteins|Matrisome-associated,9913,Basement membrane|Extracellular space,Basement membrane|Extracellular matrix|Extracellular space/secreted,Swiss-Prot,3
P17538,True,,9606,Extracellular region,Extracellular space/secreted,Swiss-Prot,3
Q8BPA8,True,,10090,Extracellular region,,Swiss-Prot,3
Q9P0M4,True,Secreted Factors|Matrisome-associated,9606,Extracellular region|Extracellular space,Extracellular space/secreted,Swiss-Prot,3
Q9BS86,True,,9606,Extracellular region,Extracellular space/secreted,Swiss-Prot,3
Q00623,True,,10090,Extracellular region|Extracellular space,Extracellular space/secreted,Swiss-Prot,3
P17439,True,,10090,Extracellular space,,Swiss-Prot,3
Q9Z0V5,True,,10116,Extracellular space,Extracellular space/secreted,Swiss-Prot,3
Q9UFP1,True,,9606,Extracellular region,Extracellular space/secreted,Swiss-Prot,3
P62862,True,,10090,Extracellular space,,Swiss-Prot,3
Q7Z4H4,True,,9606,Extracellular region,Extracellular space/secreted,Swiss-Prot,3
P27216,True,ECM-affiliated Proteins|Matrisome-associated,9606,Extracellular space,,Swiss-Prot,3
P08949,True,,9606,Extracellular region|Extracellular space,Extracellular space/secreted,Swiss-Prot,3
A0A0C4DH67,True,,9606,Extracellular space,Extracellular space/secreted,Swiss-Prot,3
P14069,False,Secreted Factors|Matrisome-associated,10090,,,Swiss-Prot,3
Q9WVH9,True,ECM Glycoproteins|Core matrisome,10090,Extracellular region|Extracellular space,Extracellular matrix|Extracellular space/secreted,Swiss-Prot,3
Q14641,True,,9606,Extracellular space,Extracellular space/secreted,Swiss-Prot,3
P00766,True,,9913,Extracellular region,Extracellular space/secreted,Swiss-Prot,3
P07897,True,,10116,Basement membrane|Extracellular matrix|Extracellular space,Extracellular matrix|Extracellular space/secreted,Swiss-Prot,3
P21460,True,ECM Regulators|Matrisome-associated,10090,Basement membrane|Extracellular region|Extracellular space,Extracellular space/secreted,Swiss-Prot,3
Q00731,True,Secreted Factors|Matrisome-associated,10090,Basement membrane|Extracellular space,Extracellular matrix|Extracellular space/secreted,Swiss-Prot,3
P43488,True,Secreted Factors|Matrisome-associated,10090,Extracellular space,,Swiss-Prot,3
Q99PT1,True,,10090,Extracellular space,,Swiss-Prot,3
Q00690,True,,10090,Extracellular space,,Swiss-Prot,3
Q96EE4,True,,9606,Extracellular region,Extracellular space/secreted,Swiss-Prot,3
Q9ERA6,True,,10090,Extracellular matrix,,Swiss-Prot,3
Q8NHW6,True,,9606,Extracellular region,Extracellular space/secreted,Swiss-Prot,3
Q62997,True,,10116,Extracellular space,,Swiss-Prot,3
P52793,True,,10090,Extracellular region,Extracellular space/secreted,Swiss-Prot,3
Q0P5P2,True,,9606,Extracellular region,Extracellular space/secreted,Swiss-Prot,3
P23363,True,,10116,Extracellular region|Extracellular space,Extracellular space/secreted,Swiss-Prot,3
Q8WUA8,True,ECM Glycoproteins|Core matrisome,9606,Extracellular space,Extracellular space/secreted,Swiss-Prot,3
Q9BXJ7,True,,9606,Extracellular space,Extracellular space/secreted,Swiss-Prot,3
Q8CII9,True,,10090,Extracellular region,Extracellular space/secreted,Swiss-Prot,3
Q64385,True,,10090,Extracellular region,Extracellular space/secreted,Swiss-Prot,3
Q99NH8,True,,10090,Extracellular region,Extracellular space/secreted,Swiss-Prot,3
P33519,True,,44689,Extracellular matrix,,Swiss-Prot,3
Q69ZU6,True,,10090,Extracellular region,Extracellular space/secreted,Swiss-Prot,3
Q8NFU4,True,,9606,Extracellular region,Extracellular space/secreted,Swiss-Prot,3
Q86VR8,True,,9606,Extracellular space,Extracellular space/secreted,Swiss-Prot,3
P22724,True,Secreted Factors|Matrisome-associated,10090,Extracellular matrix|Extracellular region|Extracellular space,Extracellular matrix|Extracellular space/secreted,Swiss-Prot,3
Q86WS3,True,,9606,Extracellular region,Extracellular space/secreted,Swiss-Prot,3
P04631,True,,10116,Extracellular region|Extracellular space,Extracellular space/secreted,Swiss-Prot,3
P01611,True,,9606,Extracellular region|Extracellular space,Extracellular space/secreted,Swiss-Prot,3
Q61362,True,,10090,Extracellular region|Extracellular space,Extracellular space/secreted,Swiss-Prot,3
Q8CJH3,False,ECM-affiliated Proteins|Matrisome-associated,10090,,,Swiss-Prot,3
Q80YT5,True,,10090,Extracellular region,Extracellular space/secreted,Swiss-Prot,3
Q641Q3,True,,9606,Extracellular space,Extracellular space/secreted,Swiss-Prot,3
Q6GTS8,True,,9606,Extracellular region,Extracellular space/secreted,Swiss-Prot,3
P0DJI8,True,,9606,Extracellular region,Extracellular space/secreted,Swiss-Prot,3
Q810U4,True,,10090,Extracellular region,Extracellular space/secreted,Swiss-Prot,3
Q924C6,True,ECM Regulators|Matrisome-associated,10090,Extracellular region|Extracellular space,Extracellular space/secreted,Swiss-Prot,3
Q9H8L6,True,ECM Glycoproteins|Core matrisome,9606,Basement membrane|Extracellular space,Extracellular matrix|Extracellular space/secreted,Swiss-Prot,3
Q9UFE4,True,,9606,Extracellular region,,Swiss-Prot,3
P01880,True,,9606,Extracellular space,Extracellular space/secreted,Swiss-Prot,3
P26339,True,,10090,Extracellular space,Extracellular space/secreted,Swiss-Prot,3
P58417,True,,9606,Extracellular region,Extracellular space/secreted,Swiss-Prot,3
Q86UU9,True,,9606,Extracellular space,Extracellular space/secreted,Swiss-Prot,3
Q9JLL3,True,,10090,Extracellular region,Extracellular space/secreted,Swiss-Prot,3
P12025,True,Secreted Factors|Matrisome-associated,10090,Extracellular region,Extracellular space/secreted,Swiss-Prot,3
P56975,True,Secreted Factors|Matrisome-associated,9606,Extracellular region|Extracellular space,Extracellular space/secreted,Swiss-Prot,3
Q99K41,True,ECM Glycoproteins|Core matrisome,10090,Extracellular matrix|Extracellular region|Extracellular space,Extracellular matrix|Extracellular space/secreted,Swiss-Prot,3
P01727,True,,10090,Extracellular space,,Swiss-Prot,3
Q9R1B9,True,ECM Glycoproteins|Core matrisome,10090,Extracellular space,Extracellular space/secreted,Swiss-Prot,3
P02680,True,,10116,Extracellular space,Extracellular space/secreted,Swiss-Prot,3
Q5VXI9,True,,9606,Extracellular region,Extracellular space/secreted,Swiss-Prot,3
P04762,True,,10116,Extracellular space,,Swiss-Prot,3
P0CG37,True,Secreted Factors|Matrisome-associated,9606,Extracellular region,Extracellular space/secreted,Swiss-Prot,3
P83859,True,,9606,Extracellular region,Extracellular space/secreted,Swiss-Prot,3
Q61207,True,,10090,Extracellular region|Extracellular space,Extracellular space/secreted,Swiss-Prot,3
Q8NES8,True,,9606,Extracellular region,Extracellular space/secreted,Swiss-Prot,3
P06684,True,,10090,Extracellular space,Extracellular space/secreted,Swiss-Prot,3
Q6PL45,True,,9606,Extracellular space,,Swiss-Prot,3
Q8WX39,True,,9606,Extracellular space,Extracellular space/secreted,Swiss-Prot,3
P11087,True,Collagens|Core matrisome,10090,Extracellular matrix|Extracellular region|Extracellular space,Extracellular matrix|Extracellular space/secreted,Swiss-Prot,3
Q5JS37,True,,9606,Extracellular region,Extracellular space/secreted,Swiss-Prot,3
P02767,True,,10116,Extracellular space,Extracellular space/secreted,Swiss-Prot,3
P12346,True,,10116,Basement membrane|Extracellular region|Extracellular space,Extracellular space/secreted,Swiss-Prot,3
Q64151,False,ECM-affiliated Proteins|Matrisome-associated,10090,,,Swiss-Prot,3
P24627,True,,9913,Extracellular space,Extracellular space/secreted,Swiss-Prot,3
Q30KQ8,True,,9606,Extracellular region,Extracellular space/secreted,Swiss-Prot,3
Q14CN2,True,,9606,Extracellular region,Extracellular space/secreted,Swiss-Prot,3
P80108,True,,9606,Extracellular matrix|Extracellular region|Extracellular space,Extracellular space/secreted,Swiss-Prot,3
Q9UF83,True,,9606,Extracellular space,,Swiss-Prot,3
P08649,True,,10116,Extracellular region|Extracellular space,Extracellular space/secreted,Swiss-Prot,3
P12872,True,,9606,Extracellular region,Extracellular space/secreted,Swiss-Prot,3
Q60715,False,ECM Regulators|Matrisome-associated,10090,,,Swiss-Prot,3
Q5BLP8,True,,9606,Extracellular space,Extracellular space/secreted,Swiss-Prot,3
Q96CG8,True,ECM Glycoproteins|Core matrisome,9606,Extracellular region|Extracellular space,Extracellular matrix|Extracellular space/secreted,Swiss-Prot,3
Q9Z0E2,True,Secreted Factors|Matrisome-associated,10090,Extracellular region|Extracellular space,Extracellular space/secreted,Swiss-Prot,3
P01298,True,,9606,Extracellular region|Extracellular space,Extracellular space/secreted,Swiss-Prot,3
P00772,True,,9823,Extracellular space,Extracellular space/secreted,Swiss-Prot,3
P06745,True,,10090,Extracellular space,Extracellular space/secreted,Swiss-Prot,3
P70207,False,ECM-affiliated Proteins|Matrisome-associated,10090,,,Swiss-Prot,3
P16442,True,,9606,Extracellular region,Extracellular space/secreted,Swiss-Prot,3
Q8CFZ4,False,ECM-affiliated Proteins|Matrisome-associated,10090,,,Swiss-Prot,3
P28841,True,,10116,Extracellular space,Extracellular space/secreted,Swiss-Prot,3
P16014,True,,10090,Extracellular space,Extracellular space/secreted,Swiss-Prot,3
P56942,True,,10090,Extracellular space,Extracellular space/secreted,Swiss-Prot,3
Q9QZS7,True,,10090,Basement membrane,,Swiss-Prot,3
Q71KU9,True,ECM Glycoproteins|Core matrisome,10090,Extracellular region|Extracellular space,Extracellular space/secreted,Swiss-Prot,3
P08905,True,,10090,Extracellular space,Extracellular space/secreted,Swiss-Prot,3
P29477,True,,10090,Extracellular space,,Swiss-Prot,3
Q3UZZ4,True,,10090,Extracellular space,Extracellular space/secreted,Swiss-Prot,3
P33072,True,ECM Regulators|Matrisome-associated,9913,Extracellular region|Extracellular space,Extracellular space/secreted,Swiss-Prot,3
Q8IVN8,True,ECM Glycoproteins|Core matrisome,9606,Extracellular region,Extracellular matrix|Extracellular space/secreted,Swiss-Prot,3
P02770,True,,10116,Basement membrane|Extracellular region|Extracellular space,Extracellular space/secreted,Swiss-Prot,3
P21793,True,Proteoglycans|Core matrisome,9913,Extracellular space,Extracellular matrix|Extracellular space/secreted,Swiss-Prot,3
Q8CFR0,True,ECM-affiliated Proteins|Matrisome-associated,10090,Extracellular region,Extracellular space/secreted,Swiss-Prot,3
Q9BX93,True,,9606,Extracellular region,Extracellular space/secreted,Swiss-Prot,3
P13562,True,,10090,Extracellular space,Extracellular space/secreted,Swiss-Prot,3
P11232,True,,10116,Extracellular region,Extracellular space/secreted,Swiss-Prot,3
P31722,True,,10116,Extracellular region,Extracellular space/secreted,Swiss-Prot,3
Q9CQW5,False,ECM-affiliated Proteins|Matrisome-associated,10090,,,Swiss-Prot,3
P55067,True,,10116,Extracellular space,Extracellular space/secreted,Swiss-Prot,3
Q9WVH8,True,,10116,Extracellular space,Extracellular matrix|Extracellular space/secreted,Swiss-Prot,2
P14668,True,,10116,Extracellular space,,Swiss-Prot,2
P43407,False,ECM-affiliated Proteins|Matrisome-associated,10090,,,Swiss-Prot,2
P31346,True,,9823,Extracellular space,Extracellular space/secreted,Swiss-Prot,2
Q9JM58,True,Secreted Factors|Matrisome-associated,10090,Extracellular space,Extracellular space/secreted,Swiss-Prot,2
Q7Z7B7,True,,9606,Extracellular space,Extracellular space/secreted,Swiss-Prot,2
P50404,True,ECM-affiliated Proteins|Matrisome-associated,10090,Extracellular space,Extracellular matrix|Extracellular space/secreted,Swiss-Prot,2
P07916,True,,9031,Extracellular region,Extracellular matrix|Extracellular space/secreted,Swiss-Prot,2
A0A0K2S4Q6,True,,9606,Extracellular region,Extracellular space/secreted,Swiss-Prot,2
O95428,True,ECM Glycoproteins|Core matrisome,9606,Extracellular region,Extracellular space/secreted,Swiss-Prot,2
Q32S24,True,Collagens|Core matrisome,9913,Extracellular region|Extracellular space,Extracellular matrix|Extracellular space/secreted,Swiss-Prot,2
Q9H1Z8,True,,9606,Extracellular space,Extracellular space/secreted,Swiss-Prot,2
P97450,True,,10090,Extracellular space,,Swiss-Prot,2
P14106,True,ECM-affiliated Proteins|Matrisome-associated,10090,Extracellular region|Extracellular space,Extracellular space/secreted,Swiss-Prot,2
Q9QY40,False,ECM-affiliated Proteins|Matrisome-associated,10090,,,Swiss-Prot,2
P00920,True,,10090,Extracellular space,,Swiss-Prot,2
P31809,True,,10090,Extracellular space,,Swiss-Prot,2
P05784,True,,10090,Extracellular space,,Swiss-Prot,2
Q8K209,True,,10090,Extracellular region,Extracellular space/secreted,Swiss-Prot,2
Q640N1,True,ECM Glycoproteins|Core matrisome,10090,Extracellular space,Extracellular space/secreted,Swiss-Prot,2
P27139,True,,10116,Extracellular space,,Swiss-Prot,2
O08543,True,,10090,Basement membrane,,Swiss-Prot,2
P36363,True,Secreted Factors|Matrisome-associated,10090,Extracellular region|Extracellular space,Extracellular space/secreted,Swiss-Prot,2
Q6UXP7,True,,9606,Extracellular space,,Swiss-Prot,2
A2ASQ1,True,ECM Glycoproteins|Core matrisome,10090,Basement membrane|Extracellular region|Extracellular space,,Swiss-Prot,2
Q02105,True,ECM-affiliated Proteins|Matrisome-associated,10090,Extracellular region|Extracellular space,Extracellular space/secreted,Swiss-Prot,2
P08289,True,,10116,Extracellular matrix|Extracellular space,,Swiss-Prot,2
O88531,True,,10090,Extracellular region|Extracellular space,Extracellular space/secreted,Swiss-Prot,2
P27046,True,,10090,Extracellular space,,Swiss-Prot,2
Q2M2E5,True,,9606,Extracellular region,Extracellular space/secreted,Swiss-Prot,2
Q9ESN4,True,ECM-affiliated Proteins|Matrisome-associated,10090,Extracellular region,Extracellular space/secreted,Swiss-Prot,2
P26644,True,,10116,Extracellular space,Extracellular space/secreted,Swiss-Prot,2
Q62059,True,Proteoglycans|Core matrisome,10090,Extracellular matrix|Extracellular region|Extracellular space,Extracellular matrix|Extracellular space/secreted,Swiss-Prot,2
Q9R007,False,ECM-affiliated Proteins|Matrisome-associated,10090,,,Swiss-Prot,2
O08746,True,ECM Glycoproteins|Core matrisome,10090,Basement membrane|Extracellular matrix|Extracellular space,Extracellular space/secreted,Swiss-Prot,2
P23389,True,,9913,Extracellular space,Extracellular space/secreted,Swiss-Prot,2
P35248,True,,10116,Extracellular space,Extracellular matrix|Extracellular space/secreted,Swiss-Prot,2
P21803,True,,10090,Extracellular region,,Swiss-Prot,2
P55159,True,,10116,Extracellular space,Extracellular space/secreted,Swiss-Prot,2
O35464,False,ECM-affiliated Proteins|Matrisome-associated,10090,,,Swiss-Prot,2
P10518,True,,10090,Extracellular space,,Swiss-Prot,2
P11030,True,,10116,Extracellular space,,Swiss-Prot,2
Q8K479,True,ECM-affiliated Proteins|Matrisome-associated,10090,Extracellular region|Extracellular space,Extracellular space/secreted,Swiss-Prot,2
Q99KQ4,True,,10090,Extracellular space,Extracellular space/secreted,Swiss-Prot,2
P70490,True,,10116,Extracellular space,Extracellular space/secreted,Swiss-Prot,2
Q30KQ5,True,,9606,Extracellular region,Extracellular space/secreted,Swiss-Prot,2
P13599,True,,10116,Extracellular space,,Swiss-Prot,2
P13635,True,,10116,Extracellular space,Extracellular space/secreted,Swiss-Prot,2
P70663,True,ECM Glycoproteins|Core matrisome,10090,Extracellular space,Extracellular matrix|Extracellular space/secreted,Swiss-Prot,2
Q9QUR8,False,ECM-affiliated Proteins|Matrisome-associated,10090,,,Swiss-Prot,2
P02651,True,,10116,Extracellular space,Extracellular space/secreted,Swiss-Prot,2
Q9H972,True,,9606,Extracellular region,Extracellular space/secreted,Swiss-Prot,2
O60952,True,,44689,Extracellular matrix,,Swiss-Prot,2
Q1ZYL8,True,,9606,Extracellular region,Extracellular space/secreted,Swiss-Prot,2
Q9CYL5,True,,10090,Extracellular space,,Swiss-Prot,2
P21836,True,,10090,Basement membrane|Extracellular region|Extracellular space,Extracellular space/secreted,Swiss-Prot,2
P07824,True,,10116,Extracellular space,,Swiss-Prot,2
P70379,False,Secreted Factors|Matrisome-associated,10090,,,Swiss-Prot,2
P31725,True,Secreted Factors|Matrisome-associated,10090,Extracellular space,Extracellular space/secreted,Swiss-Prot,2
Q61526,True,,10090,Extracellular space,,Swiss-Prot,2
Q8IYJ1,True,,9606,Extracellular space,,Swiss-Prot,2
Q90830,True,,9031,Extracellular region,Extracellular matrix|Extracellular space/secreted,Swiss-Prot,2
P54657,True,,44689,Extracellular matrix|Extracellular region,,Swiss-Prot,2
P39061,True,Collagens|Core matrisome,10090,Basement membrane|Extracellular space,Basement membrane|Extracellular matrix|Extracellular space/secreted,Swiss-Prot,2
Q6PKH6,True,,9606,Extracellular region,Extracellular space/secreted,Swiss-Prot,2
P14740,True,,10116,Extracellular region,Extracellular space/secreted,Swiss-Prot,2
Q9D6G9,True,,10090,Extracellular space,,Swiss-Prot,2
P17553,True,Secreted Factors|Matrisome-associated,10090,Extracellular matrix|Extracellular space,Extracellular matrix|Extracellular space/secreted,Swiss-Prot,2
Q08048,True,Secreted Factors|Matrisome-associated,10090,Extracellular region|Extracellular space,,Swiss-Prot,2
Q5BJY9,True,,10116,Extracellular space,,Swiss-Prot,2
Q99J85,True,,10090,Extracellular space,,Swiss-Prot,2
P02510,True,,9913,Extracellular region,Extracellular space/secreted,Swiss-Prot,2
Q8K3I6,True,,10090,Extracellular region|Extracellular space,Extracellular space/secreted,Swiss-Prot,2
Q62426,True,ECM Regulators|Matrisome-associated,10090,Extracellular space,,Swiss-Prot,2
P97953,True,Secreted Factors|Matrisome-associated,10090,Extracellular space,Extracellular space/secreted,Swiss-Prot,2
P24090,True,,10116,Extracellular matrix|Extracellular region|Extracellular space,Extracellular space/secreted,Swiss-Prot,2
P23785,True,,10116,Extracellular region|Extracellular space,Extracellular space/secreted,Swiss-Prot,2
Q9NR71,True,,9606,Extracellular region,Extracellular space/secreted,Swiss-Prot,2
Q61508,True,ECM Glycoproteins|Core matrisome,10090,Extracellular space,Extracellular matrix|Extracellular space/secreted,Swiss-Prot,2
Q96N23,True,,9606,Extracellular region,,Swiss-Prot,2
Q8BPB5,True,ECM Glycoproteins|Core matrisome,10090,Basement membrane|Extracellular space,Extracellular matrix|Extracellular space/secreted,Swiss-Prot,2
Q9UJA9,True,,9606,Extracellular region,Extracellular space/secreted,Swiss-Prot,2
Q8VCC9,True,ECM Glycoproteins|Core matrisome,10090,Extracellular matrix|Extracellular region,Extracellular matrix|Extracellular space/secreted,Swiss-Prot,2
P19228,True,,10090,Extracellular region|Extracellular space,Extracellular space/secreted,Swiss-Prot,2
P0C7U0,True,ECM-affiliated Proteins|Matrisome-associated,9606,Extracellular matrix|Extracellular space,,Swiss-Prot,2
P37237,True,Secreted Factors|Matrisome-associated,10090,Extracellular space,Extracellular space/secreted,Swiss-Prot,2
P08121,True,Collagens|Core matrisome,10090,Extracellular matrix|Extracellular space,Extracellular matrix|Extracellular space/secreted,Swiss-Prot,2
P08721,True,,10116,Extracellular space,Extracellular space/secreted,Swiss-Prot,2
P13941,True,,10116,Extracellular matrix|Extracellular space,Extracellular matrix|Extracellular space/secreted,Swiss-Prot,2
Q8N5W8,True,,9606,Extracellular region,Extracellular space/secreted,Swiss-Prot,2
P22777,True,ECM Regulators|Matrisome-associated,10090,Extracellular region|Extracellular space,Extracellular space/secreted,Swiss-Prot,2
Q9JJ19,True,,10116,Extracellular region,,Swiss-Prot,2
Q9DBH5,True,,10090,Extracellular space,,Swiss-Prot,2
P21237,True,Secreted Factors|Matrisome-associated,10090,Extracellular region|Extracellular space,Extracellular space/secreted,Swiss-Prot,2
Q61824,False,ECM Regulators|Matrisome-associated,10090,,,Swiss-Prot,2
Q27954,True,,9913,Extracellular region,Extracellular space/secreted,Swiss-Prot,2
O35664,True,,10090,Extracellular space,Extracellular space/secreted,Swiss-Prot,2
P50543,True,Secreted Factors|Matrisome-associated,10090,Extracellular space,,Swiss-Prot,2
P19324,True,ECM Regulators|Matrisome-associated,10090,Extracellular space,,Swiss-Prot,2
O15130,True,,9606,Extracellular region|Extracellular space,Extracellular space/secreted,Swiss-Prot,2
Q2Q0I9,True,,10116,Extracellular region,Extracellular space/secreted,Swiss-Prot,2
Q9D0F3,False,ECM-affiliated Proteins|Matrisome-associated,10090,,,Swiss-Prot,2
Q6P7S1,True,,10116,Extracellular space,Extracellular space/secreted,Swiss-Prot,2
P08460,True,,10116,Basement membrane|Extracellular matrix|Extracellular region,Basement membrane|Extracellular matrix|Extracellular space/secreted,Swiss-Prot,2
Q8R4A1,True,,10116,Extracellular space,Extracellular space/secreted,Swiss-Prot,2
P28494,True,,10116,Extracellular space,,Swiss-Prot,2
P07867,True,,10116,Extracellular space,Extracellular space/secreted,Swiss-Prot,2
P02662,True,,9913,Extracellular space,Extracellular space/secreted,Swiss-Prot,2
P08799,True,,44689,Extracellular matrix,,Swiss-Prot,2
P31230,True,,10090,Extracellular space,Extracellular space/secreted,Swiss-Prot,2
Q9Z126,True,Secreted Factors|Matrisome-associated,10090,Extracellular space,Extracellular space/secreted,Swiss-Prot,2
O95158,True,,9606,Extracellular region,Extracellular space/secreted,Swiss-Prot,2
P48381,True,,10090,Extracellular region,,Swiss-Prot,2
P37361,True,,10116,Extracellular space,,Swiss-Prot,2
P01867,True,,10090,Extracellular region|Extracellular space,Extracellular space/secreted,Swiss-Prot,2
P04202,True,Secreted Factors|Matrisome-associated,10090,Extracellular matrix|Extracellular space,Extracellular matrix|Extracellular space/secreted,Swiss-Prot,2
O43555,True,,9606,Extracellular region|Extracellular space,Extracellular space/secreted,Swiss-Prot,2
P47880,True,ECM Glycoproteins|Core matrisome,10090,Extracellular space,Extracellular space/secreted,Swiss-Prot,2
P17246,True,,10116,Extracellular matrix|Extracellular space,Extracellular matrix|Extracellular space/secreted,Swiss-Prot,2
A2NJV5,True,,9606,Extracellular region|Extracellular space,Extracellular space/secreted,Swiss-Prot,2
Q0VGU4,True,,10090,Extracellular region|Extracellular space,Extracellular space/secreted,Swiss-Prot,2
Q01177,True,,10116,Extracellular space,Extracellular space/secreted,Swiss-Prot,2
Q98SN7,True,Secreted Factors|Matrisome-associated,9031,Extracellular space,Extracellular matrix|Extracellular space/secreted,Swiss-Prot,2
P28648,True,,10116,Extracellular space,Extracellular space/secreted,Swiss-Prot,2
Q9QUP5,True,Proteoglycans|Core matrisome,10090,Extracellular matrix|Extracellular space,Extracellular matrix|Extracellular space/secreted,Swiss-Prot,2
P41731,True,,10090,Extracellular space,Extracellular space/secreted,Swiss-Prot,2
P03994,True,,10116,Extracellular matrix|Extracellular space,Extracellular matrix|Extracellular space/secreted,Swiss-Prot,2
Q8R2Z5,True,ECM Glycoproteins|Core matrisome,10090,Basement membrane|Extracellular matrix|Extracellular region,Basement membrane|Extracellular matrix|Extracellular space/secreted,Swiss-Prot,2
O35235,True,Secreted Factors|Matrisome-associated,10090,Extracellular space,Extracellular space/secreted,Swiss-Prot,2
O35516,True,,10090,Extracellular region,,Swiss-Prot,2
Q9D777,True,Secreted Factors|Matrisome-associated,10090,Extracellular space,Extracellular space/secreted,Swiss-Prot,2
Q9QYH9,True,Secreted Factors|Matrisome-associated,10090,Extracellular space,Extracellular space/secreted,Swiss-Prot,2
P29268,True,,10090,Extracellular matrix|Extracellular region|Extracellular space,Extracellular matrix|Extracellular space/secreted,Swiss-Prot,2
Q7TS55,True,Secreted Factors|Matrisome-associated,10090,Extracellular space,,Swiss-Prot,2
Q91VX5,True,,10090,Extracellular region,Extracellular space/secreted,Swiss-Prot,2
Q9QZM3,True,Secreted Factors|Matrisome-associated,10090,Extracellular region|Extracellular space,Extracellular space/secreted,Swiss-Prot,2
Q5H8A3,True,,9606,Extracellular region,Extracellular space/secreted,Swiss-Prot,2
Q63416,True,,10116,Extracellular region,Extracellular space/secreted,Swiss-Prot,2
Q6UWI2,False,ECM-affiliated Proteins|Matrisome-associated,9606,,,Swiss-Prot,2
Q6AXX6,True,,10116,Extracellular region,Extracellular space/secreted,Swiss-Prot,2
Q5T601,True,,9606,Extracellular region,Extracellular space/secreted,Swiss-Prot,2
P01315,True,,9823,Extracellular space,Extracellular space/secreted,Swiss-Prot,2
A2AAJ9,True,,10090,Extracellular space,Extracellular space/secreted,Swiss-Prot,2
Q9BZV3,True,Proteoglycans|Core matrisome,9606,Extracellular matrix|Extracellular region,Extracellular matrix|Extracellular space/secreted,Swiss-Prot,2
Q6NVD0,True,ECM-affiliated Proteins|Matrisome-associated,10090,Basement membrane,,Swiss-Prot,2
Q64339,True,,10090,Extracellular region,Extracellular space/secreted,Swiss-Prot,2
Q8BLU0,True,,10090,Extracellular space,Extracellular matrix|Extracellular space/secreted,Swiss-Prot,2
Q9JJY3,True,,10090,Extracellular region,,Swiss-Prot,2
P70232,True,,10090,Extracellular region,Extracellular matrix|Extracellular space/secreted,Swiss-Prot,2
P21674,True,,10116,Extracellular space,Extracellular space/secreted,Swiss-Prot,2
P05059,True,,9913,Extracellular region|Extracellular space,Extracellular space/secreted,Swiss-Prot,2
Q9ESB3,True,ECM Regulators|Matrisome-associated,10090,Extracellular region,Extracellular space/secreted,Swiss-Prot,2
Q9GKN8,True,Proteoglycans|Core matrisome,9913,Extracellular space,Extracellular matrix|Extracellular space/secreted,Swiss-Prot,2
Q6ZMJ4,True,Secreted Factors|Matrisome-associated,9606,Extracellular region|Extracellular space,Extracellular space/secreted,Swiss-Prot,2
Q69ZM6,True,,10090,Extracellular region,,Swiss-Prot,2
P54651,True,,44689,Extracellular matrix,,Swiss-Prot,2
Q61702,True,ECM Regulators|Matrisome-associated,10090,Extracellular matrix|Extracellular region,Extracellular space/secreted,Swiss-Prot,2
Q5R3F8,True,ECM-affiliated Proteins|Matrisome-associated,9606,Extracellular matrix|Extracellular space,,Swiss-Prot,2
P07492,True,,9606,Extracellular region|Extracellular space,Extracellular space/secreted,Swiss-Prot,2
P02466,True,,10116,Extracellular region|Extracellular space,Extracellular matrix|Extracellular space/secreted,Swiss-Prot,2
O35468,True,Secreted Factors|Matrisome-associated,10090,Extracellular space,Extracellular matrix|Extracellular space/secreted,Swiss-Prot,2
Q16661,True,,9606,Extracellular region,Extracellular space/secreted,Swiss-Prot,2
P41047,True,,10090,Extracellular space,Extracellular space/secreted,Swiss-Prot,2
Q6YBR5,True,,7955,Extracellular space,Extracellular space/secreted,Swiss-Prot,2
P97792,True,,10090,Extracellular space,Extracellular space/secreted,Swiss-Prot,2
O35309,True,,10090,Extracellular space,Extracellular space/secreted,Swiss-Prot,2
Q9EQ14,True,Secreted Factors|Matrisome-associated,10090,Extracellular region|Extracellular space,Extracellular space/secreted,Swiss-Prot,2
Q29443,True,,9913,Extracellular space,Extracellular space/secreted,Swiss-Prot,2
P02789,True,,9031,Extracellular space,Extracellular space/secreted,Swiss-Prot,2
Q8CFV4,True,,10090,Extracellular space,,Swiss-Prot,2
Q9JIE6,True,,10090,Extracellular region|Extracellular space,Extracellular space/secreted,Swiss-Prot,2
P01325,True,Secreted Factors|Matrisome-associated,10090,Extracellular region|Extracellular space,Extracellular space/secreted,Swiss-Prot,2
P27731,True,,9031,Extracellular space,Extracellular space/secreted,Swiss-Prot,2
P47879,True,ECM Glycoproteins|Core matrisome,10090,Extracellular space,Extracellular space/secreted,Swiss-Prot,2
P98156,True,,10090,Extracellular space,,Swiss-Prot,2
Q00493,True,,10090,Extracellular region|Extracellular space,Extracellular space/secreted,Swiss-Prot,2
Q8CG19,True,ECM Glycoproteins|Core matrisome,10090,Extracellular matrix|Extracellular region,Extracellular matrix|Extracellular space/secreted,Swiss-Prot,2
O08970,True,,10090,Extracellular region,Extracellular space/secreted,Swiss-Prot,2
Q61361,True,Proteoglycans|Core matrisome,10090,Extracellular matrix|Extracellular space,Extracellular matrix|Extracellular space/secreted,Swiss-Prot,2
P06238,True,,10116,Extracellular space,Extracellular space/secreted,Swiss-Prot,2
Q6GQT1,True,ECM Regulators|Matrisome-associated,10090,Extracellular space,Extracellular space/secreted,Swiss-Prot,2
Q9JKR6,True,,10090,Extracellular region,,Swiss-Prot,2
Q6UXT8,True,,9606,Extracellular space,Extracellular space/secreted,Swiss-Prot,2
Q9D0L1,True,,10090,Extracellular space,Extracellular space/secreted,Swiss-Prot,2
A2A863,True,,10090,Basement membrane,,Swiss-Prot,2
Q63495,True,,10116,Extracellular space,,Swiss-Prot,2
Q61810,True,ECM Glycoproteins|Core matrisome,10090,Extracellular matrix|Extracellular region,Extracellular matrix|Extracellular space/secreted,Swiss-Prot,2
Q922R8,True,,10090,Extracellular space,,Swiss-Prot,2
Q5U2V4,True,,10116,Extracellular region|Extracellular space,,Swiss-Prot,2
P58242,True,,10090,Extracellular space,Extracellular space/secreted,Swiss-Prot,2
Q9JI85,True,,10116,Extracellular space,Extracellular space/secreted,Swiss-Prot,2
Q5TD94,True,,9606,Extracellular region,,Swiss-Prot,2
P01899,True,,10090,Extracellular space,,Swiss-Prot,2
Q9D1T0,True,,10090,Extracellular matrix|Extracellular space,,Swiss-Prot,2
P01134,True,,10116,Extracellular space,Extracellular space/secreted,Swiss-Prot,2
Q969E1,True,,9606,Extracellular region,Extracellular space/secreted,Swiss-Prot,2
Q8N398,False,ECM Glycoproteins|Core matrisome,9606,,,Swiss-Prot,2
Q9R1V7,True,ECM Regulators|Matrisome-associated,10090,Extracellular region,Extracellular space/secreted,Swiss-Prot,2
Q9CXF4,True,,10090,Extracellular region,,Swiss-Prot,2
P34930,True,,9823,Extracellular region,Extracellular space/secreted,Swiss-Prot,2
P11762,True,,10116,Extracellular space,Extracellular matrix|Extracellular space/secreted,Swiss-Prot,2
O35696,True,,10090,Extracellular region,,Swiss-Prot,2
Q96A98,True,,9606,Extracellular region,Extracellular space/secreted,Swiss-Prot,2
Q60963,True,,10090,Extracellular space,Extracellular space/secreted,Swiss-Prot,2
Q9WTR5,True,,10090,Extracellular space,,Swiss-Prot,2
Q62386,True,Secreted Factors|Matrisome-associated,10090,Extracellular space,Extracellular space/secreted,Swiss-Prot,2
Q99JA0,True,,10090,Extracellular region|Extracellular space,Extracellular space/secreted,Swiss-Prot,2
Q5VYY2,True,,9606,Extracellular region,Extracellular space/secreted,Swiss-Prot,2
Q9WTS4,True,,10090,Extracellular region,Extracellular space/secreted,Swiss-Prot,2
P12968,True,,10090,Extracellular space,Extracellular space/secreted,Swiss-Prot,2
Q9QZR8,True,,10116,Extracellular region,Extracellular space/secreted,Swiss-Prot,2
P07309,True,,10090,Extracellular space,Extracellular space/secreted,Swiss-Prot,2
O35988,True,ECM-affiliated Proteins|Matrisome-associated,10090,Extracellular region,Extracellular space/secreted,Swiss-Prot,2
O14668,True,,9606,Extracellular space,,Swiss-Prot,2
Q8NEB7,True,,9606,Extracellular region,Extracellular space/secreted,Swiss-Prot,2
P27005,True,Secreted Factors|Matrisome-associated,10090,Extracellular space,Extracellular space/secreted,Swiss-Prot,2
Q00993,True,,10090,Extracellular space,,Swiss-Prot,2
Q5VXM1,True,ECM Glycoproteins|Core matrisome,9606,Extracellular region,Extracellular space/secreted,Swiss-Prot,2
Q684R7,True,ECM-affiliated Proteins|Matrisome-associated,10090,Basement membrane|Extracellular region,Basement membrane|Extracellular matrix|Extracellular space/secreted,Swiss-Prot,2
P08920,True,,10090,Extracellular region,,Swiss-Prot,2
P12682,True,,9823,Extracellular region,Extracellular space/secreted,Swiss-Prot,2
O88839,True,ECM Regulators|Matrisome-associated,10090,Extracellular space,,Swiss-Prot,2
Q8BGN3,True,,10090,Extracellular region,,Swiss-Prot,2
Q63691,True,,10116,Extracellular space,Extracellular space/secreted,Swiss-Prot,2
Q9D8C4,True,,10090,Extracellular space,Extracellular space/secreted,Swiss-Prot,2
Q61790,True,,10090,Extracellular region,Extracellular space/secreted,Swiss-Prot,2
P01897,True,,10090,Extracellular space,,Swiss-Prot,2
Q61176,True,,10090,Extracellular space,,Swiss-Prot,2
Q9JJN1,True,Secreted Factors|Matrisome-associated,10090,Extracellular space,Extracellular space/secreted,Swiss-Prot,2
P97690,True,,10116,Basement membrane,,Swiss-Prot,2
P47876,True,ECM Glycoproteins|Core matrisome,10090,Extracellular space,Extracellular space/secreted,Swiss-Prot,2
P35951,True,,10090,Extracellular space,,Swiss-Prot,2
Q50LG9,True,,9606,Extracellular matrix|Extracellular space,,Swiss-Prot,2
Q9Z339,True,,10116,Basement membrane,,Swiss-Prot,2
P05545,True,,10116,Extracellular space,Extracellular space/secreted,Swiss-Prot,2
Q8TAG5,True,,9606,Extracellular region,Extracellular space/secreted,Swiss-Prot,2
Q9NZH7,True,,9606,Extracellular region|Extracellular space,Extracellular space/secreted,Swiss-Prot,2
P07759,True,ECM Regulators|Matrisome-associated,10090,Extracellular space,Extracellular space/secreted,Swiss-Prot,2
P42703,True,,10090,Extracellular region,Extracellular space/secreted,Swiss-Prot,2
Q5I2A0,True,ECM Regulators|Matrisome-associated,10090,Extracellular space,,Swiss-Prot,2
P63159,True,,10116,Extracellular space,Extracellular space/secreted,Swiss-Prot,2
Q9DCZ4,True,,10090,Extracellular region,,Swiss-Prot,2
Q03350,True,ECM Glycoproteins|Core matrisome,10090,Basement membrane|Extracellular matrix|Extracellular region,,Swiss-Prot,2
P01580,True,Secreted Factors|Matrisome-associated,10090,Extracellular region|Extracellular space,Extracellular space/secreted,Swiss-Prot,2
Q9QYH7,True,,10116,Extracellular region|Extracellular space,Extracellular space/secreted,Swiss-Prot,2
P60153,True,,9606,Extracellular region,Extracellular space/secreted,Swiss-Prot,2
P97785,True,,10090,Extracellular space,,Swiss-Prot,2
P04090,True,,9606,Extracellular region,Extracellular space/secreted,Swiss-Prot,2
P11214,True,ECM Regulators|Matrisome-associated,10090,Extracellular space,Extracellular space/secreted,Swiss-Prot,2
P08921,True,,10116,Extracellular region,,Swiss-Prot,2
O89001,True,,10090,Extracellular space,,Swiss-Prot,2
P26928,True,Secreted Factors|Matrisome-associated,10090,Extracellular space,Extracellular space/secreted,Swiss-Prot,2
P23506,True,,10090,Extracellular space,,Swiss-Prot,2
P02091,True,,10116,Extracellular space,,Swiss-Prot,2
Q91X72,True,ECM-affiliated Proteins|Matrisome-associated,10090,Extracellular space,Extracellular space/secreted,Swiss-Prot,2
O35566,True,,10090,Basement membrane,,Swiss-Prot,2
Q9Z0U4,True,,10116,Extracellular space,,Swiss-Prot,2
Q9D8B7,True,,10090,Extracellular space,Extracellular space/secreted,Swiss-Prot,2
P70343,True,,10090,Extracellular region,Extracellular space/secreted,Swiss-Prot,2
Q8BH06,True,,10090,Extracellular region,Extracellular space/secreted,Swiss-Prot,2
Q05546,True,,10116,Extracellular matrix|Extracellular space,Extracellular matrix|Extracellular space/secreted,Swiss-Prot,2
P55088,True,,10090,Extracellular region,,Swiss-Prot,2
P47863,True,,10116,Extracellular region,,Swiss-Prot,2
Q4G0M1,True,,9606,Extracellular region|Extracellular space,Extracellular space/secreted,Swiss-Prot,2
O08573,True,ECM-affiliated Proteins|Matrisome-associated,10090,Extracellular region|Extracellular space,Extracellular space/secreted,Swiss-Prot,2
Q8K4C5,True,Secreted Factors|Matrisome-associated,10090,Extracellular space,Extracellular space/secreted,Swiss-Prot,2
Q80T14,True,ECM Glycoproteins|Core matrisome,10090,Basement membrane,,Swiss-Prot,2
P56565,False,Secreted Factors|Matrisome-associated,10090,,,Swiss-Prot,2
P70193,True,,10090,Extracellular matrix|Extracellular space,,Swiss-Prot,2
Q6UWQ7,True,,9606,Extracellular space,Extracellular space/secreted,Swiss-Prot,2
Q8K3B1,True,,10090,Extracellular region,Extracellular space/secreted,Swiss-Prot,2
P62738,True,,10116,Basement membrane,,Swiss-Prot,2
Q6B9Z0,True,,10090,Extracellular space,Extracellular space/secreted,Swiss-Prot,2
Q5S248,True,,10090,Extracellular region,Extracellular space/secreted,Swiss-Prot,2
P18828,True,ECM-affiliated Proteins|Matrisome-associated,10090,Extracellular region,Extracellular space/secreted,Swiss-Prot,2
Q96JK4,True,,9606,Extracellular region,Extracellular space/secreted,Swiss-Prot,2
P20109,True,Secreted Factors|Matrisome-associated,10090,Extracellular region|Extracellular space,Extracellular space/secreted,Swiss-Prot,2
O88783,True,,10090,Extracellular region|Extracellular space,Extracellular space/secreted,Swiss-Prot,2
P97467,True,,10090,Extracellular region|Extracellular space,,Swiss-Prot,2
P05371,True,,10116,Extracellular space,Extracellular space/secreted,Swiss-Prot,2
Q28083,True,Collagens|Core matrisome,9913,Extracellular region|Extracellular space,Extracellular matrix|Extracellular space/secreted,Swiss-Prot,2
Q86VH5,True,,9606,Extracellular matrix|Extracellular space,,Swiss-Prot,2
P28481,True,Collagens|Core matrisome,10090,Basement membrane|Extracellular matrix|Extracellular space,Extracellular matrix|Extracellular space/secreted,Swiss-Prot,2
P35445,True,ECM Glycoproteins|Core matrisome,9913,Extracellular region|Extracellular space,Extracellular matrix|Extracellular space/secreted,Swiss-Prot,2
Q9BYJ0,True,Secreted Factors|Matrisome-associated,9606,Extracellular region,Extracellular space/secreted,Swiss-Prot,2
P61148,True,Secreted Factors|Matrisome-associated,10090,Extracellular matrix|Extracellular region|Extracellular space,Extracellular space/secreted,Swiss-Prot,2
Q9TTE1,True,,9913,Extracellular space,Extracellular space/secreted,Swiss-Prot,2
P61149,True,,10116,Extracellular matrix|Extracellular region|Extracellular space,Extracellular space/secreted,Swiss-Prot,2
P19620,True,,9823,Basement membrane|Extracellular space,Basement membrane|Extracellular matrix|Extracellular space/secreted,Swiss-Prot,2
Q9H1F0,True,,9606,Extracellular space,Extracellular space/secreted,Swiss-Prot,2
Q62952,True,,10116,Extracellular space,,Swiss-Prot,2
P13721,True,,10116,Extracellular region,Extracellular space/secreted,Swiss-Prot,2
P29788,True,ECM Glycoproteins|Core matrisome,10090,Basement membrane|Extracellular matrix|Extracellular space,Extracellular space/secreted,Swiss-Prot,2
Q3ZEJ6,True,,9913,Extracellular space,Extracellular space/secreted,Swiss-Prot,2
Q69Z26,True,,10090,Extracellular region,Extracellular space/secreted,Swiss-Prot,2
P47877,True,ECM Glycoproteins|Core matrisome,10090,Extracellular region|Extracellular space,Extracellular space/secreted,Swiss-Prot,2
E9PV24,True,ECM Glycoproteins|Core matrisome,10090,Extracellular space,Extracellular space/secreted,Swiss-Prot,2
Q7TNI7,True,Secreted Factors|Matrisome-associated,10090,Extracellular space,Extracellular space/secreted,Swiss-Prot,2
Q9R118,True,ECM Regulators|Matrisome-associated,10090,Extracellular region,Extracellular space/secreted,Swiss-Prot,2
A0A0C4DH69,True,,9606,Extracellular space,Extracellular space/secreted,Swiss-Prot,1
P12763,True,ECM Glycoproteins|Core matrisome,9913,Extracellular matrix|Extracellular region|Extracellular space,Extracellular space/secreted,Swiss-Prot,1
P03958,True,,10090,Extracellular space,,Swiss-Prot,1
Q8HW98,True,,10090,Extracellular region,Extracellular space/secreted,Swiss-Prot,1
G3V8D4,True,,10116,Extracellular space,Extracellular space/secreted,Swiss-Prot,1
P10749,True,Secreted Factors|Matrisome-associated,10090,Extracellular region|Extracellular space,Extracellular space/secreted,Swiss-Prot,1
Q700K0,True,,10116,Extracellular matrix|Extracellular space,Extracellular space/secreted,Swiss-Prot,1
P79762,True,ECM Glycoproteins|Core matrisome,9031,Extracellular matrix|Extracellular space,Extracellular matrix|Extracellular space/secreted,Swiss-Prot,1
Q7M6Z4,True,,10090,Extracellular region,,Swiss-Prot,1
P30730,True,,10090,Extracellular space,,Swiss-Prot,1
P35444,True,,10116,Extracellular region|Extracellular space,Extracellular matrix|Extracellular space/secreted,Swiss-Prot,1
A6ND01,True,,9606,Extracellular region,,Swiss-Prot,1
Q80SS5,True,Secreted Factors|Matrisome-associated,10090,Extracellular space,Extracellular space/secreted,Swiss-Prot,1
Q6P0A1,True,,9606,Extracellular region,Extracellular space/secreted,Swiss-Prot,1
P02754,True,,9913,Extracellular region,Extracellular space/secreted,Swiss-Prot,1
Q68SA9,True,ECM Regulators|Matrisome-associated,10090,Extracellular matrix|Extracellular region,Extracellular matrix|Extracellular space/secreted,Swiss-Prot,1
P50428,True,,10090,Extracellular space,,Swiss-Prot,1
P04276,True,,10116,Extracellular space,Extracellular space/secreted,Swiss-Prot,1
P00689,True,,10116,Extracellular space,Extracellular space/secreted,Swiss-Prot,1
Q6DFW0,True,,10090,Extracellular space,Extracellular space/secreted,Swiss-Prot,1
Q8IZ96,True,,9606,Extracellular space,,Swiss-Prot,1
P22727,True,Secreted Factors|Matrisome-associated,10090,Extracellular matrix|Extracellular space,Extracellular matrix|Extracellular space/secreted,Swiss-Prot,1
Q9ERB4,True,,10116,Extracellular matrix|Extracellular region|Extracellular space,Extracellular matrix|Extracellular space/secreted,Swiss-Prot,1
Q60997,True,ECM Glycoproteins|Core matrisome,10090,Extracellular matrix|Extracellular space,Extracellular space/secreted,Swiss-Prot,1
Q5E9Z2,True,ECM Regulators|Matrisome-associated,9913,Extracellular space,Extracellular space/secreted,Swiss-Prot,1
Q8BVZ5,True,,10090,Extracellular space,Extracellular space/secreted,Swiss-Prot,1
P70458,True,ECM Regulators|Matrisome-associated,10090,Extracellular space,Extracellular space/secreted,Swiss-Prot,1
P01723,True,,10090,Extracellular space,,Swiss-Prot,1
Q15846,True,,9606,Extracellular space,Extracellular space/secreted,Swiss-Prot,1
Q62632,True,,10116,Extracellular region,Extracellular space/secreted,Swiss-Prot,1
P02460,True,Collagens|Core matrisome,9031,Extracellular matrix|Extracellular space,Extracellular matrix|Extracellular space/secreted,Swiss-Prot,1
P35446,True,,10116,Extracellular matrix|Extracellular region,Extracellular matrix|Extracellular space/secreted,Swiss-Prot,1
P16038,True,,9940,Extracellular region,Extracellular space/secreted,Swiss-Prot,1
P01724,True,,10090,Extracellular space,,Swiss-Prot,1
O88799,True,,10090,Extracellular matrix|Extracellular space,,Swiss-Prot,1
P00690,True,,9823,Extracellular space,Extracellular space/secreted,Swiss-Prot,1
P21614,True,,10090,Extracellular space,Extracellular space/secreted,Swiss-Prot,1
P32261,True,ECM Regulators|Matrisome-associated,10090,Extracellular space,Extracellular space/secreted,Swiss-Prot,1
Q8NI32,True,,9606,Extracellular region,,Swiss-Prot,1
P00564,True,,10116,Extracellular space,,Swiss-Prot,1
P05555,True,,10090,Extracellular space,,Swiss-Prot,1
Q4ZJN1,True,ECM-affiliated Proteins|Matrisome-associated,10090,Extracellular space,Extracellular space/secreted,Swiss-Prot,1
Q765I0,True,,9606,Extracellular region,Extracellular space/secreted,Swiss-Prot,1
P06399,True,,10116,Extracellular space,Extracellular space/secreted,Swiss-Prot,1
Q8VHN7,True,,10090,Extracellular region,Extracellular space/secreted,Swiss-Prot,1
O88450,True,,10116,Extracellular region,Extracellular space/secreted,Swiss-Prot,1
P16882,True,,10090,Extracellular region|Extracellular space,Extracellular space/secreted,Swiss-Prot,1
P07750,True,Secreted Factors|Matrisome-associated,10090,Extracellular space,Extracellular space/secreted,Swiss-Prot,1
P05539,True,,10116,Basement membrane|Extracellular matrix|Extracellular space,Extracellular matrix|Extracellular space/secreted,Swiss-Prot,1
P02535,True,,10090,Extracellular region,Extracellular space/secreted,Swiss-Prot,1
P06804,True,Secreted Factors|Matrisome-associated,10090,Extracellular region|Extracellular space,Extracellular space/secreted,Swiss-Prot,1
P04905,True,,10116,Extracellular region,,Swiss-Prot,1
Q61292,True,ECM Glycoproteins|Core matrisome,10090,Basement membrane|Extracellular region,Basement membrane|Extracellular matrix|Extracellular space/secreted,Swiss-Prot,1
P35053,True,,10116,Extracellular matrix|Extracellular region,Extracellular space/secreted,Swiss-Prot,1
Q9QZF2,True,ECM-affiliated Proteins|Matrisome-associated,10090,Extracellular matrix|Extracellular region,Extracellular space/secreted,Swiss-Prot,1
Q9D236,True,ECM Regulators|Matrisome-associated,10090,Extracellular region,Extracellular space/secreted,Swiss-Prot,1
P04430,True,,9606,Extracellular region|Extracellular space,Extracellular space/secreted,Swiss-Prot,1
Q99J86,True,,10116,Extracellular space,Extracellular space/secreted,Swiss-Prot,1
Q7Z7B8,True,,9606,Extracellular region,Extracellular space/secreted,Swiss-Prot,1
P08934,True,,10116,Extracellular region|Extracellular space,Extracellular space/secreted,Swiss-Prot,1
P00671,True,,9823,Extracellular region,Extracellular space/secreted,Swiss-Prot,1
P41263,True,,9031,Extracellular space,Extracellular space/secreted,Swiss-Prot,1
P12661,True,,9913,Extracellular region,Extracellular matrix|Extracellular space/secreted,Swiss-Prot,1
P01348,True,,9823,Extracellular region,Extracellular space/secreted,Swiss-Prot,1
P18613,True,,44689,Extracellular matrix,,Swiss-Prot,1
Q02509,True,,9606,Extracellular matrix|Extracellular region,Extracellular space/secreted,Swiss-Prot,1
Q13103,True,,9606,Extracellular region,Extracellular space/secreted,Swiss-Prot,1
P01318,True,,9940,Extracellular space,Extracellular space/secreted,Swiss-Prot,1
O35314,True,,10116,Extracellular space,Extracellular space/secreted,Swiss-Prot,1
Q9R044,True,,10116,Basement membrane,,Swiss-Prot,1
Q06518,True,,10116,Extracellular space,,Swiss-Prot,1
Q9EQP5,True,,10116,Extracellular space,Extracellular matrix|Extracellular space/secreted,Swiss-Prot,1
A6X935,True,ECM Regulators|Matrisome-associated,10090,Extracellular space,Extracellular space/secreted,Swiss-Prot,1
Q90999,True,,9031,Extracellular matrix,,Swiss-Prot,1
P16368,True,ECM Regulators|Matrisome-associated,9913,Extracellular matrix|Extracellular space,Extracellular space/secreted,Swiss-Prot,1
Q920A6,True,,10116,Extracellular region,Extracellular space/secreted,Swiss-Prot,1
Q68FM6,True,ECM-affiliated Proteins|Matrisome-associated,10090,Extracellular matrix|Extracellular space,,Swiss-Prot,1
O88322,True,ECM Glycoproteins|Core matrisome,10090,Basement membrane|Extracellular matrix|Extracellular region|Extracellular space,Basement membrane|Extracellular matrix|Extracellular space/secreted,Swiss-Prot,1
P49764,True,Secreted Factors|Matrisome-associated,10090,Extracellular region|Extracellular space,Extracellular space/secreted,Swiss-Prot,1
O35714,True,,10090,Extracellular region,Extracellular space/secreted,Swiss-Prot,1
Q15195,True,,9606,Extracellular region,Extracellular space/secreted,Swiss-Prot,1
P23377,True,,10116,Extracellular region,Extracellular space/secreted,Swiss-Prot,1
P97812,True,Secreted Factors|Matrisome-associated,10090,Extracellular matrix|Extracellular region|Extracellular space,Extracellular space/secreted,Swiss-Prot,1
Q5S003,True,,10090,Extracellular region,,Swiss-Prot,1
P13609,True,Proteoglycans|Core matrisome,10090,Extracellular space,Extracellular space/secreted,Swiss-Prot,1
P19637,True,,10116,Extracellular space,Extracellular space/secreted,Swiss-Prot,1
Q8K561,True,,10090,Extracellular region,Extracellular matrix|Extracellular space/secreted,Swiss-Prot,1
P62864,True,,10116,Extracellular space,,Swiss-Prot,1
P23953,True,,10090,Extracellular space,,Swiss-Prot,1
Q29011,True,,9823,Extracellular region|Extracellular space,Extracellular matrix|Extracellular space/secreted,Swiss-Prot,1
P18292,True,,10116,Extracellular space,,Swiss-Prot,1
Q3I5G7,True,,9823,Extracellular space,Extracellular space/secreted,Swiss-Prot,1
Q63548,True,,10116,Extracellular space,Extracellular space/secreted,Swiss-Prot,1
Q9JLI7,True,,10090,Extracellular region,,Swiss-Prot,1
O88182,True,,10116,Extracellular space,Extracellular space/secreted,Swiss-Prot,1
Q8K450,True,,10090,Extracellular region,,Swiss-Prot,1
Q62230,True,,10090,Extracellular region,Extracellular space/secreted,Swiss-Prot,1
O55134,True,,10090,Extracellular region,Extracellular space/secreted,Swiss-Prot,1
Q3URD3,True,,10090,Extracellular space,,Swiss-Prot,1
P50609,True,,10116,Extracellular region|Extracellular space,Extracellular matrix|Extracellular space/secreted,Swiss-Prot,1
P13839,True,,10116,Extracellular region|Extracellular space,Extracellular space/secreted,Swiss-Prot,1
P01346,True,,10116,Extracellular space,Extracellular space/secreted,Swiss-Prot,1
Q6UXB1,True,,9606,Extracellular space,Extracellular space/secreted,Swiss-Prot,1
Q61711,True,ECM Glycoproteins|Core matrisome,10090,Extracellular space,Extracellular space/secreted,Swiss-Prot,1
Q91WD9,True,,10090,Extracellular region,Extracellular space/secreted,Swiss-Prot,1
P06765,True,,10116,Extracellular space,Extracellular space/secreted,Swiss-Prot,1
P63239,True,,10090,Extracellular space,,Swiss-Prot,1
Q8WW52,True,,9606,Extracellular space,,Swiss-Prot,1
P22934,True,,10116,Extracellular space,,Swiss-Prot,1
P08661,True,,10116,Extracellular space,Extracellular space/secreted,Swiss-Prot,1
Q3UVD5,True,,10090,Extracellular matrix|Extracellular space,,Swiss-Prot,1
P58022,True,ECM Regulators|Matrisome-associated,10090,Basement membrane|Extracellular space,Basement membrane|Extracellular matrix|Extracellular space/secreted,Swiss-Prot,1
P46193,True,ECM-affiliated Proteins|Matrisome-associated,9913,Extracellular space,Extracellular space/secreted,Swiss-Prot,1
P11247,True,,10090,Extracellular space,,Swiss-Prot,1
Q9JJY9,True,Secreted Factors|Matrisome-associated,10090,Extracellular space,Extracellular space/secreted,Swiss-Prot,1
P55068,True,,10116,Extracellular matrix|Extracellular space,Extracellular matrix|Extracellular space/secreted,Swiss-Prot,1
A0A075B6I1,True,,9606,Extracellular space,Extracellular space/secreted,Swiss-Prot,1
Q6TEQ7,True,,9615,Basement membrane|Extracellular space,Basement membrane|Extracellular matrix|Extracellular space/secreted,Swiss-Prot,1
Q80X72,True,,10090,Extracellular matrix|Extracellular space,,Swiss-Prot,1
P18424,True,,10116,Extracellular space,Extracellular space/secreted,Swiss-Prot,1
Q13790,True,,9606,Extracellular space,Extracellular space/secreted,Swiss-Prot,1
P10184,True,,9031,Extracellular region|Extracellular space,Extracellular space/secreted,Swiss-Prot,1
P00998,True,,9823,Extracellular region,Extracellular space/secreted,Swiss-Prot,1
Q00918,True,,10116,Extracellular matrix|Extracellular region,Extracellular matrix|Extracellular space/secreted,Swiss-Prot,1
Q4QQW8,True,,10116,Extracellular region,,Swiss-Prot,1
P01714,True,,9606,Extracellular region|Extracellular space,Extracellular space/secreted,Swiss-Prot,1
O08999,True,ECM Glycoproteins|Core matrisome,10090,Extracellular region,Extracellular matrix|Extracellular space/secreted,Swiss-Prot,1
Q3TCN2,True,,10090,Extracellular region,,Swiss-Prot,1
Q8K4G1,True,ECM Glycoproteins|Core matrisome,10090,Extracellular matrix|Extracellular region,Extracellular matrix|Extracellular space/secreted,Swiss-Prot,1
Q5FYB0,True,,9606,Extracellular region,Extracellular space/secreted,Swiss-Prot,1
Q95L39,True,ECM Regulators|Matrisome-associated,9913,Extracellular space,Extracellular space/secreted,Swiss-Prot,1
P13597,True,,10090,Extracellular space,,Swiss-Prot,1
Q3Y5Z3,True,ECM Glycoproteins|Core matrisome,9913,Extracellular space,Extracellular space/secreted,Swiss-Prot,1
Q5TIE3,True,ECM Glycoproteins|Core matrisome,9606,Extracellular region,Extracellular space/secreted,Swiss-Prot,1
Q80W65,True,,10090,Extracellular region|Extracellular space,Extracellular space/secreted,Swiss-Prot,1
P35456,True,,10090,Extracellular region,Extracellular space/secreted,Swiss-Prot,1
Q9EQV9,True,,10116,Extracellular space,Extracellular space/secreted,Swiss-Prot,1
A0A0B4J2D9,True,,9606,Extracellular space,Extracellular space/secreted,Swiss-Prot,1
A0A087WSY6,True,,9606,Extracellular space,Extracellular space/secreted,Swiss-Prot,1
O35799,True,,10116,Extracellular space,,Swiss-Prot,1
P49616,True,,10116,Extracellular region,Extracellular space/secreted,Swiss-Prot,1
A0A075B6R9,True,,9606,Extracellular space,Extracellular space/secreted,Swiss-Prot,1
A0A075B6S6,True,,9606,Extracellular region|Extracellular space,Extracellular space/secreted,Swiss-Prot,1
Q9ESM3,True,Proteoglycans|Core matrisome,10090,Extracellular matrix|Extracellular space,Extracellular matrix|Extracellular space/secreted,Swiss-Prot,1
P14046,True,,10116,Extracellular space,Extracellular space/secreted,Swiss-Prot,1
Q9ESM2,True,,10116,Extracellular matrix|Extracellular space,Extracellular matrix|Extracellular space/secreted,Swiss-Prot,1
Q80WM4,True,Proteoglycans|Core matrisome,10090,Extracellular space,Extracellular matrix|Extracellular space/secreted,Swiss-Prot,1
Q8R0W6,True,,10090,Extracellular region,Extracellular space/secreted,Swiss-Prot,1
Q9GK30,True,,9940,Extracellular region,Extracellular space/secreted,Swiss-Prot,1
Q495T6,True,,9606,Extracellular space,Extracellular space/secreted,Swiss-Prot,1
Q9QXL8,True,,10090,Extracellular region,,Swiss-Prot,1
Q06880,True,,10116,Extracellular space,Extracellular space/secreted,Swiss-Prot,1
Q61477,True,,10090,Extracellular space,Extracellular space/secreted,Swiss-Prot,1
P08003,True,,10090,Extracellular space,,Swiss-Prot,1
Q5U2Y6,True,,10116,Extracellular matrix,,Swiss-Prot,1
Q62638,True,,10116,Extracellular matrix,,Swiss-Prot,1
Q9EQH2,True,,10090,Extracellular region,,Swiss-Prot,1
Q61543,True,,10090,Extracellular matrix,,Swiss-Prot,1
P04163,True,,9823,Extracellular space,,Swiss-Prot,1
Q9EPL0,True,,10090,Extracellular space,Extracellular space/secreted,Swiss-Prot,1
Q9Z0L3,True,,10090,Extracellular matrix|Extracellular region,Extracellular space/secreted,Swiss-Prot,1
P50116,True,,10116,Extracellular space,Extracellular space/secreted,Swiss-Prot,1
P49183,True,,10090,Extracellular region,Extracellular space/secreted,Swiss-Prot,1
Q5XII0,True,,10116,Extracellular region,Extracellular space/secreted,Swiss-Prot,1
Q6ZMU1,True,,9606,Extracellular space,,Swiss-Prot,1
Q8BX65,True,,10090,Extracellular region,Extracellular space/secreted,Swiss-Prot,1
Q8NDY4,True,,9606,Extracellular space,,Swiss-Prot,1
P61366,True,,9606,Extracellular space,Extracellular space/secreted,Swiss-Prot,1
Q9EPI1,True,,10116,Extracellular space,,Swiss-Prot,1
P31721,True,,10116,Extracellular region,Extracellular space/secreted,Swiss-Prot,1
P00669,True,,9913,Extracellular region,Extracellular space/secreted,Swiss-Prot,1
P10923,True,ECM Glycoproteins|Core matrisome,10090,Extracellular region|Extracellular space,Extracellular space/secreted,Swiss-Prot,1
Q810Y4,True,,10116,Basement membrane|Extracellular space,,Swiss-Prot,1
P59861,True,,9606,Extracellular space,Extracellular space/secreted,Swiss-Prot,1
P31720,True,,10116,Extracellular region,Extracellular space/secreted,Swiss-Prot,1
Q9R1J8,True,,10116,Basement membrane|Extracellular region,Extracellular matrix|Extracellular space/secreted,Swiss-Prot,1
Q86K01,True,,44689,Extracellular matrix,,Swiss-Prot,1
P04916,True,,10116,Extracellular space,Extracellular space/secreted,Swiss-Prot,1
P01041,True,,10116,Extracellular space,,Swiss-Prot,1
Q8R422,True,ECM Regulators|Matrisome-associated,10090,Extracellular space,,Swiss-Prot,1
P04918,True,,10090,Extracellular space,Extracellular space/secreted,Swiss-Prot,1
P26051,True,,10116,Extracellular region,Extracellular space/secreted,Swiss-Prot,1
P97675,True,,10116,Extracellular region,Extracellular space/secreted,Swiss-Prot,1
Q07968,True,ECM Regulators|Matrisome-associated,10090,Extracellular region,Extracellular space/secreted,Swiss-Prot,1
F1RWC3,True,,9823,Extracellular space,,Swiss-Prot,1
O35728,True,,10090,Extracellular space,,Swiss-Prot,1
Q5QNQ9,True,Collagens|Core matrisome,10090,Extracellular space,Extracellular matrix|Extracellular space/secreted,Swiss-Prot,1
P13731,True,ECM Regulators|Matrisome-associated,9031,Extracellular space,,Swiss-Prot,1
Q8IZC6,True,Collagens|Core matrisome,9606,Extracellular region|Extracellular space,Extracellular matrix|Extracellular space/secreted,Swiss-Prot,1
P33435,True,ECM Regulators|Matrisome-associated,10090,Extracellular matrix|Extracellular region|Extracellular space,Extracellular matrix|Extracellular space/secreted,Swiss-Prot,1
Q8R180,True,,10090,Extracellular space,Extracellular space/secreted,Swiss-Prot,1
Q3SXB8,True,ECM-affiliated Proteins|Matrisome-associated,10090,Extracellular space,Extracellular space/secreted,Swiss-Prot,1
P02463,True,Collagens|Core matrisome,10090,Basement membrane|Extracellular region|Extracellular space,Basement membrane|Extracellular matrix|Extracellular space/secreted,Swiss-Prot,1
Q9WUU7,True,ECM Regulators|Matrisome-associated,10090,Extracellular space,,Swiss-Prot,1
Q02505,True,ECM-affiliated Proteins|Matrisome-associated,9606,Extracellular region,Extracellular space/secreted,Swiss-Prot,1
P51942,True,ECM Glycoproteins|Core matrisome,10090,Extracellular matrix|Extracellular region,Extracellular matrix|Extracellular space/secreted,Swiss-Prot,1
Q9EPH1,True,,10116,Extracellular region,Extracellular space/secreted,Swiss-Prot,1
Q9QZL9,True,,10090,Extracellular space,Extracellular space/secreted,Swiss-Prot,1
P00639,True,,9913,Extracellular region,Extracellular space/secreted,Swiss-Prot,1
P27682,True,,10116,Extracellular region,Extracellular space/secreted,Swiss-Prot,1
P24268,True,,10116,Extracellular space,Extracellular space/secreted,Swiss-Prot,1
P16573,True,,10116,Extracellular space,,Swiss-Prot,1
Q9R1J4,True,,10116,Extracellular space,Extracellular matrix|Extracellular space/secreted,Swiss-Prot,1
Q9DB72,True,,10090,Extracellular region,Extracellular space/secreted,Swiss-Prot,1
Q8CG71,True,,10090,Basement membrane,,Swiss-Prot,1
P08037,True,,9913,Extracellular space,Extracellular space/secreted,Swiss-Prot,1
Q07105,True,Secreted Factors|Matrisome-associated,10090,Extracellular space,Extracellular space/secreted,Swiss-Prot,1
Q62009,True,ECM Glycoproteins|Core matrisome,10090,Extracellular matrix|Extracellular space,Extracellular matrix|Extracellular space/secreted,Swiss-Prot,1
Q63199,True,,10116,Extracellular region|Extracellular space,,Swiss-Prot,1
Q9QUN9,True,,10090,Extracellular region|Extracellular space,Extracellular space/secreted,Swiss-Prot,1
Q9DBH0,True,,10090,Extracellular region,,Swiss-Prot,1
Q09163,True,,10090,Extracellular space,,Swiss-Prot,1
P70701,True,Secreted Factors|Matrisome-associated,10090,Extracellular space,Extracellular matrix|Extracellular space/secreted,Swiss-Prot,1
Q9EPB1,True,,10116,Extracellular region,Extracellular space/secreted,Swiss-Prot,1
Q8IUB3,True,,9606,Extracellular space,Extracellular space/secreted,Swiss-Prot,1
Q68FP2,True,,10116,Extracellular space,Extracellular space/secreted,Swiss-Prot,1
Q6AXM8,True,,10116,Extracellular region,,Swiss-Prot,1
P09242,True,,10090,Extracellular matrix|Extracellular space,,Swiss-Prot,1
Q8R4E1,True,,10116,Extracellular region,Extracellular space/secreted,Swiss-Prot,1
P11962,True,,10116,Extracellular space,Extracellular space/secreted,Swiss-Prot,1
P49744,True,,10116,Basement membrane|Extracellular space,Extracellular matrix|Extracellular space/secreted,Swiss-Prot,1
Q9Z1T2,True,ECM Glycoproteins|Core matrisome,10090,Basement membrane|Extracellular space,Extracellular matrix|Extracellular space/secreted,Swiss-Prot,1
Q7TQ62,True,Proteoglycans|Core matrisome,10090,Extracellular space,Extracellular matrix|Extracellular space/secreted,Swiss-Prot,1
Q62969,True,,10116,Extracellular space,,Swiss-Prot,1
Q91ZV7,True,ECM-affiliated Proteins|Matrisome-associated,10090,Extracellular region,Extracellular space/secreted,Swiss-Prot,1
B0BND0,True,,10116,Extracellular region,,Swiss-Prot,1
Q03238,True,,10116,Extracellular region,Extracellular space/secreted,Swiss-Prot,1
Q63041,True,,10116,Extracellular space,Extracellular space/secreted,Swiss-Prot,1
Q61554,True,ECM Glycoproteins|Core matrisome,10090,Basement membrane|Extracellular matrix|Extracellular region|Extracellular space,Extracellular matrix|Extracellular space/secreted,Swiss-Prot,1
P28047,True,Secreted Factors|Matrisome-associated,10090,Extracellular space,Extracellular matrix|Extracellular space/secreted,Swiss-Prot,1
P15083,True,,10116,Extracellular space,Extracellular space/secreted,Swiss-Prot,1
P01587,True,Secreted Factors|Matrisome-associated,10090,Extracellular region|Extracellular space,Extracellular space/secreted,Swiss-Prot,1
Q8VEB4,True,,10090,Extracellular space,Extracellular space/secreted,Swiss-Prot,1
D3ZTE0,True,,10116,Extracellular space,Extracellular space/secreted,Swiss-Prot,1
P29533,True,,10090,Extracellular space,Extracellular space/secreted,Swiss-Prot,1
Q8CID3,True,ECM Regulators|Matrisome-associated,10090,Extracellular space,Extracellular space/secreted,Swiss-Prot,1
P01026,True,,10116,Extracellular region|Extracellular space,Extracellular space/secreted,Swiss-Prot,1
Q05909,True,,10090,Extracellular space,,Swiss-Prot,1
Q9WV54,True,,10090,Extracellular space,Extracellular space/secreted,Swiss-Prot,1
P97298,True,ECM Regulators|Matrisome-associated,10090,Basement membrane|Extracellular region|Extracellular space,Extracellular space/secreted,Swiss-Prot,1
P11672,True,,10090,Extracellular region|Extracellular space,Extracellular space/secreted,Swiss-Prot,1
P52430,True,,10090,Extracellular space,Extracellular space/secreted,Swiss-Prot,1
Q9QUH3,True,,10116,Extracellular region|Extracellular space,Extracellular space/secreted,Swiss-Prot,1
Q28178,True,ECM Glycoproteins|Core matrisome,9913,Extracellular matrix|Extracellular region,Extracellular matrix|Extracellular space/secreted,Swiss-Prot,1
P06728,True,,10090,Extracellular region|Extracellular space,Extracellular space/secreted,Swiss-Prot,1
Q5ZJF4,True,,9031,Extracellular space,,Swiss-Prot,1
Q9WVJ9,True,ECM Glycoproteins|Core matrisome,10090,Basement membrane|Extracellular matrix|Extracellular space,Basement membrane|Extracellular matrix|Extracellular space/secreted,Swiss-Prot,1
Q9EPX2,True,ECM Glycoproteins|Core matrisome,10090,Basement membrane|Extracellular region,Extracellular space/secreted,Swiss-Prot,1
O88271,True,,10090,Basement membrane,,Swiss-Prot,1
Q9R0E1,True,ECM Regulators|Matrisome-associated,10090,Extracellular space,Extracellular space/secreted,Swiss-Prot,1
Q53RD9,True,ECM Glycoproteins|Core matrisome,9606,Extracellular matrix|Extracellular space,Extracellular matrix|Extracellular space/secreted,Swiss-Prot,1
Q62718,True,,10116,Extracellular space,,Swiss-Prot,1
Q5ZKC9,True,,9031,Extracellular space,,Swiss-Prot,1
Q8N300,True,,9606,Extracellular region,Extracellular space/secreted,Swiss-Prot,1
O88998,True,,10090,Extracellular space,Extracellular space/secreted,Swiss-Prot,1
P55314,True,,10116,Extracellular region|Extracellular space,Extracellular space/secreted,Swiss-Prot,1
P22062,True,,10116,Extracellular space,,Swiss-Prot,1
P17475,True,,10116,Extracellular space,Extracellular space/secreted,Swiss-Prot,1
Q9D154,True,ECM Regulators|Matrisome-associated,10090,Extracellular region|Extracellular space,Extracellular space/secreted,Swiss-Prot,1
P09656,True,,10116,Extracellular region,Extracellular space/secreted,Swiss-Prot,1
P32194,True,,9823,Extracellular space,Extracellular space/secreted,Swiss-Prot,1
Q99P27,True,,10090,Extracellular region,Extracellular space/secreted,Swiss-Prot,1
P14429,True,,10090,Extracellular space,,Swiss-Prot,1
P06339,True,,10090,Extracellular space,,Swiss-Prot,1
P16391,True,,10116,Extracellular space,,Swiss-Prot,1
O88269,True,,10116,Extracellular region,,Swiss-Prot,1
Q80Z25,True,,10090,Extracellular region,,Swiss-Prot,1
Q496H8,True,,9606,Extracellular region|Extracellular space,,Swiss-Prot,1
P0DOY3,True,,9606,Extracellular region|Extracellular space,Extracellular space/secreted,Swiss-Prot,1
Q6JVE5,True,,9606,Extracellular region|Extracellular space,Extracellular space/secreted,Swiss-Prot,1
Q8C119,True,ECM Glycoproteins|Core matrisome,10090,Extracellular matrix|Extracellular region|Extracellular space,Extracellular space/secreted,Swiss-Prot,1
Q9D8I1,True,,10090,Extracellular region,Extracellular space/secreted,Swiss-Prot,1
O09131,True,,10090,Basement membrane,,Swiss-Prot,1
P0DOX8,True,,9606,Extracellular region,Extracellular space/secreted,Swiss-Prot,1
Q9QYP0,True,,10116,Basement membrane,,Swiss-Prot,1
Q5ZME2,True,,9031,Extracellular space,,Swiss-Prot,1
P28843,True,,10090,Extracellular region,Extracellular space/secreted,Swiss-Prot,1
Q9D8T2,True,,10090,Extracellular space,Extracellular space/secreted,Swiss-Prot,1
P51655,True,ECM-affiliated Proteins|Matrisome-associated,10090,Extracellular space,Extracellular space/secreted,Swiss-Prot,1
A6NJ69,True,,9606,Extracellular region,Extracellular space/secreted,Swiss-Prot,1
P17897,True,,10090,Extracellular space,Extracellular space/secreted,Swiss-Prot,1
P04211,True,,9606,Extracellular region|Extracellular space,Extracellular space/secreted,Swiss-Prot,1
Q8BMT4,True,,10090,Extracellular region,,Swiss-Prot,1
P01902,True,,10090,Extracellular space,,Swiss-Prot,1
Q00780,True,Collagens|Core matrisome,10090,Basement membrane|Extracellular space,Basement membrane|Extracellular matrix|Extracellular space/secreted,Swiss-Prot,1
Q5QNS5,True,,10090,Extracellular space,,Swiss-Prot,1
Q63870,True,Collagens|Core matrisome,10090,Basement membrane|Extracellular region|Extracellular space,Basement membrane|Extracellular matrix|Extracellular space/secreted,Swiss-Prot,1
P02668,True,,9913,Extracellular space,Extracellular space/secreted,Swiss-Prot,1
P0DOX4,True,,9606,Extracellular region,Extracellular space/secreted,Swiss-Prot,1
P41160,True,Secreted Factors|Matrisome-associated,10090,Extracellular region|Extracellular space,Extracellular space/secreted,Swiss-Prot,1
Q9ES72,True,,10116,Extracellular region,Extracellular space/secreted,Swiss-Prot,1
P43432,True,Secreted Factors|Matrisome-associated,10090,Extracellular region|Extracellular space,Extracellular space/secreted,Swiss-Prot,1
P01630,True,,10090,Extracellular space,,Swiss-Prot,1
Q61115,True,,10090,Extracellular region,,Swiss-Prot,1
Q8VHH8,True,Secreted Factors|Matrisome-associated,10090,Extracellular space,Extracellular space/secreted,Swiss-Prot,1
P35496,True,,9823,Extracellular region,Extracellular space/secreted,Swiss-Prot,1
P35495,True,,9823,Extracellular region,Extracellular space/secreted,Swiss-Prot,1
A0A087WW87,True,,9606,Extracellular space,Extracellular space/secreted,Swiss-Prot,1
P01763,True,,9606,Extracellular region,Extracellular space/secreted,Swiss-Prot,1
A6NCI4,True,ECM Glycoproteins|Core matrisome,9606,Extracellular region,Extracellular space/secreted,Swiss-Prot,1
O35228,True,Secreted Factors|Matrisome-associated,10090,Extracellular space,Extracellular space/secreted,Swiss-Prot,1
A0A075B6P5,True,,9606,Extracellular region|Extracellular space,Extracellular space/secreted,Swiss-Prot,1
Q9Y334,True,ECM Glycoproteins|Core matrisome,9606,Extracellular region,Extracellular space/secreted,Swiss-Prot,1
Q8BI06,True,,10090,Extracellular region,Extracellular space/secreted,Swiss-Prot,1
P05122,True,,9031,Extracellular space,,Swiss-Prot,1
P01766,True,,9606,Extracellular region|Extracellular space,Extracellular space/secreted,Swiss-Prot,1
Q91XA9,True,,10090,Extracellular region|Extracellular space,Extracellular space/secreted,Swiss-Prot,1
Q5EBG6,True,,10090,Extracellular region,Extracellular space/secreted,Swiss-Prot,1
Q6ZWJ8,True,ECM Glycoproteins|Core matrisome,9606,Extracellular region,Extracellular space/secreted,Swiss-Prot,1
Q61704,True,ECM Regulators|Matrisome-associated,10090,Extracellular region,Extracellular space/secreted,Swiss-Prot,1
Q9Z1L4,True,,10090,Extracellular region|Extracellular space,Extracellular space/secreted,Swiss-Prot,1
Q61703,True,ECM Regulators|Matrisome-associated,10090,Extracellular region,Extracellular space/secreted,Swiss-Prot,1
Q8CE08,True,,10090,Extracellular space,Extracellular space/secreted,Swiss-Prot,1
P20059,True,,10116,Extracellular space,Extracellular space/secreted,Swiss-Prot,1
P15304,True,,10116,Extracellular space,,Swiss-Prot,1
P01637,True,,10090,Extracellular space,,Swiss-Prot,1
P28490,True,,9615,Extracellular region,Extracellular matrix|Extracellular space/secreted,Swiss-Prot,1
Q2VPA4,True,,9606,Extracellular space,Extracellular space/secreted,Swiss-Prot,1
Q9WU60,True,,10090,Extracellular space,,Swiss-Prot,1
O35639,False,ECM-affiliated Proteins|Matrisome-associated,10090,,,Swiss-Prot,1
Q7TN16,True,Secreted Factors|Matrisome-associated,10090,Extracellular region,Extracellular space/secreted,Swiss-Prot,1
Q8TAT2,True,Secreted Factors|Matrisome-associated,9606,Extracellular region,Extracellular space/secreted,Swiss-Prot,1
Q802A9,True,Secreted Factors|Matrisome-associated,9031,Extracellular region,Extracellular space/secreted,Swiss-Prot,1
O57521,True,,7955,Extracellular region,,Swiss-Prot,1
O88992,False,ECM-affiliated Proteins|Matrisome-associated,10090,,Extracellular space/secreted,Swiss-Prot,1
P08101,True,,10090,Extracellular region,Extracellular space/secreted,Swiss-Prot,1
Q61847,True,ECM Regulators|Matrisome-associated,10090,Extracellular region,Extracellular space/secreted,Swiss-Prot,1
O89098,True,ECM Regulators|Matrisome-associated,10090,Extracellular space,Extracellular space/secreted,Swiss-Prot,1
P17945,True,,10116,Extracellular space,,Swiss-Prot,1
P43431,True,Secreted Factors|Matrisome-associated,10090,Extracellular region|Extracellular space,Extracellular space/secreted,Swiss-Prot,1
P50280,True,,10116,Extracellular matrix|Extracellular space,Extracellular matrix|Extracellular space/secreted,Swiss-Prot,1
Q07563,True,Collagens|Core matrisome,10090,Basement membrane|Extracellular space,Basement membrane|Extracellular matrix|Extracellular space/secreted,Swiss-Prot,1
O93510,True,,9031,Extracellular space,Extracellular space/secreted,Swiss-Prot,1
P43527,True,,10116,Extracellular region,,Swiss-Prot,1
P10853,True,,10090,Extracellular space,,Swiss-Prot,1
P04351,True,Secreted Factors|Matrisome-associated,10090,Extracellular space,Extracellular space/secreted,Swiss-Prot,1
P28665,True,,10090,Extracellular space,Extracellular space/secreted,Swiss-Prot,1
O42163,True,ECM Glycoproteins|Core matrisome,9031,Extracellular region,Extracellular space/secreted,Swiss-Prot,1
Q03626,True,,10116,Extracellular space,Extracellular space/secreted,Swiss-Prot,1
O35793,True,,10116,Extracellular space,Extracellular space/secreted,Swiss-Prot,1
Q62930,True,,10116,Extracellular space,Extracellular space/secreted,Swiss-Prot,1
Q62894,True,,10116,Extracellular space,Extracellular matrix|Extracellular space/secreted,Swiss-Prot,1
P46412,True,,10090,Extracellular space,Extracellular space/secreted,Swiss-Prot,1
P97821,True,ECM Regulators|Matrisome-associated,10090,Extracellular space,,Swiss-Prot,1
O57535,True,,9031,Extracellular space,,Swiss-Prot,1
Q6P7R8,True,,10116,Extracellular matrix,,Swiss-Prot,1
P12850,True,Secreted Factors|Matrisome-associated,10090,Extracellular space,Extracellular space/secreted,Swiss-Prot,1
A6NJW4,True,,9606,Extracellular matrix|Extracellular space,,Swiss-Prot,1
Q01339,True,,10090,Extracellular space,Extracellular space/secreted,Swiss-Prot,1
O55026,True,,10090,Basement membrane,,Swiss-Prot,1
P01636,True,,10090,Extracellular space,,Swiss-Prot,1
P00743,True,ECM Regulators|Matrisome-associated,9913,Extracellular space,Extracellular space/secreted,Swiss-Prot,1
P01652,True,,10090,Extracellular space,,Swiss-Prot,1
P01635,True,,10090,Extracellular space,,Swiss-Prot,1
Q05816,True,,10090,Extracellular space,Extracellular space/secreted,Swiss-Prot,1
A6NCN2,True,,9606,Extracellular space,,Swiss-Prot,1
P43029,True,Secreted Factors|Matrisome-associated,10090,Extracellular region|Extracellular space,Extracellular space/secreted,Swiss-Prot,1
Q60805,True,,10090,Extracellular space,,Swiss-Prot,1
Q8SPS7,True,,9823,Extracellular space,Extracellular space/secreted,Swiss-Prot,1
Q8TAD2,True,Secreted Factors|Matrisome-associated,9606,Extracellular space,Extracellular space/secreted,Swiss-Prot,1
P47873,True,Secreted Factors|Matrisome-associated,10090,Extracellular space,Extracellular space/secreted,Swiss-Prot,1
P03969,True,Secreted Factors|Matrisome-associated,9913,Extracellular space,Extracellular space/secreted,Swiss-Prot,1
P05017,True,Secreted Factors|Matrisome-associated,10090,Extracellular space,Extracellular space/secreted,Swiss-Prot,1
P15684,True,,10116,Extracellular space,,Swiss-Prot,1
O35608,True,Secreted Factors|Matrisome-associated,10090,Extracellular space,Extracellular space/secreted,Swiss-Prot,1
P70389,False,ECM Glycoproteins|Core matrisome,10090,,Extracellular space/secreted,Swiss-Prot,1
Q6IMX7,True,,10116,Extracellular space,,Swiss-Prot,1
Q99P31,True,,10090,Extracellular space,,Swiss-Prot,1
P30836,True,,10116,Extracellular space,,Swiss-Prot,1
P35559,True,,10116,Extracellular space,Extracellular space/secreted,Swiss-Prot,1
O88803,True,,10090,Extracellular region,Extracellular space/secreted,Swiss-Prot,1
Q9JHR7,True,,10090,Extracellular space,Extracellular space/secreted,Swiss-Prot,1
P02112,True,,9031,Extracellular space,,Swiss-Prot,1
Q9WVH6,True,Secreted Factors|Matrisome-associated,10090,Extracellular space,Extracellular space/secreted,Swiss-Prot,1
O70513,True,,10116,Extracellular space,Extracellular matrix|Extracellular space/secreted,Swiss-Prot,1
Q62799,True,,10116,Extracellular space,,Swiss-Prot,1
Q8BHA1,True,,10090,Extracellular matrix|Extracellular space,,Swiss-Prot,1
P06869,True,ECM Regulators|Matrisome-associated,10090,Extracellular space,Extracellular space/secreted,Swiss-Prot,1
P53767,True,,10116,Extracellular space,,Swiss-Prot,1
P02465,True,Collagens|Core matrisome,9913,Extracellular space,Extracellular matrix|Extracellular space/secreted,Swiss-Prot,1
P12246,True,,10090,Extracellular space,Extracellular space/secreted,Swiss-Prot,1
Q62656,True,,10116,Extracellular matrix|Extracellular space,Extracellular space/secreted,Swiss-Prot,1
Q86SQ3,True,,9606,Extracellular region,Extracellular space/secreted,Swiss-Prot,1
Q925I7,True,Secreted Factors|Matrisome-associated,10090,Extracellular space,Extracellular space/secreted,Swiss-Prot,1
Q10739,True,,10116,Extracellular matrix|Extracellular space,,Swiss-Prot,1
O88312,True,,10090,Extracellular region|Extracellular space,Extracellular space/secreted,Swiss-Prot,1
P53690,True,ECM Regulators|Matrisome-associated,10090,Extracellular matrix|Extracellular space,,Swiss-Prot,1
Q91WP6,True,ECM Regulators|Matrisome-associated,10090,Extracellular region|Extracellular space,Extracellular space/secreted,Swiss-Prot,1
Q8BVR6,True,,10090,Extracellular region,Extracellular space/secreted,Swiss-Prot,1
G3MYZ3,True,,9913,Extracellular space,Extracellular space/secreted,Swiss-Prot,1
P31240,True,Secreted Factors|Matrisome-associated,10090,Extracellular space,Extracellular space/secreted,Swiss-Prot,1
O35206,True,Collagens|Core matrisome,10090,Basement membrane|Extracellular space,Extracellular matrix|Extracellular space/secreted,Swiss-Prot,1
O97470,True,,44689,Extracellular matrix,,Swiss-Prot,1
Q96KW9,True,,9606,Extracellular region,Extracellular space/secreted,Swiss-Prot,1
P23680,True,,10116,Extracellular space,Extracellular space/secreted,Swiss-Prot,1
O88188,True,,10090,Extracellular region,Extracellular space/secreted,Swiss-Prot,1
Q9QZJ6,True,ECM Glycoproteins|Core matrisome,10090,Extracellular matrix|Extracellular region,Extracellular matrix|Extracellular space/secreted,Swiss-Prot,1
P20848,True,ECM Regulators|Matrisome-associated,9606,Extracellular space,,Swiss-Prot,1
Q9DCQ7,True,ECM Regulators|Matrisome-associated,10090,Extracellular space,Extracellular space/secreted,Swiss-Prot,1
Q00898,True,ECM Regulators|Matrisome-associated,10090,Extracellular space,Extracellular space/secreted,Swiss-Prot,1
Q60854,True,,10090,Extracellular space,,Swiss-Prot,1
P22599,True,ECM Regulators|Matrisome-associated,10090,Extracellular region|Extracellular space,Extracellular space/secreted,Swiss-Prot,1
Q5BIV9,True,,9606,Extracellular region,,Swiss-Prot,1
Q8IZN7,True,,9606,Extracellular region,Extracellular space/secreted,Swiss-Prot,1
Q9D1H9,True,ECM Glycoproteins|Core matrisome,10090,Extracellular region|Extracellular space,Extracellular matrix|Extracellular space/secreted,Swiss-Prot,1
Q30KQ4,True,,9606,Extracellular region,Extracellular space/secreted,Swiss-Prot,1
Q96PH6,True,,9606,Extracellular region,Extracellular space/secreted,Swiss-Prot,1
Q8N690,True,,9606,Extracellular region,Extracellular space/secreted,Swiss-Prot,1
Q9UBM4,True,Proteoglycans|Core matrisome,9606,Extracellular matrix|Extracellular region,Extracellular matrix|Extracellular space/secreted,Swiss-Prot,1
P63090,True,,10116,Basement membrane|Extracellular region|Extracellular space,Extracellular space/secreted,Swiss-Prot,1
P63089,True,Secreted Factors|Matrisome-associated,10090,Basement membrane|Extracellular matrix|Extracellular region|Extracellular space,Extracellular space/secreted,Swiss-Prot,1
P07632,True,,10116,Extracellular region|Extracellular space,,Swiss-Prot,1
P10731,True,,9913,Extracellular region,,Swiss-Prot,1
P55097,True,ECM Regulators|Matrisome-associated,10090,Extracellular space,Extracellular space/secreted,Swiss-Prot,1
Q8C7V8,True,,10090,Extracellular region,Extracellular space/secreted,Swiss-Prot,1
Q5M862,True,,10116,Extracellular region,Extracellular space/secreted,Swiss-Prot,1
P97352,True,Secreted Factors|Matrisome-associated,10090,Extracellular space,Extracellular space/secreted,Swiss-Prot,1
Q8R2G6,True,,10090,Basement membrane|Extracellular matrix|Extracellular region,Extracellular matrix|Extracellular space/secreted,Swiss-Prot,1
Q5XI89,True,,10116,Extracellular region,Extracellular space/secreted,Swiss-Prot,1
P40224,True,Secreted Factors|Matrisome-associated,10090,Extracellular space,Extracellular space/secreted,Swiss-Prot,1
P70275,True,ECM-affiliated Proteins|Matrisome-associated,10090,Extracellular region|Extracellular space,Extracellular space/secreted,Swiss-Prot,1
O88632,True,ECM-affiliated Proteins|Matrisome-associated,10090,Extracellular space,Extracellular space/secreted,Swiss-Prot,1
P50114,True,Secreted Factors|Matrisome-associated,10090,Extracellular region|Extracellular space,Extracellular space/secreted,Swiss-Prot,1
Q6B345,True,,10116,Extracellular space,,Swiss-Prot,1
P29457,True,,10116,Extracellular space,,Swiss-Prot,1
Q62192,True,,10090,Extracellular matrix|Extracellular space,,Swiss-Prot,1
Q23921,True,,44689,Extracellular matrix,,Swiss-Prot,1
P27274,True,,10116,Extracellular space,,Swiss-Prot,1
Q9QWK4,True,,10090,Extracellular region,Extracellular space/secreted,Swiss-Prot,1
Q6NUI6,True,Proteoglycans|Core matrisome,9606,Extracellular matrix|Extracellular space,Extracellular matrix|Extracellular space/secreted,Swiss-Prot,1
Q96PL1,True,,9606,Extracellular region|Extracellular space,Extracellular space/secreted,Swiss-Prot,1
Q8WTR8,True,ECM Glycoproteins|Core matrisome,9606,Extracellular region,Extracellular space/secreted,Swiss-Prot,1
Q27972,True,Proteoglycans|Core matrisome,9913,Extracellular region,Extracellular matrix|Extracellular space/secreted,Swiss-Prot,1
Q90923,True,ECM Glycoproteins|Core matrisome,9031,Basement membrane|Extracellular region,Extracellular matrix|Extracellular space/secreted,Swiss-Prot,1
Q08648,True,,9606,Extracellular region,Extracellular space/secreted,Swiss-Prot,1
Q9D6X6,True,,10090,Extracellular space,Extracellular space/secreted,Swiss-Prot,1
O88280,True,,10116,Extracellular space,Extracellular space/secreted,Swiss-Prot,1
Q9ULC0,True,ECM-affiliated Proteins|Matrisome-associated,9606,Extracellular region,Extracellular space/secreted,Swiss-Prot,1
Q61468,True,,10090,Extracellular space,Extracellular space/secreted,Swiss-Prot,1
P0DMR2,True,,9606,Extracellular region,Extracellular space/secreted,Swiss-Prot,1
Q9JHF9,True,,10090,Extracellular region,Extracellular space/secreted,Swiss-Prot,1
Q17RY6,True,,9606,Extracellular region,Extracellular space/secreted,Swiss-Prot,1
P52193,True,,9913,Extracellular region,Extracellular matrix|Extracellular space/secreted,Swiss-Prot,1
Q80TR4,True,ECM Glycoproteins|Core matrisome,10090,Extracellular space,Extracellular space/secreted,Swiss-Prot,1
P01660,True,,10090,Extracellular space,,Swiss-Prot,1
Q5MJS3,True,ECM Regulators|Matrisome-associated,10090,Extracellular space,Extracellular space/secreted,Swiss-Prot,1
Q7Z5A7,True,,9606,Extracellular space,Extracellular space/secreted,Swiss-Prot,1
P33434,True,ECM Regulators|Matrisome-associated,10090,Extracellular matrix|Extracellular space,Extracellular matrix|Extracellular space/secreted,Swiss-Prot,1
Q9Z1P8,True,Secreted Factors|Matrisome-associated,10090,Extracellular region|Extracellular space,Extracellular matrix|Extracellular space/secreted,Swiss-Prot,1
O08538,True,Secreted Factors|Matrisome-associated,10090,Extracellular space,Extracellular space/secreted,Swiss-Prot,1
P16975,True,,10116,Basement membrane|Extracellular matrix|Extracellular space,Basement membrane|Extracellular matrix|Extracellular space/secreted,Swiss-Prot,1
P01654,True,,10090,Extracellular space,,Swiss-Prot,1
P46800,True,,44689,Extracellular matrix,,Swiss-Prot,1
P55090,True,,10116,Extracellular region,Extracellular space/secreted,Swiss-Prot,1
P97523,True,,10116,Extracellular space,,Swiss-Prot,1
Q9WVB4,True,ECM Glycoproteins|Core matrisome,10090,Extracellular space,Extracellular space/secreted,Swiss-Prot,1
Q9WVC1,True,,10116,Extracellular space,Extracellular space/secreted,Swiss-Prot,1
P31044,True,,10116,Extracellular space,,Swiss-Prot,1
Q91029,True,Secreted Factors|Matrisome-associated,9031,Extracellular space,Extracellular matrix|Extracellular space/secreted,Swiss-Prot,1
Q9QXU9,True,,10116,Extracellular space,Extracellular space/secreted,Swiss-Prot,1
Q9QXV0,True,,10090,Extracellular space,Extracellular space/secreted,Swiss-Prot,1
Q8K3K1,True,,10116,Basement membrane|Extracellular region,Extracellular space/secreted,Swiss-Prot,1
Q6UXB3,True,,9606,Extracellular region,,Swiss-Prot,1
P06760,True,,10116,Extracellular space,,Swiss-Prot,1
P08505,True,Secreted Factors|Matrisome-associated,10090,Extracellular space,Extracellular space/secreted,Swiss-Prot,1
P00763,True,,10116,Extracellular region|Extracellular space,Extracellular space/secreted,Swiss-Prot,1
Q9MYV3,True,,9615,Extracellular space,Extracellular space/secreted,Swiss-Prot,1
Q64361,True,,10116,Extracellular space,,Swiss-Prot,1
O08859,True,ECM Glycoproteins|Core matrisome,10090,Extracellular region|Extracellular space,Extracellular space/secreted,Swiss-Prot,1
Q6AXS4,True,,10116,Extracellular space,,Swiss-Prot,1
Q9JIP3,True,,10090,Extracellular region,Extracellular space/secreted,Swiss-Prot,1
Q64280,True,Secreted Factors|Matrisome-associated,10090,Extracellular region|Extracellular space,Extracellular space/secreted,Swiss-Prot,1
Q6UX46,True,,9606,Extracellular region|Extracellular space,Extracellular space/secreted,Swiss-Prot,1
Q01129,True,,10116,Extracellular space,Extracellular matrix|Extracellular space/secreted,Swiss-Prot,1
P79119,True,Proteoglycans|Core matrisome,9913,Extracellular matrix|Extracellular region,Extracellular matrix|Extracellular space/secreted,Swiss-Prot,1
O08712,True,,10090,Extracellular matrix|Extracellular region|Extracellular space,Extracellular space/secreted,Swiss-Prot,1
Q52KR2,True,,10090,Extracellular matrix|Extracellular space,,Swiss-Prot,1
Q8R182,True,,10090,Extracellular space,,Swiss-Prot,1
Q66HV9,True,,7955,Extracellular matrix|Extracellular space,,Swiss-Prot,1
Q9DBI0,True,,10090,Extracellular space,,Swiss-Prot,1
P15306,True,,10090,Extracellular space,,Swiss-Prot,1
Q9BQY6,True,,9606,Extracellular region,Extracellular space/secreted,Swiss-Prot,1
P20156,True,,10116,Extracellular space,Extracellular space/secreted,Swiss-Prot,1
P97570,True,,10116,Extracellular space,,Swiss-Prot,1
Q8BM13,True,,10090,Extracellular region|Extracellular space,Extracellular space/secreted,Swiss-Prot,1
Q8K4Z3,True,,10090,Extracellular region|Extracellular space,Extracellular space/secreted,Swiss-Prot,1
P47993,True,Secreted Factors|Matrisome-associated,10090,Extracellular space,Extracellular space/secreted,Swiss-Prot,1
P97840,True,,10116,Extracellular space,Extracellular space/secreted,Swiss-Prot,1
O08710,True,,10090,Extracellular space,Extracellular space/secreted,Swiss-Prot,1
P29752,True,,10090,Extracellular region,Extracellular space/secreted,Swiss-Prot,1
Q8IU68,True,,9606,Extracellular space,,Swiss-Prot,1
P50586,True,,10090,Extracellular region,Extracellular space/secreted,Swiss-Prot,1
Q99KW9,True,,10090,Extracellular region,Extracellular space/secreted,Swiss-Prot,1
Q5UBV8,True,Secreted Factors|Matrisome-associated,10090,Extracellular space,,Swiss-Prot,1
Q8C8T7,True,ECM-affiliated Proteins|Matrisome-associated,10090,Extracellular matrix|Extracellular space,,Swiss-Prot,1
P01665,True,,10090,Extracellular space,,Swiss-Prot,1
Q62975,True,,10116,Extracellular space,Extracellular space/secreted,Swiss-Prot,1
Q685J3,True,ECM-affiliated Proteins|Matrisome-associated,9606,Extracellular region,Extracellular space/secreted,Swiss-Prot,1
P37136,True,,10116,Basement membrane|Extracellular region|Extracellular space,Extracellular space/secreted,Swiss-Prot,1
P12820,True,,9913,Extracellular region,Extracellular space/secreted,Swiss-Prot,1
P01267,True,,9913,Extracellular space,Extracellular space/secreted,Swiss-Prot,1
P06802,True,,10090,Extracellular region|Extracellular space,Extracellular space/secreted,Swiss-Prot,1
Q8C0T9,True,,10090,Extracellular region,,Swiss-Prot,1
O70503,True,,10090,Extracellular matrix,,Swiss-Prot,1
Q68FQ2,True,,10116,Extracellular space,Extracellular space/secreted,Swiss-Prot,1
P97927,True,ECM Glycoproteins|Core matrisome,10090,Basement membrane|Extracellular region,Basement membrane|Extracellular matrix|Extracellular space/secreted,Swiss-Prot,1
Q9JLF6,False,ECM Regulators|Matrisome-associated,10090,,,Swiss-Prot,1
P70580,True,,10116,Extracellular region,Extracellular space/secreted,Swiss-Prot,1
P02703,True,,9823,Extracellular region,Extracellular space/secreted,Swiss-Prot,1
Q3ZCN5,True,,9606,Extracellular matrix|Extracellular space,Extracellular space/secreted,Swiss-Prot,1
P28825,False,ECM Regulators|Matrisome-associated,10090,,,Swiss-Prot,1
Q8N687,True,,9606,Extracellular region,Extracellular space/secreted,Swiss-Prot,1
Q60716,False,ECM Regulators|Matrisome-associated,10090,,,Swiss-Prot,1
P15399,True,,10116,Extracellular space,Extracellular space/secreted,Swiss-Prot,1
Q9JLN4,True,,10116,Extracellular space,Extracellular space/secreted,Swiss-Prot,1
Q923I8,True,,10116,Extracellular region,,Swiss-Prot,1
P21571,True,,10116,Extracellular space,,Swiss-Prot,1
P41413,True,,10116,Extracellular space,Extracellular space/secreted,Swiss-Prot,1
Q9Z2L7,False,Secreted Factors|Matrisome-associated,10090,,,Swiss-Prot,1
Q63189,True,,10116,Extracellular region,Extracellular space/secreted,Swiss-Prot,1
P83714,True,Secreted Factors|Matrisome-associated,10090,Extracellular region|Extracellular space,Extracellular space/secreted,Swiss-Prot,1
P01900,True,,10090,Extracellular space,,Swiss-Prot,1
Q05117,True,,10090,Extracellular space,,Swiss-Prot,1
P29288,True,,10116,Extracellular space,,Swiss-Prot,1
P08250,True,,9031,Extracellular space,Extracellular space/secreted,Swiss-Prot,1
O70423,True,,10090,Extracellular space,,Swiss-Prot,1
P45479,True,,10116,Extracellular region|Extracellular space,Extracellular space/secreted,Swiss-Prot,1
P10820,True,,10090,Extracellular space,Extracellular space/secreted,Swiss-Prot,1
Q9QXP7,True,ECM-affiliated Proteins|Matrisome-associated,10090,Extracellular space,Extracellular space/secreted,Swiss-Prot,1
O08602,True,,10090,Extracellular space,,Swiss-Prot,1
P01029,True,,10090,Extracellular region|Extracellular space,Extracellular space/secreted,Swiss-Prot,1
P48199,True,,10116,Extracellular space,Extracellular space/secreted,Swiss-Prot,1
Q9R1S9,True,,10116,Extracellular region,Extracellular space/secreted,Swiss-Prot,1
A6H6E2,True,ECM Glycoproteins|Core matrisome,10090,Basement membrane|Extracellular matrix|Extracellular space,Extracellular matrix|Extracellular space/secreted,Swiss-Prot,1
P31211,True,,10116,Extracellular space,Extracellular space/secreted,Swiss-Prot,1
P31428,True,,10090,Extracellular space,,Swiss-Prot,1
Q3UHU5,True,,10090,Extracellular space,,Swiss-Prot,1
A6NNL5,True,,9606,Extracellular region,Extracellular space/secreted,Swiss-Prot,1
P47878,True,ECM Glycoproteins|Core matrisome,10090,Extracellular space,Extracellular space/secreted,Swiss-Prot,1
P02453,True,Collagens|Core matrisome,9913,Extracellular space,Extracellular matrix|Extracellular space/secreted,Swiss-Prot,1
Q6UWE3,True,,9606,Extracellular region,Extracellular space/secreted,Swiss-Prot,1
Q05199,True,Secreted Factors|Matrisome-associated,9031,Extracellular space,Extracellular space/secreted,Swiss-Prot,1
O88207,True,Collagens|Core matrisome,10090,Basement membrane|Extracellular matrix|Extracellular space,Extracellular matrix|Extracellular space/secreted,Swiss-Prot,1
Q05910,False,ECM Regulators|Matrisome-associated,10090,,,Swiss-Prot,1
Q5FVH0,True,,10116,Extracellular region|Extracellular space,Extracellular space/secreted,Swiss-Prot,1
Q5E985,True,ECM Regulators|Matrisome-associated,9913,Extracellular space,Extracellular space/secreted,Swiss-Prot,1
Q9JI03,True,,10116,Basement membrane|Extracellular matrix|Extracellular space,Extracellular matrix|Extracellular space/secreted,Swiss-Prot,1
Q61220,True,ECM Glycoproteins|Core matrisome,10090,Extracellular region|Extracellular space,Extracellular space/secreted,Swiss-Prot,1
P02457,True,,9031,Extracellular space,Extracellular matrix|Extracellular space/secreted,Swiss-Prot,1
Q924Z9,True,,10116,Basement membrane|Extracellular region,Extracellular space/secreted,Swiss-Prot,1
Q04592,True,ECM Regulators|Matrisome-associated,10090,Extracellular space,Extracellular space/secreted,Swiss-Prot,1
Q61245,True,Collagens|Core matrisome,10090,Extracellular matrix|Extracellular space,Extracellular matrix|Extracellular space/secreted,Swiss-Prot,1
O08603,True,,10090,Extracellular space,,Swiss-Prot,1
Q6UXS0,True,ECM-affiliated Proteins|Matrisome-associated,9606,Extracellular region,Extracellular space/secreted,Swiss-Prot,1
P48030,True,Secreted Factors|Matrisome-associated,10090,Extracellular space,Extracellular space/secreted,Swiss-Prot,1
P48759,True,,10090,Extracellular matrix|Extracellular space,Extracellular space/secreted,Swiss-Prot,1
Q96A99,True,,9606,Extracellular region,Extracellular space/secreted,Swiss-Prot,1
P49766,True,Secreted Factors|Matrisome-associated,10090,Extracellular region|Extracellular space,Extracellular space/secreted,Swiss-Prot,1
P09813,True,,10090,Extracellular region|Extracellular space,Extracellular space/secreted,Swiss-Prot,1
Q9D1G0,True,,10090,Extracellular region,Extracellular space/secreted,Swiss-Prot,1
P19121,True,,9031,Extracellular space,Extracellular space/secreted,Swiss-Prot,1
Q499U4,True,,10116,Extracellular region,,Swiss-Prot,1
P81287,False,ECM-affiliated Proteins|Matrisome-associated,9913,,,Swiss-Prot,1
P54923,True,,10090,Extracellular space,,Swiss-Prot,1
Q8VHE6,True,,10090,Extracellular region,,Swiss-Prot,1
O77588,False,ECM Regulators|Matrisome-associated,9913,,,Swiss-Prot,1
P00735,True,ECM Regulators|Matrisome-associated,9913,Extracellular space,Extracellular space/secreted,Swiss-Prot,1
P10639,True,,10090,Extracellular region,Extracellular space/secreted,Swiss-Prot,1
M0R8U1,True,,10116,Extracellular region,,Swiss-Prot,1
P18341,True,Secreted Factors|Matrisome-associated,9913,Extracellular matrix|Extracellular space,Extracellular matrix|Extracellular space/secreted,Swiss-Prot,1
Q9NS62,True,,9606,Extracellular region,Extracellular space/secreted,Swiss-Prot,1
P54097,True,ECM Glycoproteins|Core matrisome,9031,Extracellular space,Extracellular matrix|Extracellular space/secreted,Swiss-Prot,1
Q8C9J3,True,,10090,Extracellular region,,Swiss-Prot,1
Q3LHH8,True,,10090,Extracellular space,Extracellular space/secreted,Swiss-Prot,1
P41155,True,Secreted Factors|Matrisome-associated,10090,Extracellular space,,Swiss-Prot,1
Q9UJ98,True,,9606,Extracellular space,,Swiss-Prot,1
P02701,True,,9031,Extracellular region,Extracellular space/secreted,Swiss-Prot,1
P26200,True,,44689,Extracellular matrix,,Swiss-Prot,1
Q9R168,True,,10116,Extracellular space,Extracellular space/secreted,Swiss-Prot,1
P97802,True,,10090,Basement membrane|Extracellular space,Extracellular space/secreted,Swiss-Prot,1
Q8VCT3,True,,10090,Extracellular region|Extracellular space,Extracellular space/secreted,Swiss-Prot,1
P17153,False,ECM-affiliated Proteins|Matrisome-associated,9031,,,Swiss-Prot,1
P11680,True,,10090,Extracellular space,Extracellular space/secreted,Swiss-Prot,1
Q9DF69,False,ECM-affiliated Proteins|Matrisome-associated,9031,,,Swiss-Prot,1
Q8TAA1,True,,9606,Extracellular region,Extracellular space/secreted,Swiss-Prot,1
P07943,True,,10116,Extracellular space,,Swiss-Prot,1
P01015,True,,10116,Extracellular space,Extracellular space/secreted,Swiss-Prot,1
O09126,True,ECM-affiliated Proteins|Matrisome-associated,10090,Extracellular space,,Swiss-Prot,1
Q6IRK9,True,,10116,Extracellular space,Extracellular space/secreted,Swiss-Prot,1
P0C091,True,ECM-affiliated Proteins|Matrisome-associated,9606,Basement membrane|Extracellular space,Extracellular matrix|Extracellular space/secreted,Swiss-Prot,1
P97299,True,Secreted Factors|Matrisome-associated,10090,Extracellular region|Extracellular space,Extracellular space/secreted,Swiss-Prot,1
Q64240,True,,10116,Extracellular space,Extracellular matrix|Extracellular space/secreted,Swiss-Prot,1
P97401,True,Secreted Factors|Matrisome-associated,10090,Extracellular region|Extracellular space,Extracellular space/secreted,Swiss-Prot,1
Q9JLS4,True,,10116,Extracellular space,Extracellular space/secreted,Swiss-Prot,1
Q07456,True,ECM Regulators|Matrisome-associated,10090,Extracellular space,Extracellular matrix|Extracellular space/secreted,Swiss-Prot,1
Q9Z0K7,True,,10090,Extracellular space,Extracellular space/secreted,Swiss-Prot,1
Q2LMP1,True,Secreted Factors|Matrisome-associated,9031,Extracellular space,Extracellular matrix|Extracellular space/secreted,Swiss-Prot,1
O09164,True,,10090,Extracellular space,Extracellular space/secreted,Swiss-Prot,1
P08607,True,,10090,Extracellular space,Extracellular space/secreted,Swiss-Prot,1
Q07079,True,ECM Glycoproteins|Core matrisome,10090,Extracellular space,Extracellular space/secreted,Swiss-Prot,1
P07154,True,,10116,Extracellular space,Extracellular space/secreted,Swiss-Prot,1
Q9WUH7,False,ECM-affiliated Proteins|Matrisome-associated,10090,,,Swiss-Prot,1
Q8BQ47,True,,10090,Extracellular region,Extracellular space/secreted,Swiss-Prot,1
P24594,True,,10116,Extracellular space,Extracellular space/secreted,Swiss-Prot,1
P70208,False,ECM-affiliated Proteins|Matrisome-associated,10090,,,Swiss-Prot,1
P20068,True,,10116,Extracellular region,Extracellular space/secreted,Swiss-Prot,1
B2RXS4,False,ECM-affiliated Proteins|Matrisome-associated,10090,,,Swiss-Prot,1
P07092,True,,10116,Extracellular region|Extracellular space,Extracellular space/secreted,Swiss-Prot,1
P54320,True,ECM Glycoproteins|Core matrisome,10090,Extracellular region|Extracellular space,Extracellular matrix|Extracellular space/secreted,Swiss-Prot,1
Q61147,True,,10090,Extracellular space,Extracellular space/secreted,Swiss-Prot,1
Q63493,True,,10116,Extracellular space,,Swiss-Prot,1
Q3UH93,False,ECM-affiliated Proteins|Matrisome-associated,10090,,,Swiss-Prot,1
O35450,True,,10090,Extracellular region,,Swiss-Prot,1
Q07235,True,ECM Regulators|Matrisome-associated,10090,Extracellular region|Extracellular space,Extracellular space/secreted,Swiss-Prot,1
Q64519,False,ECM-affiliated Proteins|Matrisome-associated,10090,,,Swiss-Prot,1
P22272,True,,10090,Extracellular region|Extracellular space,Extracellular space/secreted,Swiss-Prot,1
Q9CXI5,True,,10090,Extracellular space,Extracellular space/secreted,Swiss-Prot,1
Q8K4Z2,True,,10090,Extracellular region,Extracellular space/secreted,Swiss-Prot,1
O35598,False,ECM Regulators|Matrisome-associated,10090,,,Swiss-Prot,1
P0C5H9,True,,10116,Extracellular space,Extracellular space/secreted,Swiss-Prot,1
O09159,True,,10090,Extracellular space,,Swiss-Prot,1
P11609,True,,10090,Extracellular space,,Swiss-Prot,1
Q3ZRW9,True,,9913,Extracellular space,Extracellular space/secreted,Swiss-Prot,0
P04769,True,Secreted Factors|Matrisome-associated,10090,Extracellular space,Extracellular space/secreted,Swiss-Prot,0
Q54JE7,True,,44689,Extracellular region,Extracellular space/secreted,Swiss-Prot,0
Q28260,True,,9615,Extracellular region,Extracellular space/secreted,Swiss-Prot,0
Q54JE8,True,,44689,Extracellular region,Extracellular space/secreted,Swiss-Prot,0
Q95KN1,True,,9615,Extracellular space,Extracellular space/secreted,Swiss-Prot,0
Q553W9,True,,44689,Extracellular region,,Swiss-Prot,0
Q9CRB5,True,Secreted Factors|Matrisome-associated,10090,Extracellular space,Extracellular space/secreted,Swiss-Prot,0
P33580,True,,10116,Extracellular space,Extracellular space/secreted,Swiss-Prot,0
P33579,True,,10116,Extracellular space,Extracellular space/secreted,Swiss-Prot,0
Q94469,True,,44689,Extracellular matrix,,Swiss-Prot,0
Q95116,True,ECM Glycoproteins|Core matrisome,9913,Extracellular region,,Swiss-Prot,0
Q28586,True,,9940,Extracellular space,Extracellular space/secreted,Swiss-Prot,0
P33730,True,,9615,Extracellular space,,Swiss-Prot,0
Q9DAY2,True,Secreted Factors|Matrisome-associated,10090,Extracellular space,Extracellular space/secreted,Swiss-Prot,0
O08717,True,Secreted Factors|Matrisome-associated,10090,Extracellular space,Extracellular space/secreted,Swiss-Prot,0
P25473,True,,9615,Extracellular space,Extracellular space/secreted,Swiss-Prot,0
Q5H8B9,True,ECM-affiliated Proteins|Matrisome-associated,10090,Basement membrane|Extracellular region,Extracellular matrix|Extracellular space/secreted,Swiss-Prot,0
Q95JC9,True,,9823,Extracellular region,Extracellular space/secreted,Swiss-Prot,0
P53813,True,,10116,Extracellular space,Extracellular space/secreted,Swiss-Prot,0
P98118,True,,9986,Extracellular space,Extracellular space/secreted,Swiss-Prot,0
P17697,True,,9913,Extracellular space,Extracellular space/secreted,Swiss-Prot,0
P21845,True,,10090,Extracellular region|Extracellular space,Extracellular space/secreted,Swiss-Prot,0
Q3ZRW7,True,,10116,Extracellular space,Extracellular space/secreted,Swiss-Prot,0
Q3ZRW6,True,,10090,Extracellular space,Extracellular space/secreted,Swiss-Prot,0
P04837,True,,9913,Extracellular space,Extracellular space/secreted,Swiss-Prot,0
Q08761,True,,10090,Extracellular space,Extracellular space/secreted,Swiss-Prot,0
Q9WUK5,True,,10116,Extracellular space,Extracellular space/secreted,Swiss-Prot,0
P01224,True,,9823,Extracellular space,Extracellular space/secreted,Swiss-Prot,0
P04652,True,,10116,Extracellular space,Extracellular space/secreted,Swiss-Prot,0
P55105,True,Secreted Factors|Matrisome-associated,10090,Extracellular space,Extracellular space/secreted,Swiss-Prot,0
Q920I0,True,,10116,Extracellular space,Extracellular space/secreted,Swiss-Prot,0
Q8CJ42,True,,10116,Extracellular space,Extracellular space/secreted,Swiss-Prot,0
Q9DAS4,True,Secreted Factors|Matrisome-associated,10090,Extracellular space,Extracellular space/secreted,Swiss-Prot,0
P33578,True,,10116,Extracellular space,Extracellular space/secreted,Swiss-Prot,0
Q9CQ58,True,Secreted Factors|Matrisome-associated,10090,Extracellular space,Extracellular space/secreted,Swiss-Prot,0
Q3L254,True,Secreted Factors|Matrisome-associated,9031,Extracellular space,Extracellular matrix|Extracellular space/secreted,Swiss-Prot,0
P55791,True,,9823,Extracellular region,Extracellular space/secreted,Swiss-Prot,0
Q9EPW4,True,ECM-affiliated Proteins|Matrisome-associated,10090,Extracellular space,Extracellular space/secreted,Swiss-Prot,0
Q9D676,True,ECM-affiliated Proteins|Matrisome-associated,10090,Extracellular space,,Swiss-Prot,0
Q9JI83,True,,10090,Extracellular region,Extracellular space/secreted,Swiss-Prot,0
Q58CS8,True,,9913,Extracellular region,Extracellular space/secreted,Swiss-Prot,0
Q6S5C2,True,,10090,Extracellular region,Extracellular space/secreted,Swiss-Prot,0
Q99LJ5,True,,10090,Extracellular space,,Swiss-Prot,0
O35188,True,Secreted Factors|Matrisome-associated,10090,Extracellular region|Extracellular space,Extracellular space/secreted,Swiss-Prot,0
Q925Q5,True,,10090,Extracellular region|Extracellular space,Extracellular space/secreted,Swiss-Prot,0
Q925Q4,True,,10116,Extracellular region|Extracellular space,Extracellular space/secreted,Swiss-Prot,0
Q812B2,True,,10090,Extracellular space,Extracellular space/secreted,Swiss-Prot,0
Q32LB5,True,,9913,Extracellular space,,Swiss-Prot,0
Q9ESP7,True,,10116,Extracellular matrix|Extracellular space,Extracellular matrix|Extracellular space/secreted,Swiss-Prot,0
Q66HC3,True,,10116,Extracellular space,Extracellular space/secreted,Swiss-Prot,0
O55145,True,,10116,Extracellular region|Extracellular space,Extracellular space/secreted,Swiss-Prot,0
O73884,True,,9031,Extracellular matrix,,Swiss-Prot,0
Q9DAG6,True,,10090,Extracellular space,Extracellular space/secreted,Swiss-Prot,0
Q9TTE2,True,,9940,Extracellular region,Extracellular matrix|Extracellular space/secreted,Swiss-Prot,0
Q8BNJ2,True,ECM Regulators|Matrisome-associated,10090,Extracellular matrix|Extracellular space,Extracellular matrix|Extracellular space/secreted,Swiss-Prot,0
P23764,True,,10116,Extracellular space,Extracellular space/secreted,Swiss-Prot,0
Q5QQ56,True,,9615,Extracellular space,,Swiss-Prot,0
Q4V7E2,True,,10116,Extracellular region,Extracellular space/secreted,Swiss-Prot,0
Q2TBK3,True,,9913,Extracellular region,Extracellular space/secreted,Swiss-Prot,0
O62702,True,Proteoglycans|Core matrisome,9913,Extracellular space,Extracellular matrix|Extracellular space/secreted,Swiss-Prot,0
P51028,True,,7955,Extracellular space,Extracellular matrix|Extracellular space/secreted,Swiss-Prot,0
P27435,True,,10116,Extracellular space,Extracellular space/secreted,Swiss-Prot,0
Q3UPY5,True,,10090,Extracellular region,Extracellular space/secreted,Swiss-Prot,0
Q9R001,True,ECM Regulators|Matrisome-associated,10090,Extracellular matrix|Extracellular space,Extracellular matrix|Extracellular space/secreted,Swiss-Prot,0
O88959,True,,10116,Extracellular space,Extracellular space/secreted,Swiss-Prot,0
Q64387,True,,10090,Extracellular region,Extracellular space/secreted,Swiss-Prot,0
O62647,True,,9913,Extracellular region,Extracellular space/secreted,Swiss-Prot,0
Q6DRB1,True,,7955,Extracellular region,,Swiss-Prot,0
Q55FN1,True,,44689,Extracellular region,Extracellular space/secreted,Swiss-Prot,0
Q554H5,True,,44689,Extracellular region,Extracellular space/secreted,Swiss-Prot,0
Q54ZI6,True,,44689,Extracellular region,Extracellular space/secreted,Swiss-Prot,0
Q64527,True,Secreted Factors|Matrisome-associated,10090,Extracellular space,Extracellular matrix|Extracellular space/secreted,Swiss-Prot,0
Q55FW7,True,,44689,Extracellular matrix,,Swiss-Prot,0
P51029,True,,7955,Extracellular space,Extracellular matrix|Extracellular space/secreted,Swiss-Prot,0
P33005,True,,9031,Extracellular region,,Swiss-Prot,0
Q08125,True,,10116,Extracellular region|Extracellular space,Extracellular space/secreted,Swiss-Prot,0
Q9MYM5,True,,9823,Extracellular space,Extracellular space/secreted,Swiss-Prot,0
Q9TT92,True,ECM Regulators|Matrisome-associated,9913,Extracellular region,Extracellular matrix|Extracellular space/secreted,Swiss-Prot,0
Q28008,True,ECM-affiliated Proteins|Matrisome-associated,9913,Extracellular space,Extracellular space/secreted,Swiss-Prot,0
P55104,True,Secreted Factors|Matrisome-associated,10090,Extracellular space,Extracellular space/secreted,Swiss-Prot,0
O18796,True,,9823,Extracellular region,Extracellular space/secreted,Swiss-Prot,0
Q8BQB4,True,,10090,Extracellular space,Extracellular space/secreted,Swiss-Prot,0
Q2LK54,True,ECM-affiliated Proteins|Matrisome-associated,9031,Extracellular space,,Swiss-Prot,0
Q63046,True,,10116,Basement membrane,,Swiss-Prot,0
Q04999,True,Secreted Factors|Matrisome-associated,10090,Extracellular region|Extracellular space,Extracellular space/secreted,Swiss-Prot,0
P57756,True,,10116,Extracellular space,Extracellular space/secreted,Swiss-Prot,0
O35622,True,Secreted Factors|Matrisome-associated,10090,Extracellular space,Extracellular space/secreted,Swiss-Prot,0
Q2HXK8,True,,7955,Extracellular space,Extracellular space/secreted,Swiss-Prot,0
Q8BJ73,True,ECM Glycoproteins|Core matrisome,10090,Extracellular region,Extracellular space/secreted,Swiss-Prot,0
Q9ET32,True,,10116,Extracellular region,Extracellular space/secreted,Swiss-Prot,0
P25429,True,Secreted Factors|Matrisome-associated,9031,Extracellular space,Extracellular space/secreted,Swiss-Prot,0
Q7YRB4,True,,9615,Extracellular space,Extracellular space/secreted,Swiss-Prot,0
Q9ESL8,True,Secreted Factors|Matrisome-associated,10090,Extracellular space,Extracellular space/secreted,Swiss-Prot,0
Q95106,True,Secreted Factors|Matrisome-associated,9913,Extracellular space,Extracellular space/secreted,Swiss-Prot,0
Q2TJ95,True,ECM Glycoproteins|Core matrisome,10090,Extracellular region,Extracellular space/secreted,Swiss-Prot,0
Q3UQ41,True,,10090,Extracellular region,,Swiss-Prot,0
Q14C59,True,,10090,Extracellular region,,Swiss-Prot,0
Q1JRP2,True,,10090,Extracellular region,,Swiss-Prot,0
Q6QAT4,True,,9940,Extracellular region,Extracellular space/secreted,Swiss-Prot,0
P04088,True,,9823,Extracellular space,Extracellular space/secreted,Swiss-Prot,0
P85153,True,,39053,Extracellular region,Extracellular matrix|Extracellular space/secreted,Swiss-Prot,0
Q5R328,True,,7955,Extracellular region,Extracellular space/secreted,Swiss-Prot,0
P21180,True,,10090,Extracellular space,Extracellular space/secreted,Swiss-Prot,0
Q29041,True,,9823,Extracellular space,Extracellular space/secreted,Swiss-Prot,0
P38649,True,,10090,Extracellular region,Extracellular space/secreted,Swiss-Prot,0
O70497,True,,10090,Extracellular space,Extracellular space/secreted,Swiss-Prot,0
Q0VCM0,True,Secreted Factors|Matrisome-associated,9913,Extracellular space,,Swiss-Prot,0
Q9D2Q8,True,Secreted Factors|Matrisome-associated,10090,Extracellular space,,Swiss-Prot,0
Q3MHP3,True,Secreted Factors|Matrisome-associated,9913,Extracellular space,,Swiss-Prot,0
P42917,True,Secreted Factors|Matrisome-associated,9913,Extracellular space,Extracellular space/secreted,Swiss-Prot,0
Q06AK6,True,,9823,Extracellular matrix,,Swiss-Prot,0
Q8CFC4,True,,10116,Extracellular region,Extracellular space/secreted,Swiss-Prot,0
O70165,True,,10090,Extracellular space,Extracellular space/secreted,Swiss-Prot,0
Q29042,True,,9823,Extracellular space,Extracellular space/secreted,Swiss-Prot,0
Q9WTS8,True,,10116,Extracellular space,Extracellular space/secreted,Swiss-Prot,0
O54819,True,,10090,Extracellular space,Extracellular space/secreted,Swiss-Prot,0
Q5I2E5,True,,9913,Extracellular space,Extracellular space/secreted,Swiss-Prot,0
P19761,True,,9986,Extracellular region,Extracellular space/secreted,Swiss-Prot,0
Q02445,True,,10116,Extracellular space,Extracellular space/secreted,Swiss-Prot,0
P79342,True,Secreted Factors|Matrisome-associated,9913,Extracellular space,Extracellular space/secreted,Swiss-Prot,0
O77791,True,,9986,Extracellular region,Extracellular space/secreted,Swiss-Prot,0
P50413,True,,9940,Extracellular region,Extracellular space/secreted,Swiss-Prot,0
P80310,True,,9823,Extracellular region,Extracellular space/secreted,Swiss-Prot,0
P79105,True,Secreted Factors|Matrisome-associated,9913,Extracellular region,Extracellular space/secreted,Swiss-Prot,0
A5PMY6,True,,7955,Extracellular space,,Swiss-Prot,0
Q8VHK8,True,,10090,Extracellular region,Extracellular space/secreted,Swiss-Prot,0
Q8VHJ4,True,,10116,Extracellular region,Extracellular space/secreted,Swiss-Prot,0
Q02844,True,,10090,Extracellular space,,Swiss-Prot,0
Q5QSK2,True,,10116,Extracellular region,,Swiss-Prot,0
P23359,True,Secreted Factors|Matrisome-associated,10090,Extracellular space,Extracellular space/secreted,Swiss-Prot,0
Q1EHB3,True,,10116,Extracellular matrix|Extracellular region,Extracellular matrix|Extracellular space/secreted,Swiss-Prot,0
Q9XSC5,True,,9986,Extracellular space,Extracellular space/secreted,Swiss-Prot,0
Q80WD1,True,,10116,Extracellular matrix|Extracellular space,,Swiss-Prot,0
P12788,True,,10116,Extracellular space,Extracellular space/secreted,Swiss-Prot,0
Q29549,True,,9823,Extracellular space,Extracellular space/secreted,Swiss-Prot,0
Q9QUK9,True,ECM Regulators|Matrisome-associated,10090,Extracellular region|Extracellular space,,Swiss-Prot,0
P22273,True,,10116,Extracellular region|Extracellular space,Extracellular space/secreted,Swiss-Prot,0
Q7M6Z0,True,,10090,Extracellular matrix|Extracellular space,,Swiss-Prot,0
Q3TMX7,True,,10090,Extracellular space,,Swiss-Prot,0
Q6IUU3,True,,10116,Extracellular space,Extracellular space/secreted,Swiss-Prot,0
Q8BND5,True,,10090,Extracellular space,Extracellular space/secreted,Swiss-Prot,0
Q8JGM4,True,,9031,Extracellular space,Extracellular space/secreted,Swiss-Prot,0
A0A1L2F565,True,,7955,Extracellular region,Extracellular space/secreted,Swiss-Prot,0
P32821,True,,10116,Extracellular space,Extracellular space/secreted,Swiss-Prot,0
P34821,True,Secreted Factors|Matrisome-associated,10090,Extracellular space,Extracellular space/secreted,Swiss-Prot,0
Q28888,True,,9986,Extracellular region,Extracellular matrix|Extracellular space/secreted,Swiss-Prot,0
P11976,True,,44689,Extracellular matrix|Extracellular region,Extracellular matrix|Extracellular space/secreted,Swiss-Prot,0
Q810J1,True,,10090,Extracellular region,Extracellular space/secreted,Swiss-Prot,0
P68116,True,,9940,Extracellular region,Extracellular space/secreted,Swiss-Prot,0
Q8BZ10,True,,10090,Extracellular region,,Swiss-Prot,0
O54769,True,,10116,Extracellular space,Extracellular space/secreted,Swiss-Prot,0
P17491,True,,10116,Extracellular space,Extracellular space/secreted,Swiss-Prot,0
Q1RMU1,True,ECM Glycoproteins|Core matrisome,9913,Extracellular region,Extracellular space/secreted,Swiss-Prot,0
P63075,True,Secreted Factors|Matrisome-associated,10090,Extracellular space,Extracellular space/secreted,Swiss-Prot,0
P43032,True,,9940,Extracellular region,Extracellular space/secreted,Swiss-Prot,0
Q8BFU0,True,ECM Glycoproteins|Core matrisome,10090,Extracellular region,Extracellular space/secreted,Swiss-Prot,0
P18331,True,,10116,Extracellular region|Extracellular space,Extracellular space/secreted,Swiss-Prot,0
Q9Z132,True,ECM Glycoproteins|Core matrisome,10090,Extracellular space,Extracellular space/secreted,Swiss-Prot,0
Q6DHR0,True,,7955,Extracellular region,Extracellular space/secreted,Swiss-Prot,0
P63076,True,,10116,Extracellular space,Extracellular space/secreted,Swiss-Prot,0
Q9D9V4,True,,10090,Extracellular region,,Swiss-Prot,0
P51405,True,,44689,Extracellular matrix,,Swiss-Prot,0
Q0VCA0,True,Secreted Factors|Matrisome-associated,9913,Extracellular space,Extracellular space/secreted,Swiss-Prot,0
P68213,True,,9615,Extracellular region,Extracellular space/secreted,Swiss-Prot,0
P46793,True,,44689,Extracellular matrix,,Swiss-Prot,0
P14477,True,,9823,Extracellular region,Extracellular space/secreted,Swiss-Prot,0
P57110,True,ECM Regulators|Matrisome-associated,10090,Extracellular matrix|Extracellular region,Extracellular matrix|Extracellular space/secreted,Swiss-Prot,0
P17698,True,,9940,Extracellular region,Extracellular space/secreted,Swiss-Prot,0
P14478,True,,9986,Extracellular region,Extracellular space/secreted,Swiss-Prot,0
P22685,True,,44689,Extracellular matrix,,Swiss-Prot,0
Q8BHM9,True,,10090,Extracellular region,,Swiss-Prot,0
O42235,True,Proteoglycans|Core matrisome,9031,Extracellular space,Extracellular matrix|Extracellular space/secreted,Swiss-Prot,0
Q9CQ35,True,,10090,Extracellular space,,Swiss-Prot,0
Q9XSD9,True,,9823,Extracellular space,Extracellular matrix|Extracellular space/secreted,Swiss-Prot,0
P09056,True,Secreted Factors|Matrisome-associated,10090,Extracellular space,Extracellular space/secreted,Swiss-Prot,0
Q9CR53,True,,10090,Extracellular space,Extracellular space/secreted,Swiss-Prot,0
Q6IR41,True,ECM-affiliated Proteins|Matrisome-associated,10090,Extracellular space,Extracellular space/secreted,Swiss-Prot,0
Q3T1I2,True,,10116,Extracellular space,Extracellular space/secreted,Swiss-Prot,0
Q2T9U8,True,,9913,Extracellular space,Extracellular space/secreted,Swiss-Prot,0
Q2KJ64,True,,9913,Extracellular space,,Swiss-Prot,0
Q6AY62,True,,10116,Extracellular region,Extracellular space/secreted,Swiss-Prot,0
P24259,True,,9823,Extracellular space,Extracellular space/secreted,Swiss-Prot,0
Q9GLR1,True,,9913,Extracellular space,,Swiss-Prot,0
P33433,True,ECM Regulators|Matrisome-associated,9913,Extracellular region,Extracellular space/secreted,Swiss-Prot,0
Q8HY81,True,,9615,Extracellular space,Extracellular space/secreted,Swiss-Prot,0
P07500,True,,9986,Extracellular region,Extracellular space/secreted,Swiss-Prot,0
P01161,True,,10116,Extracellular space,Extracellular space/secreted,Swiss-Prot,0
O46540,True,,9940,Extracellular region,Extracellular space/secreted,Swiss-Prot,0
F1QPX0,True,,7955,Extracellular region,Extracellular space/secreted,Swiss-Prot,0
P10152,True,,9913,Basement membrane|Extracellular space,Extracellular space/secreted,Swiss-Prot,0
O77750,True,,9913,Extracellular region,,Swiss-Prot,0
P25326,True,ECM Regulators|Matrisome-associated,9913,Extracellular space,Extracellular space/secreted,Swiss-Prot,0
P80929,True,,9913,Extracellular space,Extracellular space/secreted,Swiss-Prot,0
Q91ZJ9,True,ECM Regulators|Matrisome-associated,10090,Extracellular space,Extracellular space/secreted,Swiss-Prot,0
P17777,True,,10116,Extracellular space,Extracellular space/secreted,Swiss-Prot,0
Q27956,True,Secreted Factors|Matrisome-associated,9913,Extracellular space,Extracellular space/secreted,Swiss-Prot,0
Q811B1,True,,10090,Extracellular space,,Swiss-Prot,0
P01297,True,,9823,Extracellular space,Extracellular space/secreted,Swiss-Prot,0
O18874,True,,9615,Extracellular space,Extracellular space/secreted,Swiss-Prot,0
Q54QT8,True,,44689,Extracellular matrix,,Swiss-Prot,0
P56213,True,,10090,Extracellular space,,Swiss-Prot,0
O89017,True,,10090,Extracellular region,,Swiss-Prot,0
C5H5C4,True,,7955,Extracellular region,Extracellular space/secreted,Swiss-Prot,0
P55711,True,,394,Extracellular region,Extracellular space/secreted,Swiss-Prot,0
P15087,True,,10116,Extracellular region|Extracellular space,Extracellular space/secreted,Swiss-Prot,0
P17741,True,,9823,Extracellular space,Extracellular space/secreted,Swiss-Prot,0
Q9R0J8,True,,10116,Extracellular region,,Swiss-Prot,0
P52925,True,,10116,Extracellular space,Extracellular space/secreted,Swiss-Prot,0
P55724,True,,394,Extracellular region,Extracellular space/secreted,Swiss-Prot,0
F1MLX5,True,,9913,Extracellular matrix|Extracellular space,,Swiss-Prot,0
P55704,True,,394,Extracellular region,Extracellular space/secreted,Swiss-Prot,0
P07501,True,,9913,Extracellular space,Extracellular space/secreted,Swiss-Prot,0
Q6UXQ4,True,,9606,Extracellular region,Extracellular space/secreted,Swiss-Prot,0
P07499,True,,9615,Extracellular space,Extracellular space/secreted,Swiss-Prot,0
P18908,True,,9031,Extracellular space,Extracellular space/secreted,Swiss-Prot,0
Q02765,True,,10116,Extracellular region|Extracellular space,Extracellular space/secreted,Swiss-Prot,0
O70370,True,ECM Regulators|Matrisome-associated,10090,Extracellular space,Extracellular space/secreted,Swiss-Prot,0
P35572,True,,10116,Extracellular space,Extracellular space/secreted,Swiss-Prot,0
Q6RHW4,True,,9823,Extracellular space,Extracellular space/secreted,Swiss-Prot,0
Q8BVD7,True,ECM-affiliated Proteins|Matrisome-associated,10090,Extracellular space,Extracellular space/secreted,Swiss-Prot,0
Q76HN1,True,,10116,Extracellular space,Extracellular space/secreted,Swiss-Prot,0
Q05716,True,ECM Glycoproteins|Core matrisome,9913,Extracellular space,Extracellular space/secreted,Swiss-Prot,0
P57097,True,,10116,Extracellular space,,Swiss-Prot,0
P24854,True,,9823,Extracellular space,Extracellular space/secreted,Swiss-Prot,0
P21744,True,,10116,Extracellular space,Extracellular space/secreted,Swiss-Prot,0
P18337,True,,10090,Extracellular space,,Swiss-Prot,0
Q6IE64,True,,10116,Extracellular space,Extracellular space/secreted,Swiss-Prot,0
Q4FZV0,True,,10116,Extracellular space,,Swiss-Prot,0
Q8K2I4,True,,10090,Extracellular space,,Swiss-Prot,0
Q9D708,True,Secreted Factors|Matrisome-associated,10090,Extracellular space,,Swiss-Prot,0
P98105,True,,10116,Extracellular space,,Swiss-Prot,0
Q9R0R4,True,,10090,Extracellular region|Extracellular space,Extracellular space/secreted,Swiss-Prot,0
Q3UZ09,True,,10090,Extracellular space,Extracellular space/secreted,Swiss-Prot,0
Q28985,True,,9823,Extracellular space,Extracellular space/secreted,Swiss-Prot,0
Q8CG16,True,,10090,Extracellular space,,Swiss-Prot,0
Q28893,True,,9940,Extracellular region,Extracellular space/secreted,Swiss-Prot,0
Q05717,True,ECM Glycoproteins|Core matrisome,9913,Extracellular space,Extracellular space/secreted,Swiss-Prot,0
P98107,True,,9913,Extracellular space,,Swiss-Prot,0
Q9R0R3,True,,10116,Extracellular region|Extracellular space,Extracellular space/secreted,Swiss-Prot,0
Q8CFG9,True,,10090,Extracellular space,,Swiss-Prot,0
P15473,True,,10116,Extracellular space,Extracellular space/secreted,Swiss-Prot,0
Q4TTN8,True,,7955,Extracellular region,Extracellular space/secreted,Swiss-Prot,0
Q0VCX1,True,,9913,Extracellular space,,Swiss-Prot,0
P05805,True,,9913,Extracellular space,Extracellular space/secreted,Swiss-Prot,0
Q8VEI3,True,ECM Regulators|Matrisome-associated,10090,Extracellular region,Extracellular space/secreted,Swiss-Prot,0
Q6RHW2,True,,9823,Extracellular region,Extracellular space/secreted,Swiss-Prot,0
Q5XM24,True,,44689,Extracellular region,Extracellular space/secreted,Swiss-Prot,0
Q865C0,True,,9615,Extracellular space,Extracellular space/secreted,Swiss-Prot,0
Q64438,True,,10090,Basement membrane|Extracellular space,Extracellular space/secreted,Swiss-Prot,0
P18915,True,,9913,Extracellular space,Extracellular space/secreted,Swiss-Prot,0
Q3ZC08,True,ECM-affiliated Proteins|Matrisome-associated,9913,Extracellular space,,Swiss-Prot,0
Q9R1S7,True,,10090,Extracellular region,,Swiss-Prot,0
Q2YHT7,True,,9031,Extracellular region,Extracellular space/secreted,Swiss-Prot,0
P98131,True,,9913,Extracellular space,,Swiss-Prot,0
Q69DK8,True,,9823,Extracellular space,,Swiss-Prot,0
Q05718,True,ECM Glycoproteins|Core matrisome,9913,Extracellular space,Extracellular space/secreted,Swiss-Prot,0
P16611,True,,9823,Extracellular space,Extracellular space/secreted,Swiss-Prot,0
Q9JHQ0,True,ECM-affiliated Proteins|Matrisome-associated,10090,Extracellular space,,Swiss-Prot,0
Q0II24,True,ECM-affiliated Proteins|Matrisome-associated,9913,Extracellular region,Extracellular space/secreted,Swiss-Prot,0
P0C1T0,True,,10116,Extracellular space,Extracellular space/secreted,Swiss-Prot,0
P33622,True,,10090,Extracellular region|Extracellular space,Extracellular space/secreted,Swiss-Prot,0
Q9TUI9,True,,9913,Extracellular region|Extracellular space,Extracellular space/secreted,Swiss-Prot,0
A6NHN6,True,,9606,Extracellular region,Extracellular space/secreted,Swiss-Prot,0
Q28133,True,,9913,Extracellular space,Extracellular space/secreted,Swiss-Prot,0
Q8K1S1,True,ECM Glycoproteins|Core matrisome,10090,Extracellular space,Extracellular space/secreted,Swiss-Prot,0
P13589,True,,10116,Extracellular space,Extracellular space/secreted,Swiss-Prot,0
Q54LP8,True,,44689,Extracellular matrix,,Swiss-Prot,0
P01898,True,,10090,Extracellular space,,Swiss-Prot,0
Q3ZBN5,True,Proteoglycans|Core matrisome,9913,Extracellular matrix|Extracellular space,Extracellular matrix|Extracellular space/secreted,Swiss-Prot,0
Q9D9G2,True,,10090,Extracellular region,Extracellular space/secreted,Swiss-Prot,0
Q91WN4,True,,10090,Extracellular space,,Swiss-Prot,0
Q95104,True,,9913,Extracellular region,Extracellular space/secreted,Swiss-Prot,0
Q54RS6,True,,44689,Extracellular region,Extracellular space/secreted,Swiss-Prot,0
Q54LS8,True,,44689,Extracellular region,Extracellular space/secreted,Swiss-Prot,0
Q54FZ4,True,,44689,Extracellular region,Extracellular space/secreted,Swiss-Prot,0
P26372,True,,9940,Extracellular region,,Swiss-Prot,0
A9Q751,True,,10090,Extracellular region,,Swiss-Prot,0
Q6UXQ8,True,,9606,Extracellular region,Extracellular space/secreted,Swiss-Prot,0
P81475,True,,9031,Extracellular region,Extracellular space/secreted,Swiss-Prot,0
A5PF61,True,,7955,Extracellular space,Extracellular space/secreted,Swiss-Prot,0
Q6DRC3,True,,7955,Extracellular region,,Swiss-Prot,0
Q4G0U5,True,,9606,Extracellular region,,Swiss-Prot,0
P16613,True,,9940,Extracellular region,Extracellular space/secreted,Swiss-Prot,0
P15978,True,,10116,Extracellular space,,Swiss-Prot,0
P12961,True,,10090,Extracellular region,Extracellular space/secreted,Swiss-Prot,0
Q9I8Q3,True,Secreted Factors|Matrisome-associated,9031,Extracellular region,Extracellular space/secreted,Swiss-Prot,0
P22699,True,,44689,Extracellular region,,Swiss-Prot,0
Q54T07,True,,44689,Extracellular region,Extracellular space/secreted,Swiss-Prot,0
Q29393,True,,9615,Extracellular space,Extracellular matrix|Extracellular space/secreted,Swiss-Prot,0
Q5RI43,True,,7955,Extracellular space,Extracellular matrix|Extracellular space/secreted,Swiss-Prot,0
O35367,True,Proteoglycans|Core matrisome,10090,Extracellular space,Extracellular matrix|Extracellular space/secreted,Swiss-Prot,0
Q8BR86,True,,10090,Extracellular region,Extracellular space/secreted,Swiss-Prot,0
Q5QQ49,True,,9913,Extracellular space,Extracellular space/secreted,Swiss-Prot,0
P98110,True,,9823,Extracellular space,,Swiss-Prot,0
Q91Z98,True,,10090,Extracellular region|Extracellular space,Extracellular space/secreted,Swiss-Prot,0
P28654,True,Proteoglycans|Core matrisome,10090,Extracellular space,Extracellular matrix|Extracellular space/secreted,Swiss-Prot,0
P28675,True,Proteoglycans|Core matrisome,9031,Extracellular space,Extracellular matrix|Extracellular space/secreted,Swiss-Prot,0
Q5QQ50,True,,9615,Extracellular space,Extracellular space/secreted,Swiss-Prot,0
Q9EPI0,True,,10116,Extracellular space,Extracellular space/secreted,Swiss-Prot,0
O46390,True,,9940,Extracellular region,Extracellular matrix|Extracellular space/secreted,Swiss-Prot,0
P22005,True,,10090,Extracellular region,Extracellular space/secreted,Swiss-Prot,0
P01211,True,,9913,Extracellular region,Extracellular space/secreted,Swiss-Prot,0
O35744,True,,10090,Extracellular region|Extracellular space,Extracellular space/secreted,Swiss-Prot,0
Q9TT93,True,ECM Regulators|Matrisome-associated,9913,Extracellular matrix|Extracellular region,Extracellular matrix|Extracellular space/secreted,Swiss-Prot,0
P97766,True,Secreted Factors|Matrisome-associated,10090,Extracellular region,Extracellular space/secreted,Swiss-Prot,0
Q3SWT0,True,,10116,Extracellular space,,Swiss-Prot,0
P04401,True,Secreted Factors|Matrisome-associated,10090,Extracellular region|Extracellular space,Extracellular space/secreted,Swiss-Prot,0
P01165,True,,9823,Extracellular region,Extracellular space/secreted,Swiss-Prot,0
P41535,True,,9823,Extracellular region,Extracellular space/secreted,Swiss-Prot,0
Q9TUX7,True,,9913,Extracellular space,Extracellular space/secreted,Swiss-Prot,0
Q5UK76,True,,9615,Extracellular space,Extracellular space/secreted,Swiss-Prot,0
D3Z5L9,True,,10090,Extracellular matrix|Extracellular space,Extracellular space/secreted,Swiss-Prot,0
P0DOX5,True,,9606,Extracellular region,Extracellular space/secreted,Swiss-Prot,0
Q9JHC6,True,,10116,Extracellular matrix|Extracellular space,Extracellular space/secreted,Swiss-Prot,0
Q8C6C9,True,,10090,Extracellular space,Extracellular space/secreted,Swiss-Prot,0
O35103,True,Proteoglycans|Core matrisome,10090,Extracellular matrix|Extracellular space,Extracellular matrix|Extracellular space/secreted,Swiss-Prot,0
Q9Z0G4,True,,10090,Extracellular matrix|Extracellular space,Extracellular space/secreted,Swiss-Prot,0
P40673,True,,9913,Extracellular space,Extracellular space/secreted,Swiss-Prot,0
Q99PP0,True,,10116,Extracellular matrix|Extracellular space,Extracellular space/secreted,Swiss-Prot,0
O77742,True,Proteoglycans|Core matrisome,9913,Extracellular space,Extracellular matrix|Extracellular space/secreted,Swiss-Prot,0
Q08BN9,True,,7955,Extracellular region,Extracellular space/secreted,Swiss-Prot,0
A2VDP6,True,,9913,Extracellular region,Extracellular space/secreted,Swiss-Prot,0
O54775,True,,10090,Extracellular matrix|Extracellular space,Extracellular space/secreted,Swiss-Prot,0
Q05004,True,,9986,Extracellular region,Extracellular space/secreted,Swiss-Prot,0
Q9WVA9,True,,10116,Extracellular space,Extracellular space/secreted,Swiss-Prot,0
Q8K406,True,ECM Glycoproteins|Core matrisome,10090,Extracellular space,Extracellular space/secreted,Swiss-Prot,0
Q9WVA8,True,,10090,Extracellular space,Extracellular space/secreted,Swiss-Prot,0
P26584,True,,9031,Extracellular space,Extracellular space/secreted,Swiss-Prot,0
C0HL12,True,,10116,Extracellular space,Extracellular space/secreted,Swiss-Prot,0
Q9QZQ5,True,,10116,Extracellular matrix|Extracellular region,Extracellular space/secreted,Swiss-Prot,0
P51678,True,,10090,Extracellular space,,Swiss-Prot,0
Q9Z1S7,True,,10116,Extracellular matrix|Extracellular space,Extracellular matrix|Extracellular space/secreted,Swiss-Prot,0
Q32LT9,True,,7955,Extracellular space,Extracellular space/secreted,Swiss-Prot,0
Q8BQH6,True,ECM Glycoproteins|Core matrisome,10090,Extracellular region,Extracellular space/secreted,Swiss-Prot,0
D3ZQE1,True,,10116,Extracellular space,Extracellular space/secreted,Swiss-Prot,0
P85980,True,,9986,Extracellular region,Extracellular space/secreted,Swiss-Prot,0
O70176,True,,10090,Extracellular space,Extracellular space/secreted,Swiss-Prot,0
P41534,True,,9031,Extracellular region,Extracellular space/secreted,Swiss-Prot,0
P27093,True,Secreted Factors|Matrisome-associated,9031,Extracellular space,Extracellular space/secreted,Swiss-Prot,0
Q08BB2,True,,7955,Extracellular space,Extracellular space/secreted,Swiss-Prot,0
E9QA28,True,,10090,Extracellular space,Extracellular space/secreted,Swiss-Prot,0
Q9EQ21,True,,10090,Extracellular region|Extracellular space,Extracellular space/secreted,Swiss-Prot,0
Q8MJ80,True,,9823,Extracellular space,Extracellular space/secreted,Swiss-Prot,0
Q29414,True,,9913,Extracellular space,Extracellular space/secreted,Swiss-Prot,0
Q4QRF7,True,,7955,Extracellular space,Extracellular space/secreted,Swiss-Prot,0
Q99MH3,True,,10116,Extracellular region|Extracellular space,Extracellular space/secreted,Swiss-Prot,0
Q9Z0Z4,True,,10090,Extracellular region,,Swiss-Prot,0
Q5FXM5,True,,44689,Extracellular region,,Swiss-Prot,0
P01869,True,,10090,Extracellular space,,Swiss-Prot,0
A0A0C4DH62,True,,9606,Extracellular region,Extracellular space/secreted,Swiss-Prot,0
Q54KF5,True,,44689,Extracellular space,Extracellular space/secreted,Swiss-Prot,0
O54814,True,,10116,Extracellular space,,Swiss-Prot,0
Q29W19,True,,9913,Extracellular region,Extracellular space/secreted,Swiss-Prot,0
P00762,True,,10116,Extracellular space,Extracellular space/secreted,Swiss-Prot,0
Q6S5I3,True,,10090,Extracellular region|Extracellular space,,Swiss-Prot,0
Q9JI02,True,,10090,Extracellular space,Extracellular space/secreted,Swiss-Prot,0
O54951,False,ECM-affiliated Proteins|Matrisome-associated,10090,,,Swiss-Prot,0
P05099,True,ECM Glycoproteins|Core matrisome,9031,Extracellular region,Extracellular matrix|Extracellular space/secreted,Swiss-Prot,0
Q60519,False,ECM-affiliated Proteins|Matrisome-associated,10090,,,Swiss-Prot,0
Q62217,False,ECM-affiliated Proteins|Matrisome-associated,10090,,,Swiss-Prot,0
Q9Z123,False,ECM-affiliated Proteins|Matrisome-associated,10090,,,Swiss-Prot,0
Q62178,False,ECM-affiliated Proteins|Matrisome-associated,10090,,,Swiss-Prot,0
Q9QZC2,False,ECM-affiliated Proteins|Matrisome-associated,10090,,,Swiss-Prot,0
O42401,True,ECM Glycoproteins|Core matrisome,9031,Extracellular region,Extracellular space/secreted,Swiss-Prot,0
Q9DC11,False,ECM-affiliated Proteins|Matrisome-associated,10090,,,Swiss-Prot,0
O35701,True,ECM Glycoproteins|Core matrisome,10090,Extracellular matrix|Extracellular region,Extracellular space/secreted,Swiss-Prot,0
Q923D3,False,ECM-affiliated Proteins|Matrisome-associated,10090,,,Swiss-Prot,0
Q8C6Z1,False,ECM-affiliated Proteins|Matrisome-associated,10090,,,Swiss-Prot,0
O89029,True,ECM Glycoproteins|Core matrisome,10090,Extracellular region,Extracellular space/secreted,Swiss-Prot,0
Q02496,False,ECM-affiliated Proteins|Matrisome-associated,10090,,,Swiss-Prot,0
Q8K5B2,True,,10090,Extracellular region,,Swiss-Prot,0
Q8VCD3,False,ECM-affiliated Proteins|Matrisome-associated,10090,,,Swiss-Prot,0
Q8VED9,False,ECM-affiliated Proteins|Matrisome-associated,10090,,,Swiss-Prot,0
Q9JL15,False,ECM-affiliated Proteins|Matrisome-associated,10090,,,Swiss-Prot,0
O54891,False,ECM-affiliated Proteins|Matrisome-associated,10090,,,Swiss-Prot,0
Q8K5B3,True,,10116,Extracellular region,,Swiss-Prot,0
P11034,True,,10090,Extracellular space,Extracellular space/secreted,Swiss-Prot,0
P09650,True,,10116,Extracellular space,Extracellular space/secreted,Swiss-Prot,0
Q91VD1,False,ECM-affiliated Proteins|Matrisome-associated,10090,,,Swiss-Prot,0
Q9D1U0,False,ECM-affiliated Proteins|Matrisome-associated,10090,,,Swiss-Prot,0
Q9R0H2,False,ECM-affiliated Proteins|Matrisome-associated,10090,,,Swiss-Prot,0
Q8K4Q8,False,ECM-affiliated Proteins|Matrisome-associated,10090,,,Swiss-Prot,0
Q5JXM2,True,,9606,Extracellular region,Extracellular space/secreted,Swiss-Prot,0
Q8CCB5,True,,10090,Extracellular region,Extracellular space/secreted,Swiss-Prot,0
Q95114,True,ECM Glycoproteins|Core matrisome,9913,Extracellular region,Extracellular space/secreted,Swiss-Prot,0
Q9WTM3,False,ECM-affiliated Proteins|Matrisome-associated,10090,,,Swiss-Prot,0
Q91WP0,True,ECM Regulators|Matrisome-associated,10090,Extracellular space,Extracellular space/secreted,Swiss-Prot,0
Q76KF0,False,ECM-affiliated Proteins|Matrisome-associated,10090,,,Swiss-Prot,0
P51885,True,Proteoglycans|Core matrisome,10090,Extracellular matrix|Extracellular space,Extracellular matrix|Extracellular space/secreted,Swiss-Prot,0
O35227,False,ECM Regulators|Matrisome-associated,10090,,,Swiss-Prot,0
Q3TTE0,False,ECM Regulators|Matrisome-associated,10090,,,Swiss-Prot,0
Q923W9,False,ECM Regulators|Matrisome-associated,10090,,,Swiss-Prot,0
Q8K410,False,ECM Regulators|Matrisome-associated,10090,,,Swiss-Prot,0
F8VQ03,False,ECM Regulators|Matrisome-associated,10090,,,Swiss-Prot,0
Q811Q4,False,ECM Regulators|Matrisome-associated,10090,,,Swiss-Prot,0
Q9JLN6,False,ECM Regulators|Matrisome-associated,10090,,,Swiss-Prot,0
P16235,True,,10116,Extracellular space,Extracellular space/secreted,Swiss-Prot,0
Q05443,True,Proteoglycans|Core matrisome,9913,Extracellular matrix|Extracellular space,Extracellular matrix|Extracellular space/secreted,Swiss-Prot,0
Q9R158,False,ECM Regulators|Matrisome-associated,10090,,,Swiss-Prot,0
Q9R159,False,ECM Regulators|Matrisome-associated,10090,,,Swiss-Prot,0
P51890,True,Proteoglycans|Core matrisome,9031,Extracellular space,Extracellular matrix|Extracellular space/secreted,Swiss-Prot,0
Q9R160,False,ECM Regulators|Matrisome-associated,10090,,,Swiss-Prot,0
O46379,True,,9986,Extracellular region,Extracellular matrix|Extracellular space/secreted,Swiss-Prot,0
Q9R1V4,False,ECM Regulators|Matrisome-associated,10090,,,Swiss-Prot,0
P51886,True,,10116,Extracellular matrix|Extracellular space,Extracellular matrix|Extracellular space/secreted,Swiss-Prot,0
A0A075B6I4,True,,9606,Extracellular space,Extracellular space/secreted,Swiss-Prot,0
P12067,True,,9823,Extracellular region,Extracellular space/secreted,Swiss-Prot,0
Q9JI76,False,ECM Regulators|Matrisome-associated,10090,,,Swiss-Prot,0
P00697,True,,10116,Extracellular space,Extracellular space/secreted,Swiss-Prot,0
Q60718,False,ECM Regulators|Matrisome-associated,10090,,,Swiss-Prot,0
Q8R534,False,ECM Regulators|Matrisome-associated,10090,,,Swiss-Prot,0
P17607,True,,9940,Extracellular region,Extracellular space/secreted,Swiss-Prot,0
Q60813,False,ECM Regulators|Matrisome-associated,10090,,,Swiss-Prot,0
P98064,True,ECM Regulators|Matrisome-associated,10090,Extracellular space,Extracellular space/secreted,Swiss-Prot,0
Q8CHN8,True,,10116,Extracellular space,Extracellular space/secreted,Swiss-Prot,0
O35674,False,ECM Regulators|Matrisome-associated,10090,,,Swiss-Prot,0
Q9R157,False,ECM Regulators|Matrisome-associated,10090,,,Swiss-Prot,0
Q8BRU4,False,ECM-affiliated Proteins|Matrisome-associated,10090,,,Swiss-Prot,0
P21956,True,ECM Glycoproteins|Core matrisome,10090,Extracellular space,Extracellular space/secreted,Swiss-Prot,0
P79385,True,,9823,Extracellular region,Extracellular space/secreted,Swiss-Prot,0
Q9QZ10,False,ECM-affiliated Proteins|Matrisome-associated,10090,,,Swiss-Prot,0
Q91ZW8,False,ECM-affiliated Proteins|Matrisome-associated,10090,,,Swiss-Prot,0
Q8R1M8,True,,10090,Extracellular space,Extracellular space/secreted,Swiss-Prot,0
Q6TA48,True,,10116,Extracellular space,Extracellular space/secreted,Swiss-Prot,0
Q8CJ91,False,ECM-affiliated Proteins|Matrisome-associated,10090,,,Swiss-Prot,0
Q91ZX1,False,ECM-affiliated Proteins|Matrisome-associated,10090,,,Swiss-Prot,0
P35454,True,,10090,Extracellular region|Extracellular space,,Swiss-Prot,0
P01177,True,,9823,Extracellular space,,Swiss-Prot,0
O35640,False,ECM-affiliated Proteins|Matrisome-associated,10090,,,Swiss-Prot,0
Q07076,False,ECM-affiliated Proteins|Matrisome-associated,10090,,,Swiss-Prot,0
P69043,True,,9986,Extracellular region,Extracellular space/secreted,Swiss-Prot,0
P01179,True,,10116,Extracellular region|Extracellular space,,Swiss-Prot,0
P97384,False,ECM-affiliated Proteins|Matrisome-associated,10090,,,Swiss-Prot,0
P13389,True,,9940,Extracellular space,,Swiss-Prot,0
Q9JL95,False,Proteoglycans|Core matrisome,10090,,,Swiss-Prot,0
P97400,False,ECM-affiliated Proteins|Matrisome-associated,10090,,,Swiss-Prot,0
Q3UR50,False,ECM Glycoproteins|Core matrisome,10090,,,Swiss-Prot,0
P01180,True,,9913,Extracellular space,Extracellular space/secreted,Swiss-Prot,0
Q99KC8,False,ECM Glycoproteins|Core matrisome,10090,,,Swiss-Prot,0
P35455,True,,10090,Extracellular region|Extracellular space,Extracellular space/secreted,Swiss-Prot,0
Q3UVV9,False,ECM Glycoproteins|Core matrisome,10090,,,Swiss-Prot,0
Q9R0M3,False,ECM Glycoproteins|Core matrisome,10090,,,Swiss-Prot,0
Q9ET39,False,ECM Glycoproteins|Core matrisome,10090,,,Swiss-Prot,0
P30152,True,,10116,Extracellular region|Extracellular space,Extracellular space/secreted,Swiss-Prot,0
Q8R4V5,False,ECM Glycoproteins|Core matrisome,10090,,,Swiss-Prot,0
Q0PIT9,True,,9823,Extracellular space,Extracellular space/secreted,Swiss-Prot,0
B0BNM1,True,,10116,Extracellular region|Extracellular space,Extracellular space/secreted,Swiss-Prot,0
Q6RUW3,True,,9913,Extracellular space,Extracellular space/secreted,Swiss-Prot,0
Q8R4F1,False,ECM Glycoproteins|Core matrisome,10090,,,Swiss-Prot,0
Q3T166,True,,9913,Extracellular space,Extracellular space/secreted,Swiss-Prot,0
O88272,True,,10116,Extracellular matrix|Extracellular space,,Swiss-Prot,0
Q6QLQ4,False,ECM-affiliated Proteins|Matrisome-associated,10090,,,Swiss-Prot,0
Q9JL99,False,ECM-affiliated Proteins|Matrisome-associated,10090,,,Swiss-Prot,0
P70194,False,ECM-affiliated Proteins|Matrisome-associated,10090,,,Swiss-Prot,0
Q9R0Q8,False,ECM-affiliated Proteins|Matrisome-associated,10090,,,Swiss-Prot,0
Q9Z2H6,False,ECM-affiliated Proteins|Matrisome-associated,10090,,,Swiss-Prot,0
P03972,True,Secreted Factors|Matrisome-associated,9913,Extracellular space,Extracellular space/secreted,Swiss-Prot,0
P0C7M9,False,ECM-affiliated Proteins|Matrisome-associated,10090,,,Swiss-Prot,0
P27106,True,Secreted Factors|Matrisome-associated,10090,Extracellular region|Extracellular space,Extracellular space/secreted,Swiss-Prot,0
Q9WVF9,False,ECM-affiliated Proteins|Matrisome-associated,10090,,,Swiss-Prot,0
Q8C1T8,False,ECM-affiliated Proteins|Matrisome-associated,10090,,,Swiss-Prot,0
P79295,True,,9823,Extracellular space,Extracellular space/secreted,Swiss-Prot,0
Q80XD9,False,ECM-affiliated Proteins|Matrisome-associated,10090,,,Swiss-Prot,0
P49000,True,,10116,Extracellular space,Extracellular space/secreted,Swiss-Prot,0
Q91V08,False,ECM-affiliated Proteins|Matrisome-associated,10090,,,Swiss-Prot,0
P28053,True,ECM Regulators|Matrisome-associated,9913,Extracellular matrix|Extracellular space,Extracellular matrix|Extracellular space/secreted,Swiss-Prot,0
Q8BWY2,False,ECM-affiliated Proteins|Matrisome-associated,10090,,,Swiss-Prot,0
O88676,True,ECM Regulators|Matrisome-associated,10090,Extracellular matrix|Extracellular space,,Swiss-Prot,0
P21692,True,,9823,Extracellular matrix|Extracellular space,Extracellular matrix|Extracellular space/secreted,Swiss-Prot,0
Q8VCP9,False,ECM-affiliated Proteins|Matrisome-associated,10090,,,Swiss-Prot,0
P13943,True,,9986,Extracellular matrix|Extracellular region,Extracellular matrix|Extracellular space/secreted,Swiss-Prot,0
P81563,True,,10116,Extracellular space,Extracellular matrix|Extracellular space/secreted,Swiss-Prot,0
O18767,True,ECM Regulators|Matrisome-associated,9913,Extracellular matrix|Extracellular space,Extracellular matrix|Extracellular space/secreted,Swiss-Prot,0
Q149M0,False,ECM-affiliated Proteins|Matrisome-associated,10090,,,Swiss-Prot,0
P57748,True,ECM Regulators|Matrisome-associated,10090,Extracellular matrix|Extracellular region|Extracellular space,Extracellular matrix|Extracellular space/secreted,Swiss-Prot,0
P79287,True,,9823,Extracellular matrix|Extracellular space,Extracellular matrix|Extracellular space/secreted,Swiss-Prot,0
A0A0N9E2K8,True,,7955,Extracellular matrix,,Swiss-Prot,0
Q504P2,False,ECM-affiliated Proteins|Matrisome-associated,10090,,,Swiss-Prot,0
Q8K3F2,True,ECM Regulators|Matrisome-associated,10090,Extracellular matrix|Extracellular region,Extracellular space/secreted,Swiss-Prot,0
Q2TBM7,True,ECM Regulators|Matrisome-associated,9913,Extracellular matrix|Extracellular space,,Swiss-Prot,0
P49300,False,ECM-affiliated Proteins|Matrisome-associated,10090,,,Swiss-Prot,0
Q6HA09,False,ECM Regulators|Matrisome-associated,10090,,,Swiss-Prot,0
A8WHP9,True,,7955,Extracellular matrix|Extracellular space,,Swiss-Prot,0
Q3URS3,True,,10090,Extracellular region,,Swiss-Prot,0
P80416,False,ECM Regulators|Matrisome-associated,9913,,,Swiss-Prot,0
Q95J76,True,,9615,Extracellular space,Extracellular space/secreted,Swiss-Prot,0
A6QP57,False,ECM Regulators|Matrisome-associated,9913,,,Swiss-Prot,0
Q0IIH7,False,ECM Regulators|Matrisome-associated,9913,,,Swiss-Prot,0
Q9WUG6,True,Secreted Factors|Matrisome-associated,10090,Extracellular region,Extracellular space/secreted,Swiss-Prot,0
Q32L79,True,Secreted Factors|Matrisome-associated,9913,Extracellular space,Extracellular space/secreted,Swiss-Prot,0
Q9QY05,True,Secreted Factors|Matrisome-associated,10090,Extracellular region,Extracellular space/secreted,Swiss-Prot,0
Q9WV41,True,,10116,Extracellular region,Extracellular space/secreted,Swiss-Prot,0
Q75UG4,False,ECM Regulators|Matrisome-associated,9913,,,Swiss-Prot,0
Q1RMU3,False,ECM Regulators|Matrisome-associated,9913,,,Swiss-Prot,0
Q3MI03,False,ECM Regulators|Matrisome-associated,9913,,,Swiss-Prot,0
Q8SQG8,False,ECM Regulators|Matrisome-associated,9913,,,Swiss-Prot,0
Q3MI05,False,ECM Regulators|Matrisome-associated,9913,,,Swiss-Prot,0
P25417,False,ECM Regulators|Matrisome-associated,9913,,,Swiss-Prot,0
Q9N2I2,True,ECM Regulators|Matrisome-associated,9913,Extracellular space,Extracellular space/secreted,Swiss-Prot,0
P52173,True,Secreted Factors|Matrisome-associated,9913,Extracellular space,Extracellular space/secreted,Swiss-Prot,0
O77780,False,ECM Regulators|Matrisome-associated,9913,,,Swiss-Prot,0
Q29RU2,False,ECM Glycoproteins|Core matrisome,9913,,,Swiss-Prot,0
Q28103,False,ECM Glycoproteins|Core matrisome,9913,,,Swiss-Prot,0
Q5EA98,False,ECM Glycoproteins|Core matrisome,9913,,,Swiss-Prot,0
Q2YDH8,False,ECM Glycoproteins|Core matrisome,9913,,,Swiss-Prot,0
P02672,False,ECM Glycoproteins|Core matrisome,9913,,Extracellular space/secreted,Swiss-Prot,0
Q2KIT5,False,ECM Glycoproteins|Core matrisome,9913,,,Swiss-Prot,0
Q5EA46,False,ECM Glycoproteins|Core matrisome,9913,,,Swiss-Prot,0
P55080,False,ECM Glycoproteins|Core matrisome,9031,,,Swiss-Prot,0
Q5ZHQ2,False,ECM-affiliated Proteins|Matrisome-associated,9031,,,Swiss-Prot,0
Q98953,False,Secreted Factors|Matrisome-associated,9031,,,Swiss-Prot,0
P24802,False,ECM Regulators|Matrisome-associated,9031,,,Swiss-Prot,0
Q5ZLK5,False,ECM Regulators|Matrisome-associated,9031,,,Swiss-Prot,0
P98072,False,ECM Regulators|Matrisome-associated,9913,,,Swiss-Prot,0
P27214,False,ECM-affiliated Proteins|Matrisome-associated,9913,,,Swiss-Prot,0
Q5ZJM3,False,ECM Regulators|Matrisome-associated,9031,,,Swiss-Prot,0
Q2NL33,False,ECM-affiliated Proteins|Matrisome-associated,9913,,,Swiss-Prot,0
P10462,False,Secreted Factors|Matrisome-associated,9913,,,Swiss-Prot,0
P01573,True,Secreted Factors|Matrisome-associated,10090,Extracellular space,Extracellular space/secreted,Swiss-Prot,0
O97945,True,,9615,Extracellular space,Extracellular space/secreted,Swiss-Prot,0
Q5XWD5,True,,9615,Extracellular space,Extracellular space/secreted,Swiss-Prot,0
Q5EA85,False,ECM-affiliated Proteins|Matrisome-associated,9913,,,Swiss-Prot,0
Q58DD4,False,ECM-affiliated Proteins|Matrisome-associated,9913,,,Swiss-Prot,0
Q8WML4,False,ECM-affiliated Proteins|Matrisome-associated,9913,,,Swiss-Prot,0
Q3T0D6,False,ECM-affiliated Proteins|Matrisome-associated,9913,,,Swiss-Prot,0
Q49BZ4,False,ECM-affiliated Proteins|Matrisome-associated,9913,,,Swiss-Prot,0
Q3LUH2,False,ECM-affiliated Proteins|Matrisome-associated,9913,,,Swiss-Prot,0
P52787,True,,10090,Extracellular space,Extracellular space/secreted,Swiss-Prot,0
P17267,True,,10116,Extracellular space,Extracellular space/secreted,Swiss-Prot,0
Q0VCS6,False,ECM-affiliated Proteins|Matrisome-associated,9913,,,Swiss-Prot,0
Q5E9E3,False,ECM-affiliated Proteins|Matrisome-associated,9913,,Extracellular space/secreted,Swiss-Prot,0
Q3SWX7,False,ECM-affiliated Proteins|Matrisome-associated,9913,,,Swiss-Prot,0
P26889,True,,9823,Extracellular space,Extracellular space/secreted,Swiss-Prot,0
P14628,True,,9986,Extracellular space,Extracellular space/secreted,Swiss-Prot,0
Q63264,True,,10116,Extracellular region|Extracellular space,Extracellular space/secreted,Swiss-Prot,0
Q95L54,False,ECM-affiliated Proteins|Matrisome-associated,9913,,,Swiss-Prot,0
P21621,True,,9940,Extracellular space,Extracellular space/secreted,Swiss-Prot,0
P20072,False,ECM-affiliated Proteins|Matrisome-associated,9913,,,Swiss-Prot,0
Q8R459,True,Secreted Factors|Matrisome-associated,10090,Extracellular space,Extracellular space/secreted,Swiss-Prot,0
P79134,False,ECM-affiliated Proteins|Matrisome-associated,9913,,,Swiss-Prot,0
Q04745,True,,9823,Extracellular space,Extracellular space/secreted,Swiss-Prot,0
Q9MZR8,True,,9986,Extracellular space,Extracellular space/secreted,Swiss-Prot,0
P13214,False,ECM-affiliated Proteins|Matrisome-associated,9913,,,Swiss-Prot,0
P20096,True,,10116,Extracellular space,Extracellular space/secreted,Swiss-Prot,0
P30368,True,,9940,Extracellular space,Extracellular space/secreted,Swiss-Prot,0
P16924,False,ECM Regulators|Matrisome-associated,9031,,,Swiss-Prot,0
P0DJJ2,False,ECM Regulators|Matrisome-associated,9031,,,Swiss-Prot,0
P16675,False,ECM Regulators|Matrisome-associated,10090,,,Swiss-Prot,0
Q8C8H8,False,ECM Regulators|Matrisome-associated,10090,,,Swiss-Prot,0
Q9D7I9,False,ECM Regulators|Matrisome-associated,10090,,,Swiss-Prot,0
Q61087,True,ECM Glycoproteins|Core matrisome,10090,Basement membrane|Extracellular region,Basement membrane|Extracellular matrix|Extracellular space/secreted,Swiss-Prot,0
P48794,False,ECM Regulators|Matrisome-associated,10090,,,Swiss-Prot,0
Q8JHV6,True,,7955,Extracellular region,Basement membrane|Extracellular matrix|Extracellular space/secreted,Swiss-Prot,0
O08762,False,ECM Regulators|Matrisome-associated,10090,,Extracellular space/secreted,Swiss-Prot,0
Q9R0B9,False,ECM Regulators|Matrisome-associated,10090,,,Swiss-Prot,0
Q01636,True,,9031,Basement membrane|Extracellular region,Basement membrane|Extracellular matrix|Extracellular space/secreted,Swiss-Prot,0
Q9R0E2,False,ECM Regulators|Matrisome-associated,10090,,,Swiss-Prot,0
Q8BG58,False,ECM Regulators|Matrisome-associated,10090,,,Swiss-Prot,0
Q6W3F0,False,ECM Regulators|Matrisome-associated,10090,,,Swiss-Prot,0
Q9CQ04,False,ECM Regulators|Matrisome-associated,10090,,,Swiss-Prot,0
Q3U0K8,False,ECM Regulators|Matrisome-associated,10090,,,Swiss-Prot,0
P53760,True,,9031,Extracellular space,Extracellular space/secreted,Swiss-Prot,0
Q05A56,False,ECM Regulators|Matrisome-associated,10090,,,Swiss-Prot,0
P15800,True,,10116,Basement membrane,Basement membrane|Extracellular matrix|Extracellular space/secreted,Swiss-Prot,0
P15702,True,,10090,Basement membrane|Extracellular space,,Swiss-Prot,0
P13838,True,,10116,Basement membrane|Extracellular space,,Swiss-Prot,0
O35632,False,ECM Regulators|Matrisome-associated,10090,,,Swiss-Prot,0
P49256,True,,9615,Extracellular space,,Swiss-Prot,0
Q8VCS3,False,ECM Regulators|Matrisome-associated,10090,,,Swiss-Prot,0
Q91UZ4,False,ECM Regulators|Matrisome-associated,10090,,,Swiss-Prot,0
Q91YE2,False,ECM Regulators|Matrisome-associated,10090,,,Swiss-Prot,0
A6H789,True,,9913,Extracellular matrix|Extracellular space,,Swiss-Prot,0
A3KNN3,True,,7955,Extracellular matrix|Extracellular space,,Swiss-Prot,0
Q91YE3,False,ECM Regulators|Matrisome-associated,10090,,,Swiss-Prot,0
P70269,False,ECM Regulators|Matrisome-associated,10090,,,Swiss-Prot,0
Q8VCH9,True,,10090,Extracellular matrix|Extracellular space,,Swiss-Prot,0
A6NCL2,True,,9606,Extracellular region,,Swiss-Prot,0
P97435,False,ECM Regulators|Matrisome-associated,10090,,,Swiss-Prot,0
P70378,False,Secreted Factors|Matrisome-associated,10090,,,Swiss-Prot,0
P49416,False,ECM-affiliated Proteins|Matrisome-associated,9031,,,Swiss-Prot,0
A0A0C4DH73,True,,9606,Extracellular region|Extracellular space,Extracellular space/secreted,Swiss-Prot,0
E9Q793,True,,10090,Extracellular region,,Swiss-Prot,0
P26261,False,ECM-affiliated Proteins|Matrisome-associated,9031,,,Swiss-Prot,0
P51901,False,ECM-affiliated Proteins|Matrisome-associated,9031,,,Swiss-Prot,0
Q8C753,True,,10090,Extracellular region,,Swiss-Prot,0
P14448,False,ECM Glycoproteins|Core matrisome,9031,,Extracellular space/secreted,Swiss-Prot,0
Q7M6Z5,True,,10116,Extracellular region,,Swiss-Prot,0
Q9D3P1,False,Secreted Factors|Matrisome-associated,10090,,,Swiss-Prot,0
P01048,True,,10116,Extracellular region,Extracellular space/secreted,Swiss-Prot,0
P08932,True,,10116,Extracellular region,Extracellular space/secreted,Swiss-Prot,0
P63084,False,Secreted Factors|Matrisome-associated,10090,,,Swiss-Prot,0
A0A0C4DH72,True,,9606,Extracellular space,Extracellular space/secreted,Swiss-Prot,0
P62818,False,Secreted Factors|Matrisome-associated,10090,,,Swiss-Prot,0
P60882,False,Secreted Factors|Matrisome-associated,10090,,,Swiss-Prot,0
P0DP09,True,,9606,Extracellular space,Extracellular space/secreted,Swiss-Prot,0
P61329,False,Secreted Factors|Matrisome-associated,10090,,,Swiss-Prot,0
Q80T91,False,Secreted Factors|Matrisome-associated,10090,,,Swiss-Prot,0
Q6DIB5,False,Secreted Factors|Matrisome-associated,10090,,,Swiss-Prot,0
A0A075B6S5,True,,9606,Extracellular space,Extracellular space/secreted,Swiss-Prot,0
Q8VHD8,False,Secreted Factors|Matrisome-associated,10090,,,Swiss-Prot,0
Q9D968,False,Secreted Factors|Matrisome-associated,10090,,,Swiss-Prot,0
A0A075B6S9,True,,9606,Extracellular space,Extracellular space/secreted,Swiss-Prot,0
Q2VIS4,False,Secreted Factors|Matrisome-associated,10090,,,Swiss-Prot,0
P11088,False,Secreted Factors|Matrisome-associated,10090,,,Swiss-Prot,0
P01844,True,,10090,Extracellular region,,Swiss-Prot,0
Q9ESS2,False,Secreted Factors|Matrisome-associated,10090,,Extracellular space/secreted,Swiss-Prot,0
P04119,True,,9823,Extracellular region,Extracellular space/secreted,Swiss-Prot,0
P67976,True,,9940,Extracellular region,Extracellular space/secreted,Swiss-Prot,0
P70377,False,Secreted Factors|Matrisome-associated,10090,,,Swiss-Prot,0
P28673,True,,9031,Extracellular space,Extracellular space/secreted,Swiss-Prot,0
Q9I8P3,True,,7955,Extracellular space,Extracellular space/secreted,Swiss-Prot,0
P55806,True,,9031,Extracellular space,Extracellular space/secreted,Swiss-Prot,0
P22683,True,,44689,Extracellular matrix,,Swiss-Prot,0
Q9N0T1,True,,9913,Extracellular space,Extracellular space/secreted,Swiss-Prot,0
Q3U213,True,,10090,Extracellular matrix,,Swiss-Prot,0
Q2TBM9,True,,9913,Extracellular matrix,,Swiss-Prot,0
O70556,True,,10090,Extracellular region,,Swiss-Prot,0
O70555,True,,10090,Extracellular region,,Swiss-Prot,0
Q920A5,True,,10090,Extracellular region,Extracellular space/secreted,Swiss-Prot,0
Q54K71,True,,44689,Extracellular region,Extracellular space/secreted,Swiss-Prot,0
P16168,True,,44689,Extracellular matrix,,Swiss-Prot,0
P22698,True,,44689,Extracellular matrix,,Swiss-Prot,0
P15521,True,,44689,Extracellular region,Extracellular space/secreted,Swiss-Prot,0
Q54ZD1,True,,44689,Extracellular matrix,,Swiss-Prot,0
P11874,True,,44689,Extracellular matrix,,Swiss-Prot,0
P08723,True,,10116,Extracellular space,,Swiss-Prot,0
Q8VIG3,True,,10090,Extracellular region,,Swiss-Prot,0
Q8N7M5,True,,10116,Extracellular space,,Swiss-Prot,0
P81608,True,,9823,Extracellular space,Extracellular space/secreted,Swiss-Prot,0
A6QQF6,True,,9913,Extracellular region,Extracellular space/secreted,Swiss-Prot,0
Q8CIT9,True,,10090,Extracellular region,Extracellular space/secreted,Swiss-Prot,0
P15501,True,,10090,Extracellular region|Extracellular space,,Swiss-Prot,0
P22457,True,ECM Regulators|Matrisome-associated,9913,Extracellular space,Extracellular space/secreted,Swiss-Prot,0
O08800,True,ECM Regulators|Matrisome-associated,10090,Extracellular space,,Swiss-Prot,0
Q5BIR5,True,ECM Regulators|Matrisome-associated,9913,Extracellular space,,Swiss-Prot,0
Q9D695,True,ECM Regulators|Matrisome-associated,10090,Extracellular space,,Swiss-Prot,0
Q3UPR9,True,ECM Glycoproteins|Core matrisome,10090,Extracellular region,Extracellular matrix|Extracellular space/secreted,Swiss-Prot,0
Q9GLG4,True,,9823,Extracellular space,Extracellular space/secreted,Swiss-Prot,0
C0HM54,True,,7955,Extracellular region,Extracellular space/secreted,Swiss-Prot,0
A0JMK6,True,,7955,Extracellular region,Extracellular space/secreted,Swiss-Prot,0
P20616,True,,9913,Extracellular space,Extracellular space/secreted,Swiss-Prot,0
O55183,True,,10090,Extracellular space,Extracellular space/secreted,Swiss-Prot,0
Q7TQ32,True,,10090,Extracellular space,,Swiss-Prot,0
Q03517,True,,10090,Extracellular space,Extracellular space/secreted,Swiss-Prot,0
P25031,True,,10116,Extracellular space,Extracellular space/secreted,Swiss-Prot,0
A5D7R1,True,,9913,Extracellular matrix|Extracellular space,Extracellular space/secreted,Swiss-Prot,0
P21782,True,Secreted Factors|Matrisome-associated,9913,Extracellular region|Extracellular space,Extracellular space/secreted,Swiss-Prot,0
P32760,True,Secreted Factors|Matrisome-associated,9031,Extracellular region|Extracellular space,Extracellular space/secreted,Swiss-Prot,0
P08938,True,,9031,Extracellular space,Extracellular matrix|Extracellular space/secreted,Swiss-Prot,0
Q8K3Y7,True,,10116,Extracellular space,,Swiss-Prot,0
Q28120,True,,9913,Extracellular region,Extracellular space/secreted,Swiss-Prot,0
Q54B14,True,,44689,Extracellular region,Extracellular space/secreted,Swiss-Prot,0
O54907,True,Secreted Factors|Matrisome-associated,10090,Extracellular region|Extracellular space,Extracellular space/secreted,Swiss-Prot,0
Q9CYK2,True,,10090,Extracellular region,Extracellular space/secreted,Swiss-Prot,0
Q9ESE2,True,,10116,Extracellular space,Extracellular space/secreted,Swiss-Prot,0
P50592,True,Secreted Factors|Matrisome-associated,10090,Extracellular space,Extracellular space/secreted,Swiss-Prot,0
P35231,True,,10116,Extracellular space,Extracellular space/secreted,Swiss-Prot,0
P35230,True,ECM-affiliated Proteins|Matrisome-associated,10090,Extracellular space,Extracellular space/secreted,Swiss-Prot,0
P81546,True,,9615,Extracellular matrix|Extracellular space,Extracellular space/secreted,Swiss-Prot,0
P97574,True,,10116,Extracellular space,Extracellular space/secreted,Swiss-Prot,0
P20414,True,ECM Regulators|Matrisome-associated,9913,Extracellular matrix|Extracellular space,Extracellular space/secreted,Swiss-Prot,0
O09049,True,ECM-affiliated Proteins|Matrisome-associated,10090,Extracellular space,Extracellular space/secreted,Swiss-Prot,0
P27090,True,Secreted Factors|Matrisome-associated,10090,Basement membrane|Extracellular matrix|Extracellular region|Extracellular space,Extracellular matrix|Extracellular space/secreted,Swiss-Prot,0
P42854,True,,10116,Extracellular space,Extracellular space/secreted,Swiss-Prot,0
P30371,True,Secreted Factors|Matrisome-associated,9031,Extracellular matrix|Extracellular region|Extracellular space,Extracellular matrix|Extracellular space/secreted,Swiss-Prot,0
Q9D8G5,True,ECM-affiliated Proteins|Matrisome-associated,10090,Extracellular space,Extracellular space/secreted,Swiss-Prot,0
P21214,True,Secreted Factors|Matrisome-associated,9913,Extracellular matrix|Extracellular region|Extracellular space,Extracellular matrix|Extracellular space/secreted,Swiss-Prot,0
Q68AX7,True,,10116,Extracellular region,Extracellular space/secreted,Swiss-Prot,0
P50414,True,,9940,Extracellular space,Extracellular matrix|Extracellular space/secreted,Swiss-Prot,0
P09531,True,Secreted Factors|Matrisome-associated,9031,Extracellular space,Extracellular matrix|Extracellular space/secreted,Swiss-Prot,0
P54831,True,,9615,Extracellular space,Extracellular matrix|Extracellular space/secreted,Swiss-Prot,0
Q9R0K8,True,,10116,Extracellular space,Extracellular space/secreted,Swiss-Prot,0
O88452,True,,10090,Extracellular region|Extracellular space,Extracellular space/secreted,Swiss-Prot,0
O02739,True,ECM Regulators|Matrisome-associated,9913,Extracellular space,,Swiss-Prot,0
Q5FZP5,True,,9823,Extracellular space,Extracellular space/secreted,Swiss-Prot,0
P09571,True,,9823,Extracellular space,Extracellular space/secreted,Swiss-Prot,0
Q8BH34,True,ECM-affiliated Proteins|Matrisome-associated,10090,Extracellular space,Extracellular space/secreted,Swiss-Prot,0
P54751,True,,10090,Extracellular region,Extracellular space/secreted,Swiss-Prot,0
Q11200,True,,9031,Extracellular region,Extracellular space/secreted,Swiss-Prot,0
Q920H1,True,,10090,Extracellular region|Extracellular space,Extracellular space/secreted,Swiss-Prot,0
Q8CD91,True,ECM Glycoproteins|Core matrisome,10090,Basement membrane|Extracellular matrix|Extracellular space,Basement membrane|Extracellular matrix|Extracellular space/secreted,Swiss-Prot,0
Q920D7,True,,10090,Extracellular space,Extracellular space/secreted,Swiss-Prot,0
Q6UGQ3,True,,10090,Extracellular space,Extracellular space/secreted,Swiss-Prot,0
P02780,True,,10116,Extracellular space,Extracellular space/secreted,Swiss-Prot,0
Q9JHB9,True,,10116,Extracellular space,Extracellular space/secreted,Swiss-Prot,0
Q70E20,True,ECM Glycoproteins|Core matrisome,10090,Extracellular matrix|Extracellular region,Extracellular matrix|Extracellular space/secreted,Swiss-Prot,0
Q5ZQU0,True,,10116,Extracellular matrix|Extracellular region,Extracellular matrix|Extracellular space/secreted,Swiss-Prot,0
Q4LFA9,True,ECM-affiliated Proteins|Matrisome-associated,10090,Extracellular region,Extracellular space/secreted,Swiss-Prot,0
P16225,True,,9823,Extracellular space,,Swiss-Prot,0
O42237,True,ECM-affiliated Proteins|Matrisome-associated,9031,Extracellular space,Extracellular space/secreted,Swiss-Prot,0
Q9W6G6,True,,7955,Extracellular space,Extracellular space/secreted,Swiss-Prot,0
Q02745,True,,9823,Extracellular region,Extracellular space/secreted,Swiss-Prot,0
Q90663,True,ECM-affiliated Proteins|Matrisome-associated,9031,Extracellular space,Extracellular space/secreted,Swiss-Prot,0
P09005,True,,10116,Extracellular space,,Swiss-Prot,0
Q62181,True,ECM-affiliated Proteins|Matrisome-associated,10090,Extracellular space,Extracellular space/secreted,Swiss-Prot,0
Q86KU2,True,,44689,Extracellular matrix,,Swiss-Prot,0
Q66PY1,True,Secreted Factors|Matrisome-associated,10090,Extracellular space,Extracellular space/secreted,Swiss-Prot,0
M0R7X9,True,,10116,Extracellular space,Extracellular space/secreted,Swiss-Prot,0
Q9JJS0,True,Secreted Factors|Matrisome-associated,10090,Extracellular space,Extracellular space/secreted,Swiss-Prot,0
P10960,True,,10116,Extracellular region|Extracellular space,Extracellular space/secreted,Swiss-Prot,0
P81405,True,,9823,Extracellular region,,Swiss-Prot,0
Q9D9X8,True,,10090,Extracellular region,Extracellular space/secreted,Swiss-Prot,0
B6VH75,True,,9615,Extracellular region,Extracellular space/secreted,Swiss-Prot,0
A6QQ77,True,,9913,Extracellular region,Extracellular space/secreted,Swiss-Prot,0
Q7M747,True,,10090,Extracellular space,Extracellular space/secreted,Swiss-Prot,0
Q8BLY1,True,ECM Glycoproteins|Core matrisome,10090,Basement membrane|Extracellular space,Basement membrane|Extracellular matrix|Extracellular space/secreted,Swiss-Prot,0
Q11204,True,,10090,Extracellular region,Extracellular space/secreted,Swiss-Prot,0
P10362,True,,10116,Extracellular space,Extracellular space/secreted,Swiss-Prot,0
P25236,True,,10116,Extracellular region|Extracellular space,Extracellular space/secreted,Swiss-Prot,0
P70564,True,,10116,Extracellular space,Extracellular space/secreted,Swiss-Prot,0
P70124,True,ECM Regulators|Matrisome-associated,10090,Extracellular space,Extracellular space/secreted,Swiss-Prot,0
P29392,True,,9913,Extracellular region,Extracellular space/secreted,Swiss-Prot,0
Q9D2S4,True,,10090,Extracellular region,Extracellular space/secreted,Swiss-Prot,0
A6QLI2,True,,9913,Extracellular region,Extracellular space/secreted,Swiss-Prot,0
A3KQQ9,True,,7955,Extracellular region,Extracellular space/secreted,Swiss-Prot,0
Q9D7D2,True,ECM Regulators|Matrisome-associated,10090,Extracellular space,Extracellular space/secreted,Swiss-Prot,0
P47867,True,,10090,Extracellular region,Extracellular space/secreted,Swiss-Prot,0
P47868,True,,10116,Extracellular region,Extracellular space/secreted,Swiss-Prot,0
P09006,True,,10116,Extracellular region|Extracellular space,Extracellular space/secreted,Swiss-Prot,0
P49907,True,,9913,Extracellular region,Extracellular space/secreted,Swiss-Prot,0
Q63556,True,,10116,Extracellular space,Extracellular space/secreted,Swiss-Prot,0
P70274,True,,10090,Extracellular region|Extracellular space,Extracellular space/secreted,Swiss-Prot,0
A5D7B7,True,,9913,Extracellular space,Extracellular space/secreted,Swiss-Prot,0
Q28623,True,,9986,Extracellular space,,Swiss-Prot,0
Q03734,True,ECM Regulators|Matrisome-associated,10090,Extracellular space,Extracellular space/secreted,Swiss-Prot,0
P97321,True,,10090,Extracellular space,Extracellular space/secreted,Swiss-Prot,0
P05544,True,,10116,Extracellular space,Extracellular space/secreted,Swiss-Prot,0
Q28862,True,ECM Glycoproteins|Core matrisome,9913,Extracellular space,Extracellular space/secreted,Swiss-Prot,0
P79780,True,ECM Glycoproteins|Core matrisome,9031,Extracellular region,Extracellular space/secreted,Swiss-Prot,0
P04178,True,,9823,Extracellular space,,Swiss-Prot,0
O46688,True,,9940,Extracellular space,Extracellular space/secreted,Swiss-Prot,0
P60042,True,,10116,Extracellular space,Extracellular space/secreted,Swiss-Prot,0
P01168,True,,9823,Extracellular space,Extracellular space/secreted,Swiss-Prot,0
P60041,True,,10090,Extracellular region|Extracellular space,Extracellular space/secreted,Swiss-Prot,0
P31936,True,,9823,Extracellular region,Extracellular space/secreted,Swiss-Prot,0
P33094,True,,9031,Extracellular space,Extracellular space/secreted,Swiss-Prot,0
Q11205,True,,10116,Extracellular region,Extracellular space/secreted,Swiss-Prot,0
P13085,True,,10116,Extracellular region,Extracellular space/secreted,Swiss-Prot,0
Q9GLC7,True,,9986,Extracellular region,Extracellular space/secreted,Swiss-Prot,0
Q8R4G0,False,ECM Glycoproteins|Core matrisome,10090,,,Swiss-Prot,0
P28713,True,,9986,Extracellular region,Extracellular space/secreted,Swiss-Prot,0
O35417,True,,10090,Extracellular region,Extracellular space/secreted,Swiss-Prot,0
P01214,True,,9823,Extracellular region,Extracellular space/secreted,Swiss-Prot,0
P06300,True,,10116,Extracellular region,Extracellular space/secreted,Swiss-Prot,0
Q1ZXI3,True,,44689,Extracellular region,Extracellular space/secreted,Swiss-Prot,0
P55456,True,,394,Extracellular region,Extracellular space/secreted,Swiss-Prot,0
P22985,True,,10116,Extracellular space,Extracellular space/secreted,Swiss-Prot,0
Q00519,True,,10090,Extracellular space,Extracellular space/secreted,Swiss-Prot,0
P47990,True,,9031,Extracellular space,,Swiss-Prot,0
P80457,True,,9913,Extracellular space,Extracellular space/secreted,Swiss-Prot,0
Q9QXQ5,True,,10116,Extracellular matrix|Extracellular space,Extracellular matrix|Extracellular space/secreted,Swiss-Prot,0
P28712,True,,9986,Extracellular region,Extracellular space/secreted,Swiss-Prot,0
P27821,True,,9986,Extracellular region,Extracellular space/secreted,Swiss-Prot,0
P27822,True,,9986,Extracellular region,Extracellular space/secreted,Swiss-Prot,0
P49337,True,Secreted Factors|Matrisome-associated,9031,Extracellular space,Extracellular matrix|Extracellular space/secreted,Swiss-Prot,0
Q6UXV3,True,,9606,Extracellular region,Extracellular space/secreted,Swiss-Prot,0
P47793,True,,7955,Extracellular space,Extracellular matrix|Extracellular space/secreted,Swiss-Prot,0
P32195,True,,9823,Extracellular space,Extracellular space/secreted,Swiss-Prot,0
Q28062,True,Proteoglycans|Core matrisome,9913,Extracellular space,Extracellular matrix|Extracellular space/secreted,Swiss-Prot,0
Q8BTE6,True,,10090,Extracellular space,Extracellular space/secreted,Swiss-Prot,0
P14730,True,,10116,Extracellular space,Extracellular space/secreted,Swiss-Prot,0
P62810,True,,10090,Extracellular space,Extracellular space/secreted,Swiss-Prot,0
P62811,True,,9913,Extracellular space,Extracellular space/secreted,Swiss-Prot,0
Q5DQQ6,True,,10090,Extracellular space,Extracellular space/secreted,Swiss-Prot,0
Q6IE40,True,,10116,Extracellular space,Extracellular space/secreted,Swiss-Prot,0
Q9JHY3,True,,10090,Extracellular space,Extracellular space/secreted,Swiss-Prot,0
P01174,True,,10116,Extracellular space,Extracellular space/secreted,Swiss-Prot,0
P09412,True,,9986,Extracellular region,Extracellular space/secreted,Swiss-Prot,0
O46655,True,,9823,Extracellular space,Extracellular space/secreted,Swiss-Prot,0
Q54G41,True,,44689,Extracellular region,Extracellular space/secreted,Swiss-Prot,0
Q7Z5L3,False,ECM-affiliated Proteins|Matrisome-associated,9606,,Extracellular space/secreted,Swiss-Prot,0
P01173,True,,10090,Extracellular region|Extracellular space,Extracellular space/secreted,Swiss-Prot,0
P01013,True,,9031,Extracellular space,,Swiss-Prot,0
P55807,True,,9031,Extracellular space,Extracellular space/secreted,Swiss-Prot,0
Q08DT3,True,Secreted Factors|Matrisome-associated,9913,Extracellular space,Extracellular space/secreted,Swiss-Prot,0
P25433,True,Secreted Factors|Matrisome-associated,9031,Extracellular space,Extracellular space/secreted,Swiss-Prot,0
Q922T2,False,ECM Glycoproteins|Core matrisome,10090,,,Swiss-Prot,0
C0HKD9,False,ECM Glycoproteins|Core matrisome,10090,,,Swiss-Prot,0
C0HKD8,False,ECM Glycoproteins|Core matrisome,10090,,,Swiss-Prot,0
Q9D2H8,False,ECM Glycoproteins|Core matrisome,10090,,,Swiss-Prot,0
Q8C088,False,ECM Glycoproteins|Core matrisome,10090,,,Swiss-Prot,0
Q91XD7,False,ECM Glycoproteins|Core matrisome,10090,,,Swiss-Prot,0
P31098,True,,9913,Extracellular space,Extracellular space/secreted,Swiss-Prot,0
A5PN28,True,,7955,Extracellular space,Extracellular matrix|Extracellular space/secreted,Swiss-Prot,0
Q7RTW8,True,,9606,Extracellular region,Extracellular matrix|Extracellular space/secreted,Swiss-Prot,0
P0C7T4,False,ECM Regulators|Matrisome-associated,9606,,,Swiss-Prot,0
Q28057,True,,9913,Extracellular region,Extracellular space/secreted,Swiss-Prot,0
P0C7M8,False,ECM-affiliated Proteins|Matrisome-associated,9606,,,Swiss-Prot,0
Q2M2W7,False,ECM Regulators|Matrisome-associated,9606,,,Swiss-Prot,0
Q29079,True,,9823,Extracellular region,Extracellular space/secreted,Swiss-Prot,0
P83495,True,,9940,Extracellular region,Extracellular space/secreted,Swiss-Prot,0
P83202,True,,9940,Extracellular region,Extracellular space/secreted,Swiss-Prot,0
P83203,True,,9940,Extracellular region,Extracellular space/secreted,Swiss-Prot,0
P83444,True,,9940,Extracellular region,Extracellular space/secreted,Swiss-Prot,0
P83493,True,,9940,Extracellular region,Extracellular space/secreted,Swiss-Prot,0
E2RYF6,False,ECM-affiliated Proteins|Matrisome-associated,9606,,,Swiss-Prot,0
Q5SSG8,False,ECM-affiliated Proteins|Matrisome-associated,9606,,,Swiss-Prot,0
Q61398,True,ECM Glycoproteins|Core matrisome,10090,Extracellular space,Extracellular space/secreted,Swiss-Prot,0
O08628,True,,10116,Extracellular region,Extracellular space/secreted,Swiss-Prot,0
Q8JG64,True,,9031,Extracellular space,,Swiss-Prot,0
A8MUM7,False,ECM-affiliated Proteins|Matrisome-associated,9606,,,Swiss-Prot,0
Q5E9H0,True,,9913,Extracellular space,Extracellular space/secreted,Swiss-Prot,0
Q3U515,True,ECM Glycoproteins|Core matrisome,10090,Extracellular region,Extracellular space/secreted,Swiss-Prot,0
P22858,True,,10090,Extracellular space,Extracellular space/secreted,Swiss-Prot,0
P31394,True,,10116,Extracellular space,Extracellular space/secreted,Swiss-Prot,0
Q8C1W1,True,,10090,Extracellular space,Extracellular space/secreted,Swiss-Prot,0
P14676,True,Secreted Factors|Matrisome-associated,9031,Extracellular space,Extracellular space/secreted,Swiss-Prot,0
Q2QI47,True,,10090,Basement membrane|Extracellular region,Extracellular space/secreted,Swiss-Prot,0
Q924A4,True,,10090,Extracellular space,Extracellular space/secreted,Swiss-Prot,0
Q1RMJ9,True,,9913,Extracellular space,Extracellular space/secreted,Swiss-Prot,0
P00745,True,,9913,Extracellular space,Extracellular space/secreted,Swiss-Prot,0
Q28278,True,,9615,Extracellular space,Extracellular space/secreted,Swiss-Prot,0
Q91WW1,True,,10116,Extracellular space,Extracellular space/secreted,Swiss-Prot,0
Q99ML8,True,,10090,Extracellular space,Extracellular space/secreted,Swiss-Prot,0
P33587,True,,10090,Extracellular space,Extracellular space/secreted,Swiss-Prot,0
Q9GLP2,True,,9823,Extracellular space,Extracellular space/secreted,Swiss-Prot,0
P81615,True,,10090,Extracellular region,Extracellular space/secreted,Swiss-Prot,0
Q28661,True,,9986,Extracellular region,Extracellular space/secreted,Swiss-Prot,0
P07224,True,,9913,Extracellular space,Extracellular space/secreted,Swiss-Prot,0
P19103,True,,10116,Extracellular space,,Swiss-Prot,0
B9TQX4,True,,10116,Extracellular matrix|Extracellular space,Extracellular matrix|Extracellular space/secreted,Swiss-Prot,0
Q80ZC9,True,,10090,Extracellular region,Extracellular space/secreted,Swiss-Prot,0
Q14BU0,True,,10090,Extracellular matrix|Extracellular region,Extracellular matrix|Extracellular space/secreted,Swiss-Prot,0
Q8WVF2,True,,9606,Extracellular matrix|Extracellular region,Extracellular matrix|Extracellular space/secreted,Swiss-Prot,0
J3S6Y1,True,ECM Glycoproteins|Core matrisome,10090,Extracellular region,Extracellular space/secreted,Swiss-Prot,0
Q55G04,True,,44689,Extracellular matrix,,Swiss-Prot,0
Q9R0R1,True,,10090,Extracellular space,,Swiss-Prot,0
P14632,True,,9823,Extracellular space,Extracellular space/secreted,Swiss-Prot,0
P08071,True,,10090,Extracellular space,Extracellular space/secreted,Swiss-Prot,0
P58073,True,,9913,Extracellular region,Extracellular space/secreted,Swiss-Prot,0
P52211,True,,9615,Extracellular region,Extracellular space/secreted,Swiss-Prot,0
P17251,True,,9031,Extracellular region,Extracellular space/secreted,Swiss-Prot,0
P19134,True,,9986,Extracellular space,Extracellular space/secreted,Swiss-Prot,0
Q8C5G2,True,,10090,Extracellular region,Extracellular space/secreted,Swiss-Prot,0
Q9ERT9,True,,10090,Extracellular space,,Swiss-Prot,0
Q6NYZ4,True,,7955,Extracellular space,Extracellular space/secreted,Swiss-Prot,0
Q63751,True,,10116,Extracellular region,Extracellular space/secreted,Swiss-Prot,0
Q8C8N3,True,Secreted Factors|Matrisome-associated,10090,Basement membrane|Extracellular matrix|Extracellular space,Basement membrane|Extracellular matrix|Extracellular space/secreted,Swiss-Prot,0
Q505H4,True,Secreted Factors|Matrisome-associated,10090,Extracellular space,Extracellular space/secreted,Swiss-Prot,0
B0UZC8,True,,7955,Extracellular space,Extracellular space/secreted,Swiss-Prot,0
Q6MG64,True,,10116,Extracellular region,Extracellular space/secreted,Swiss-Prot,0
Q8VI78,True,,10090,Extracellular space,Extracellular space/secreted,Swiss-Prot,0
P97535,True,,10116,Extracellular space,Extracellular space/secreted,Swiss-Prot,0
Q9JHA8,True,ECM Glycoproteins|Core matrisome,10090,Extracellular region,Extracellular space/secreted,Swiss-Prot,0
Q9GL30,True,,9913,Extracellular region,,Swiss-Prot,0
Q0V8J4,True,ECM Glycoproteins|Core matrisome,9913,Extracellular region,Extracellular space/secreted,Swiss-Prot,0
P13372,True,,10090,Extracellular space,,Swiss-Prot,0
Q8VCI0,True,,10090,Extracellular region|Extracellular space,,Swiss-Prot,0
Q2KIY5,True,,9913,Extracellular region,,Swiss-Prot,0
P13373,True,,10090,Extracellular space,,Swiss-Prot,0
Q80XI7,True,,10090,Extracellular region,Extracellular space/secreted,Swiss-Prot,0
P15691,True,Secreted Factors|Matrisome-associated,9913,Extracellular space,Extracellular space/secreted,Swiss-Prot,0
Q550U9,True,,44689,Extracellular region,Extracellular space/secreted,Swiss-Prot,0
Q55BJ6,True,,44689,Extracellular region,Extracellular space/secreted,Swiss-Prot,0
Q54M94,True,,44689,Extracellular region,Extracellular space/secreted,Swiss-Prot,0
Q54PS7,True,,44689,Extracellular region,Extracellular space/secreted,Swiss-Prot,0
Q6UQ28,True,,9606,Extracellular region,,Swiss-Prot,0
Q8QHL3,True,,9031,Extracellular region,Extracellular space/secreted,Swiss-Prot,0
P49931,True,,9823,Extracellular space,Extracellular space/secreted,Swiss-Prot,0
O73682,True,,7955,Extracellular region|Extracellular space,Extracellular space/secreted,Swiss-Prot,0
P49932,True,,9823,Extracellular space,Extracellular space/secreted,Swiss-Prot,0
P16612,True,,10116,Basement membrane|Extracellular region|Extracellular space,Extracellular space/secreted,Swiss-Prot,0
P49151,True,,9823,Extracellular space,Extracellular space/secreted,Swiss-Prot,0
P62935,True,,9913,Extracellular region,Extracellular space/secreted,Swiss-Prot,0
P67964,True,Secreted Factors|Matrisome-associated,9031,Extracellular space,,Swiss-Prot,0
Q32L50,True,ECM Glycoproteins|Core matrisome,9913,Extracellular region,Extracellular matrix|Extracellular space/secreted,Swiss-Prot,0
Q80Y72,True,ECM Regulators|Matrisome-associated,10090,Extracellular region,Extracellular space/secreted,Swiss-Prot,0
P56469,True,,10090,Extracellular space,Extracellular space/secreted,Swiss-Prot,0
P97290,True,ECM Regulators|Matrisome-associated,10090,Extracellular space,Extracellular space/secreted,Swiss-Prot,0
O73797,True,,7955,Extracellular space,Extracellular space/secreted,Swiss-Prot,0
P25085,True,Secreted Factors|Matrisome-associated,10090,Extracellular region|Extracellular space,Extracellular space/secreted,Swiss-Prot,0
Q9BEH0,True,,9615,Extracellular space,Extracellular space/secreted,Swiss-Prot,0
O77482,True,Secreted Factors|Matrisome-associated,9913,Extracellular space,Extracellular space/secreted,Swiss-Prot,0
F1NSM7,True,,9031,Extracellular matrix|Extracellular region|Extracellular space,Extracellular matrix|Extracellular space/secreted,Swiss-Prot,0
Q9PRS8,True,,9031,Extracellular matrix|Extracellular region|Extracellular space,Extracellular matrix|Extracellular space/secreted,Swiss-Prot,0
P43303,True,,10116,Extracellular region,Extracellular space/secreted,Swiss-Prot,0
P27931,True,,10090,Extracellular region,Extracellular space/secreted,Swiss-Prot,0
Q02955,True,,10116,Extracellular space,Extracellular space/secreted,Swiss-Prot,0
P05011,True,,10116,Extracellular space,Extracellular space/secreted,Swiss-Prot,0
P51879,True,,10090,Extracellular space,,Swiss-Prot,0
P0CF74,True,,9606,Extracellular region|Extracellular space,Extracellular space/secreted,Swiss-Prot,0
P02631,True,,10116,Extracellular space,,Swiss-Prot,0
P0DOY2,True,,9606,Extracellular region|Extracellular space,Extracellular space/secreted,Swiss-Prot,0
A0A2R8Y4Y8,True,,9606,Extracellular region,Extracellular space/secreted,Swiss-Prot,0
P02820,True,ECM Glycoproteins|Core matrisome,9913,Extracellular region,Extracellular space/secreted,Swiss-Prot,0
P0DOX7,True,,9606,Extracellular region,Extracellular space/secreted,Swiss-Prot,0
P81455,True,,9615,Extracellular region,Extracellular space/secreted,Swiss-Prot,0
P02822,True,ECM Glycoproteins|Core matrisome,9031,Extracellular region,Extracellular space/secreted,Swiss-Prot,0
P01592,True,,10090,Extracellular space,Extracellular space/secreted,Swiss-Prot,0
P0C7I2,True,,9913,Extracellular region,Extracellular space/secreted,Swiss-Prot,0
P49708,True,Secreted Factors|Matrisome-associated,9031,Extracellular space,Extracellular space/secreted,Swiss-Prot,0
P42161,True,,9615,Extracellular space,Extracellular space/secreted,Swiss-Prot,0
P83238,True,,7955,Extracellular matrix|Extracellular region,Extracellular space/secreted,Swiss-Prot,0
P01014,True,,9031,Extracellular region|Extracellular space,Extracellular space/secreted,Swiss-Prot,0
P01012,True,,9031,Extracellular region|Extracellular space,Extracellular space/secreted,Swiss-Prot,0
P07353,True,Secreted Factors|Matrisome-associated,9913,Extracellular space,Extracellular space/secreted,Swiss-Prot,0
Q6P734,True,,10116,Extracellular space,Extracellular space/secreted,Swiss-Prot,0
Q7RTZ1,True,,9606,Extracellular region,Extracellular space/secreted,Swiss-Prot,0
Q29056,True,,9823,Extracellular space,Extracellular space/secreted,Swiss-Prot,0
P34131,True,,10116,Extracellular region|Extracellular space,Extracellular space/secreted,Swiss-Prot,0
Q80VU4,True,,10090,Extracellular region|Extracellular space,Extracellular space/secreted,Swiss-Prot,0
Q29052,True,,9823,Extracellular region,Extracellular space/secreted,Swiss-Prot,0
P28666,True,ECM Regulators|Matrisome-associated,10090,Extracellular space,Extracellular space/secreted,Swiss-Prot,0
Q6IE52,True,,10116,Extracellular space,Extracellular space/secreted,Swiss-Prot,0
Q5EA61,True,,9913,Extracellular space,,Swiss-Prot,0
Q3U492,True,ECM Glycoproteins|Core matrisome,10090,Extracellular region|Extracellular space,Extracellular space/secreted,Swiss-Prot,0
P28840,True,,10116,Extracellular space,,Swiss-Prot,0
Q9GLR0,True,,9913,Extracellular space,Extracellular space/secreted,Swiss-Prot,0
Q9D2H2,True,,10090,Extracellular region,,Swiss-Prot,0
P56652,True,ECM Regulators|Matrisome-associated,9913,Extracellular region,Extracellular space/secreted,Swiss-Prot,0
O08692,True,,10090,Extracellular space,Extracellular space/secreted,Swiss-Prot,0
O02668,True,,9823,Extracellular region,Extracellular space/secreted,Swiss-Prot,0
Q2HJC0,True,,9913,Extracellular region,Extracellular space/secreted,Swiss-Prot,0
Q99KS2,True,,10090,Extracellular region,Extracellular space/secreted,Swiss-Prot,0
P56651,True,ECM Regulators|Matrisome-associated,9913,Extracellular region,Extracellular space/secreted,Swiss-Prot,0
B5DFC9,True,,10116,Basement membrane|Extracellular matrix|Extracellular space,Basement membrane|Extracellular matrix|Extracellular space/secreted,Swiss-Prot,0
P26890,True,,9986,Extracellular space,Extracellular space/secreted,Swiss-Prot,0
Q29075,True,,9823,Extracellular region,Extracellular space/secreted,Swiss-Prot,0
A6QLE5,True,,9913,Extracellular region,Extracellular space/secreted,Swiss-Prot,0
Q0VCM5,True,ECM Regulators|Matrisome-associated,9913,Extracellular region,Extracellular space/secreted,Swiss-Prot,0
P80229,True,,9823,Extracellular space,Extracellular space/secreted,Swiss-Prot,0
Q1JPB0,True,ECM Regulators|Matrisome-associated,9913,Extracellular space,Extracellular space/secreted,Swiss-Prot,0
Q5SV42,True,ECM Regulators|Matrisome-associated,10090,Extracellular region|Extracellular space,,Swiss-Prot,0
Q8VHP7,True,ECM Regulators|Matrisome-associated,10090,Extracellular region|Extracellular space,,Swiss-Prot,0
Q4G075,True,,10116,Extracellular region|Extracellular space,Extracellular space/secreted,Swiss-Prot,0
Q9JKV9,True,Secreted Factors|Matrisome-associated,10090,Extracellular space,Extracellular space/secreted,Swiss-Prot,0
O35049,True,,10116,Extracellular region,,Swiss-Prot,0
F1QG30,True,,7955,Extracellular region,,Swiss-Prot,0
P25086,True,,10116,Extracellular region|Extracellular space,Extracellular space/secreted,Swiss-Prot,0
D6MZJ6,True,,10090,Extracellular region,,Swiss-Prot,0
Q9TRG2,True,,9986,Extracellular region,Extracellular space/secreted,Swiss-Prot,0
Q9QYY1,True,,10090,Extracellular space,Extracellular space/secreted,Swiss-Prot,0
A0A0C5B5G6,True,,9606,Extracellular space,Extracellular space/secreted,Swiss-Prot,0
Q812F3,True,ECM Regulators|Matrisome-associated,10090,Extracellular region,Extracellular space/secreted,Swiss-Prot,0
Q86AV9,True,,44689,Extracellular matrix|Extracellular space,Extracellular space/secreted,Swiss-Prot,0
B1B212,True,,10090,Extracellular space,,Swiss-Prot,0
P54671,True,,44689,Extracellular matrix,,Swiss-Prot,0
Q08392,True,,9031,Extracellular space,,Swiss-Prot,0
P08568,True,,10116,Extracellular region,Extracellular space/secreted,Swiss-Prot,0
Q9EPI2,True,,10116,Extracellular space,Extracellular space/secreted,Swiss-Prot,0
Q9JJT2,True,,10090,Extracellular space,Extracellular space/secreted,Swiss-Prot,0
Q54F49,True,,44689,Extracellular region,Extracellular space/secreted,Swiss-Prot,0
Q54FG2,True,,44689,Extracellular region,Extracellular space/secreted,Swiss-Prot,0
Q54YY8,True,,44689,Extracellular region,Extracellular space/secreted,Swiss-Prot,0
Q09324,True,,10090,Extracellular space,,Swiss-Prot,0
O02686,True,,9940,Extracellular space,Extracellular space/secreted,Swiss-Prot,0
P04563,True,,10116,Extracellular space,Extracellular space/secreted,Swiss-Prot,0
P01351,True,,9823,Extracellular space,Extracellular space/secreted,Swiss-Prot,0
P48757,True,,10090,Extracellular space,Extracellular space/secreted,Swiss-Prot,0
Q62086,True,,10090,Extracellular region,,Swiss-Prot,0
Q28749,True,,9986,Extracellular region,Extracellular matrix|Extracellular space/secreted,Swiss-Prot,0
P11722,True,ECM Glycoproteins|Core matrisome,9031,Basement membrane|Extracellular matrix|Extracellular space,Extracellular matrix|Extracellular space/secreted,Swiss-Prot,0
Q28275,True,,9615,Extracellular region,Extracellular matrix|Extracellular space/secreted,Swiss-Prot,0
Q62087,True,,10090,Extracellular space,Extracellular space/secreted,Swiss-Prot,0
Q1HCM0,True,Secreted Factors|Matrisome-associated,10090,Extracellular region,Extracellular space/secreted,Swiss-Prot,0
Q9BGN0,True,,9986,Extracellular region,Extracellular space/secreted,Swiss-Prot,0
Q9QY10,True,,10116,Extracellular region,Extracellular space/secreted,Swiss-Prot,0
O70514,True,Secreted Factors|Matrisome-associated,10090,Extracellular region,Extracellular space/secreted,Swiss-Prot,0
Q9MZ06,True,Secreted Factors|Matrisome-associated,9913,Extracellular region,Extracellular space/secreted,Swiss-Prot,0
Q9QXC1,True,,10090,Extracellular region|Extracellular space,Extracellular space/secreted,Swiss-Prot,0
Q6XPU4,True,,10116,Extracellular space,,Swiss-Prot,0
A0A0B4J1G0,True,,10090,Extracellular space,,Swiss-Prot,0
Q9GLP1,True,,9823,Extracellular region,Extracellular space/secreted,Swiss-Prot,0
B1B213,True,,10090,Extracellular space,,Swiss-Prot,0
Q1LW01,True,,7955,Extracellular region,Extracellular space/secreted,Swiss-Prot,0
O35453,True,,10090,Extracellular region,Extracellular space/secreted,Swiss-Prot,0
Q61646,True,,10090,Extracellular space,Extracellular space/secreted,Swiss-Prot,0
Q7M761,True,,10090,Extracellular region,Extracellular space/secreted,Swiss-Prot,0
Q28042,True,ECM-affiliated Proteins|Matrisome-associated,9913,Extracellular region,,Swiss-Prot,0
Q76HM9,True,,10116,Extracellular region,Extracellular space/secreted,Swiss-Prot,0
P0DP08,True,,9606,Extracellular region,Extracellular space/secreted,Swiss-Prot,0
F1N152,True,ECM Regulators|Matrisome-associated,9913,Extracellular region,Extracellular space/secreted,Swiss-Prot,0
O09046,True,,10090,Extracellular region,Extracellular space/secreted,Swiss-Prot,0
Q8C165,True,,10090,Extracellular space,Extracellular space/secreted,Swiss-Prot,0
P83500,True,,9940,Extracellular region,Extracellular space/secreted,Swiss-Prot,0
P36415,True,,44689,Extracellular matrix,,Swiss-Prot,0
P0DMW1,True,,10116,Extracellular space,,Swiss-Prot,0
P19007,True,,9986,Extracellular region,Extracellular space/secreted,Swiss-Prot,0
P83499,True,,9940,Extracellular region,Extracellular space/secreted,Swiss-Prot,0
P83494,True,,9940,Extracellular region,Extracellular space/secreted,Swiss-Prot,0
Q6V9H4,True,,9986,Extracellular region,Extracellular space/secreted,Swiss-Prot,0
Q61282,True,Proteoglycans|Core matrisome,10090,Basement membrane|Extracellular matrix|Extracellular space,Extracellular matrix|Extracellular space/secreted,Swiss-Prot,0
Q9EQT1,True,,10116,Extracellular space,Extracellular space/secreted,Swiss-Prot,0
Q9GMY6,True,,9615,Extracellular region,Extracellular space/secreted,Swiss-Prot,0
P00791,True,,9823,Extracellular region,Extracellular space/secreted,Swiss-Prot,0
P19006,True,,9615,Extracellular space,Extracellular space/secreted,Swiss-Prot,0
Q8SQ41,True,,9615,Extracellular region,Extracellular space/secreted,Swiss-Prot,0
Q2TBU0,True,,9913,Extracellular space,Extracellular space/secreted,Swiss-Prot,0
P51524,True,,9823,Extracellular space,Extracellular space/secreted,Swiss-Prot,0
P51525,True,,9823,Extracellular space,Extracellular space/secreted,Swiss-Prot,0
Q9YH06,True,,9031,Extracellular region,Extracellular space/secreted,Swiss-Prot,0
Q6YKA4,True,,9615,Extracellular region,Extracellular space/secreted,Swiss-Prot,0
Q28343,True,,9615,Extracellular space,Extracellular matrix|Extracellular space/secreted,Swiss-Prot,0
P07898,True,Proteoglycans|Core matrisome,9031,Extracellular space,Extracellular matrix|Extracellular space/secreted,Swiss-Prot,0
P10103,True,,9913,Extracellular space,Extracellular space/secreted,Swiss-Prot,0
P05124,True,,9615,Extracellular space,,Swiss-Prot,0
O18845,True,,9940,Extracellular region,Extracellular space/secreted,Swiss-Prot,0
P97682,True,,10116,Extracellular region,Extracellular space/secreted,Swiss-Prot,0
A0A075B6J6,True,,9606,Extracellular space,Extracellular space/secreted,Swiss-Prot,0
Q62609,True,,10116,Extracellular space,Extracellular space/secreted,Swiss-Prot,0
Q3ZCL3,True,,9913,Extracellular space,Extracellular space/secreted,Swiss-Prot,0
Q28019,True,ECM Glycoproteins|Core matrisome,9913,Extracellular region,Extracellular matrix|Extracellular space/secreted,Swiss-Prot,0
P25427,True,,10116,Extracellular region|Extracellular space,Extracellular space/secreted,Swiss-Prot,0
Q29074,True,,9823,Extracellular space,Extracellular space/secreted,Swiss-Prot,0
P01181,True,,9940,Extracellular region,Extracellular space/secreted,Swiss-Prot,0
O35806,True,,10116,Extracellular region,Extracellular matrix|Extracellular space/secreted,Swiss-Prot,0
P01186,True,,10116,Extracellular region|Extracellular space,Extracellular space/secreted,Swiss-Prot,0
P01183,True,,9823,Extracellular space,Extracellular space/secreted,Swiss-Prot,0
Q8BUE7,True,ECM-affiliated Proteins|Matrisome-associated,10090,Extracellular region,Extracellular space/secreted,Swiss-Prot,0
Q6PZE0,True,ECM-affiliated Proteins|Matrisome-associated,10090,Extracellular region,Extracellular space/secreted,Swiss-Prot,0
Q7Z5P9,True,ECM-affiliated Proteins|Matrisome-associated,9606,Extracellular region,Extracellular space/secreted,Swiss-Prot,0
P98091,True,ECM-affiliated Proteins|Matrisome-associated,9913,Extracellular region,Extracellular space/secreted,Swiss-Prot,0
Q9EPF2,True,,10116,Extracellular space,,Swiss-Prot,0
Q8R2Y2,True,,10090,Extracellular space,,Swiss-Prot,0
P97580,True,,10116,Extracellular region,Extracellular space/secreted,Swiss-Prot,0
A0A075B6J2,True,,9606,Extracellular space,Extracellular space/secreted,Swiss-Prot,0
O02826,True,,9823,Extracellular region,Extracellular space/secreted,Swiss-Prot,0
P01728,True,,10090,Extracellular space,,Swiss-Prot,0
O08540,True,,10090,Extracellular region,Extracellular space/secreted,Swiss-Prot,0
P28863,True,,9986,Extracellular matrix|Extracellular region,Extracellular matrix|Extracellular space/secreted,Swiss-Prot,0
P01729,True,,10090,Extracellular space,,Swiss-Prot,0
P01715,True,,9606,Extracellular region|Extracellular space,Extracellular space/secreted,Swiss-Prot,0
A0A075B6K4,True,,9606,Extracellular space,Extracellular space/secreted,Swiss-Prot,0
P28862,True,ECM Regulators|Matrisome-associated,10090,Extracellular matrix|Extracellular region|Extracellular space,Extracellular matrix|Extracellular space/secreted,Swiss-Prot,0
A0A075B6K2,True,,9606,Extracellular space,Extracellular space/secreted,Swiss-Prot,0
A0A075B6K0,True,,9606,Extracellular space,Extracellular space/secreted,Swiss-Prot,0
Q6Y4Q5,True,,9615,Extracellular matrix|Extracellular space,Extracellular matrix|Extracellular space/secreted,Swiss-Prot,0
P33436,True,,10116,Extracellular matrix|Extracellular space,Extracellular matrix|Extracellular space/secreted,Swiss-Prot,0
Q9CXD9,True,,10090,Extracellular matrix|Extracellular space,Extracellular space/secreted,Swiss-Prot,0
Q568Y7,True,,10116,Extracellular region|Extracellular space,Extracellular space/secreted,Swiss-Prot,0
P63056,True,,10090,Extracellular space,Extracellular space/secreted,Swiss-Prot,0
O70156,True,,10116,Extracellular region,Extracellular space/secreted,Swiss-Prot,0
Q8K2A6,True,,10090,Extracellular region,Extracellular space/secreted,Swiss-Prot,0
P83286,True,,9615,Extracellular matrix|Extracellular region,Extracellular matrix|Extracellular space/secreted,Swiss-Prot,0
Q3U4B4,True,,10090,Extracellular region,Extracellular space/secreted,Swiss-Prot,0
P58874,True,Proteoglycans|Core matrisome,9913,Extracellular matrix|Extracellular region,Extracellular matrix|Extracellular space/secreted,Swiss-Prot,0
G5E8D7,True,,10090,Extracellular region,Extracellular space/secreted,Swiss-Prot,0
A0A2R8YFM6,True,,9606,Extracellular region,Extracellular space/secreted,Swiss-Prot,0
Q4FZG8,True,,10090,Extracellular region,Extracellular space/secreted,Swiss-Prot,0
P23132,True,,9913,Extracellular space,Extracellular space/secreted,Swiss-Prot,0
Q925U0,True,,10090,Extracellular region,Extracellular space/secreted,Swiss-Prot,0
A8MZH6,True,,9606,Extracellular region,Extracellular space/secreted,Swiss-Prot,0
Q29191,True,,9823,Extracellular region,Extracellular space/secreted,Swiss-Prot,0
P10758,True,,10116,Extracellular space,Extracellular space/secreted,Swiss-Prot,0
Q2Q0J1,True,,9913,Extracellular region,Extracellular space/secreted,Swiss-Prot,0
Q9XTA8,True,,9986,Extracellular region,Extracellular space/secreted,Swiss-Prot,0
P63057,True,,10116,Extracellular space,Extracellular space/secreted,Swiss-Prot,0
Q9TTK7,True,,9823,Extracellular region,Extracellular space/secreted,Swiss-Prot,0
A6H737,True,ECM Regulators|Matrisome-associated,9913,Basement membrane|Extracellular space,Basement membrane|Extracellular matrix|Extracellular space/secreted,Swiss-Prot,0
Q8K1H9,True,,10090,Extracellular space,Extracellular space/secreted,Swiss-Prot,0
E1C3U7,True,ECM Regulators|Matrisome-associated,9031,Basement membrane|Extracellular space,Basement membrane|Extracellular matrix|Extracellular space/secreted,Swiss-Prot,0
A2AEP0,True,,10090,Extracellular space,Extracellular space/secreted,Swiss-Prot,0
Q9D3H2,True,,10090,Extracellular space,Extracellular space/secreted,Swiss-Prot,0
B5DF27,True,,10116,Basement membrane|Extracellular space,Basement membrane|Extracellular matrix|Extracellular space/secreted,Swiss-Prot,0
O08957,True,,10116,Extracellular space,,Swiss-Prot,0
Q8MJ24,True,ECM Regulators|Matrisome-associated,9913,Extracellular space,Extracellular space/secreted,Swiss-Prot,0
P0C0P7,True,,10116,Extracellular region,Extracellular space/secreted,Swiss-Prot,0
P0C0P8,True,,10090,Extracellular region,Extracellular space/secreted,Swiss-Prot,0
P0C0P6,True,,9606,Extracellular region,Extracellular space/secreted,Swiss-Prot,0
P0C0P5,True,,9913,Extracellular region,Extracellular space/secreted,Swiss-Prot,0
P50757,True,,9986,Extracellular matrix|Extracellular region,Extracellular matrix|Extracellular space/secreted,Swiss-Prot,0
P01718,True,,9606,Extracellular region|Extracellular space,Extracellular space/secreted,Swiss-Prot,0
P01632,True,,10090,Extracellular space,,Swiss-Prot,0
A0A0A0MS00,True,,9606,Extracellular space,Extracellular space/secreted,Swiss-Prot,0
Q6MG53,True,,10116,Extracellular region,Extracellular space/secreted,Swiss-Prot,0
Q8K1T4,True,,10090,Extracellular region,Extracellular space/secreted,Swiss-Prot,0
Q8NDX9,True,,9606,Extracellular region,Extracellular space/secreted,Swiss-Prot,0
P70202,True,,10090,Extracellular space,,Swiss-Prot,0
P80177,True,,9913,Extracellular space,Extracellular space/secreted,Swiss-Prot,0
P0C0T0,True,,10116,Extracellular region,,Swiss-Prot,0
Q08731,True,ECM-affiliated Proteins|Matrisome-associated,10090,Extracellular space,Extracellular space/secreted,Swiss-Prot,0
P43137,True,ECM-affiliated Proteins|Matrisome-associated,10090,Extracellular space,Extracellular space/secreted,Swiss-Prot,0
Q02960,True,,9031,Extracellular space,Extracellular space/secreted,Swiss-Prot,0
A7E3W2,True,,9913,Extracellular space,Extracellular matrix|Extracellular space/secreted,Swiss-Prot,0
P57785,True,Secreted Factors|Matrisome-associated,10090,Extracellular region|Extracellular space,Extracellular space/secreted,Swiss-Prot,0
P34884,True,,10090,Extracellular region|Extracellular space,Extracellular space/secreted,Swiss-Prot,0
P80928,True,,9823,Extracellular space,Extracellular space/secreted,Swiss-Prot,0
P50596,True,,10116,Extracellular space,Extracellular space/secreted,Swiss-Prot,0
Q29406,True,,9823,Extracellular space,Extracellular space/secreted,Swiss-Prot,0
Q9JLI3,True,,10090,Extracellular space,Extracellular space/secreted,Swiss-Prot,0
P03976,True,,10090,Extracellular space,,Swiss-Prot,0
P01629,True,,10090,Extracellular space,,Swiss-Prot,0
P01628,True,,10090,Extracellular space,,Swiss-Prot,0
P01627,True,,10090,Extracellular space,,Swiss-Prot,0
O62820,True,,9913,Extracellular region,Extracellular space/secreted,Swiss-Prot,0
P01626,True,,10090,Extracellular space,,Swiss-Prot,0
P19863,True,,9615,Extracellular region,Extracellular space/secreted,Swiss-Prot,0
Q9PRP6,True,,9031,Extracellular region,Extracellular space/secreted,Swiss-Prot,0
P06310,True,,9606,Extracellular region|Extracellular space,Extracellular space/secreted,Swiss-Prot,0
P01307,True,,9823,Extracellular region,Extracellular space/secreted,Swiss-Prot,0
A0A0C4DH68,True,,9606,Extracellular space,Extracellular space/secreted,Swiss-Prot,0
P27114,True,,9986,Extracellular region,Extracellular space/secreted,Swiss-Prot,0
P01618,True,,9615,Extracellular space,,Swiss-Prot,0
Q9XSV5,True,,9615,Extracellular region,Extracellular space/secreted,Swiss-Prot,0
Q8K1T5,True,,10090,Extracellular region,Extracellular space/secreted,Swiss-Prot,0
Q9Z0M4,True,,10116,Extracellular space,,Swiss-Prot,0
P12069,True,,9823,Extracellular region,Extracellular space/secreted,Swiss-Prot,0
A0A075B6K5,True,,9606,Extracellular space,Extracellular space/secreted,Swiss-Prot,0
Q90611,True,ECM Regulators|Matrisome-associated,9031,Basement membrane|Extracellular space,Extracellular matrix|Extracellular space/secreted,Swiss-Prot,0
Q9GLE5,True,ECM Regulators|Matrisome-associated,9913,Extracellular matrix|Extracellular space,Extracellular matrix|Extracellular space/secreted,Swiss-Prot,0
Q3U435,True,ECM Regulators|Matrisome-associated,10090,Extracellular matrix|Extracellular space,,Swiss-Prot,0
A0A075B6K6,True,,9606,Extracellular space,Extracellular space/secreted,Swiss-Prot,0
A0A075B6H9,True,,9606,Extracellular space,Extracellular space/secreted,Swiss-Prot,0
Q99PW6,True,,10116,Extracellular matrix|Extracellular space,Extracellular matrix|Extracellular space/secreted,Swiss-Prot,0
A0A075B6J1,True,,9606,Extracellular space,Extracellular space/secreted,Swiss-Prot,0
A0A0G2JS06,True,,9606,Extracellular space,Extracellular space/secreted,Swiss-Prot,0
A0A087WSX0,True,,9606,Extracellular space,Extracellular space/secreted,Swiss-Prot,0
Q9R0S2,True,ECM Regulators|Matrisome-associated,10090,Extracellular matrix|Extracellular space,Extracellular matrix|Extracellular space/secreted,Swiss-Prot,0
P12068,True,,9823,Extracellular region,Extracellular space/secreted,Swiss-Prot,0
Q05820,True,,10116,Extracellular region,Extracellular space/secreted,Swiss-Prot,0
Q54YF7,True,,44689,Extracellular region,Extracellular space/secreted,Swiss-Prot,0
O02839,True,,9823,Extracellular space,,Swiss-Prot,0
Q9TUN1,True,,9940,Extracellular region,Extracellular space/secreted,Swiss-Prot,0
P16973,True,,9986,Extracellular region,Extracellular space/secreted,Swiss-Prot,0
Q6UX82,True,,9606,Extracellular region|Extracellular space,Extracellular space/secreted,Swiss-Prot,0
A2VE33,True,,9913,Extracellular space,Extracellular space/secreted,Swiss-Prot,0
D3ZTT2,True,,10116,Extracellular region,Extracellular space/secreted,Swiss-Prot,0
P80190,True,,9940,Extracellular region,Extracellular space/secreted,Swiss-Prot,0
Q55ER0,True,,44689,Extracellular region,Extracellular space/secreted,Swiss-Prot,0
Q54YC4,True,,44689,Extracellular matrix,,Swiss-Prot,0
P41317,True,ECM-affiliated Proteins|Matrisome-associated,10090,Extracellular space,Extracellular space/secreted,Swiss-Prot,0
Q8BPP5,True,,10090,Extracellular region,Extracellular space/secreted,Swiss-Prot,0
Q9XSW3,True,,9823,Extracellular space,Extracellular space/secreted,Swiss-Prot,0
O88174,True,,10090,Extracellular space,Extracellular space/secreted,Swiss-Prot,0
Q8CHN2,True,,10116,Extracellular region,Extracellular space/secreted,Swiss-Prot,0
Q28107,True,,9913,Extracellular region,Extracellular space/secreted,Swiss-Prot,0
A0A1B0GVD1,True,,9606,Extracellular region,Extracellular space/secreted,Swiss-Prot,0
A0A1B0GTK4,True,,9606,Extracellular region,Extracellular space/secreted,Swiss-Prot,0
P20757,True,,9940,Extracellular space,Extracellular space/secreted,Swiss-Prot,0
P02663,True,,9913,Extracellular space,Extracellular space/secreted,Swiss-Prot,0
P04653,True,,9940,Extracellular region,Extracellular space/secreted,Swiss-Prot,0
Q8BMS2,True,ECM Glycoproteins|Core matrisome,10090,Extracellular matrix|Extracellular space,Extracellular matrix|Extracellular space/secreted,Swiss-Prot,0
Q9WV75,True,,10116,Extracellular matrix|Extracellular space,Extracellular matrix|Extracellular space/secreted,Swiss-Prot,0
P02661,True,,10116,Extracellular region|Extracellular space,Extracellular space/secreted,Swiss-Prot,0
P09115,True,,9986,Extracellular region,Extracellular space/secreted,Swiss-Prot,0
P39035,True,,9823,Extracellular space,Extracellular space/secreted,Swiss-Prot,0
Q866X6,True,,9823,Extracellular region,Extracellular space/secreted,Swiss-Prot,0
O70354,True,,10090,Extracellular region,Extracellular space/secreted,Swiss-Prot,0
P24054,True,,10116,Extracellular space,Extracellular matrix|Extracellular space/secreted,Swiss-Prot,0
A1L0T3,True,,10090,Extracellular region,Extracellular space/secreted,Swiss-Prot,0
Q866X7,True,,9913,Extracellular region,Extracellular space/secreted,Swiss-Prot,0
P98167,True,ECM Glycoproteins|Core matrisome,9913,Extracellular matrix|Extracellular space,Extracellular space/secreted,Swiss-Prot,0
Q2PC93,True,ECM Glycoproteins|Core matrisome,9031,Extracellular matrix|Extracellular space,Extracellular space/secreted,Swiss-Prot,0
Q2VL90,True,,9823,Extracellular region,Extracellular space/secreted,Swiss-Prot,0
Q0Q236,True,ECM Glycoproteins|Core matrisome,10090,Extracellular region,Extracellular space/secreted,Swiss-Prot,0
Q3UW26,True,ECM Glycoproteins|Core matrisome,10090,Extracellular space,Extracellular space/secreted,Swiss-Prot,0
Q8CG65,True,ECM Glycoproteins|Core matrisome,10090,Extracellular matrix|Extracellular space,Extracellular space/secreted,Swiss-Prot,0
P14082,True,,9823,Extracellular space,Extracellular space/secreted,Swiss-Prot,0
O13153,True,,9031,Extracellular region,Extracellular space/secreted,Swiss-Prot,0
Q99MQ4,True,Proteoglycans|Core matrisome,10090,Extracellular matrix|Extracellular space,Extracellular matrix|Extracellular space/secreted,Swiss-Prot,0
P56677,True,ECM Regulators|Matrisome-associated,10090,Extracellular space,,Swiss-Prot,0
Q6AYE8,True,,10116,Extracellular space,Extracellular space/secreted,Swiss-Prot,0
Q9Z0L2,True,Secreted Factors|Matrisome-associated,10090,Extracellular space,Extracellular space/secreted,Swiss-Prot,0
O42364,True,,7955,Extracellular matrix|Extracellular space,Extracellular matrix|Extracellular space/secreted,Swiss-Prot,0
P23593,True,,10116,Extracellular space,Extracellular space/secreted,Swiss-Prot,0
P37153,True,,9986,Extracellular space,Extracellular space/secreted,Swiss-Prot,0
P51910,True,,10090,Extracellular space,Extracellular space/secreted,Swiss-Prot,0
Q32KY0,True,,9913,Extracellular space,Extracellular space/secreted,Swiss-Prot,0
P39036,True,,9823,Extracellular space,Extracellular space/secreted,Swiss-Prot,0
P50419,True,,9986,Extracellular region,Extracellular space/secreted,Swiss-Prot,0
P04654,True,,9940,Extracellular region,Extracellular space/secreted,Swiss-Prot,0
P10146,True,Secreted Factors|Matrisome-associated,10090,Extracellular space,,Swiss-Prot,0
E9Q7R9,True,,10090,Extracellular region,,Swiss-Prot,0
P0C854,True,,9606,Extracellular region,Extracellular space/secreted,Swiss-Prot,0
Q3V2D2,True,,10090,Extracellular region,Extracellular space/secreted,Swiss-Prot,0
Q3T146,True,,9913,Extracellular region,Extracellular space/secreted,Swiss-Prot,0
Q68A93,True,,9615,Extracellular space,Extracellular space/secreted,Swiss-Prot,0
Q9JKC0,True,Secreted Factors|Matrisome-associated,10090,Extracellular space,Extracellular space/secreted,Swiss-Prot,0
Q68Y86,True,,9615,Extracellular space,Extracellular space/secreted,Swiss-Prot,0
Q9N1X4,True,,9823,Extracellular space,Extracellular matrix|Extracellular space/secreted,Swiss-Prot,0
O88430,True,Secreted Factors|Matrisome-associated,10090,Extracellular space,Extracellular space/secreted,Swiss-Prot,0
P97884,True,,10116,Extracellular space,Extracellular space/secreted,Swiss-Prot,0
Q91035,True,Secreted Factors|Matrisome-associated,9031,Extracellular region|Extracellular space,,Swiss-Prot,0
O89093,True,Secreted Factors|Matrisome-associated,10090,Extracellular space,Extracellular space/secreted,Swiss-Prot,0
Q8SQB1,True,Secreted Factors|Matrisome-associated,9913,Extracellular space,Extracellular space/secreted,Swiss-Prot,0
O70460,True,Secreted Factors|Matrisome-associated,10090,Extracellular space,Extracellular space/secreted,Swiss-Prot,0
F1NV61,True,,9031,Extracellular space,Extracellular space/secreted,Swiss-Prot,0
I3L3R5,True,,9606,Extracellular region,Extracellular space/secreted,Swiss-Prot,0
Q90686,True,ECM Regulators|Matrisome-associated,9031,Extracellular space,,Swiss-Prot,0
P13432,True,,10116,Extracellular region,Extracellular space/secreted,Swiss-Prot,0
Q3ZKN1,True,,9615,Extracellular space,Extracellular space/secreted,Swiss-Prot,0
Q5E968,True,ECM Regulators|Matrisome-associated,9913,Extracellular space,Extracellular space/secreted,Swiss-Prot,0
O09133,True,,10090,Extracellular region,Extracellular space/secreted,Swiss-Prot,0
O35982,True,,10090,Extracellular region,Extracellular space/secreted,Swiss-Prot,0
O35985,True,,10090,Extracellular region,Extracellular space/secreted,Swiss-Prot,0
P79125,True,,9913,Extracellular region,Extracellular space/secreted,Swiss-Prot,0
Q63088,True,,10116,Extracellular space,,Swiss-Prot,0
Q9GLX9,True,ECM Glycoproteins|Core matrisome,9913,Extracellular matrix|Extracellular region,Extracellular matrix|Extracellular space/secreted,Swiss-Prot,0
Q9R014,True,ECM Regulators|Matrisome-associated,10090,Extracellular space,,Swiss-Prot,0
Q9W770,True,ECM Glycoproteins|Core matrisome,9031,Extracellular matrix|Extracellular region,Extracellular matrix|Extracellular space/secreted,Swiss-Prot,0
P18648,True,,9823,Extracellular space,Extracellular space/secreted,Swiss-Prot,0
P11859,True,ECM Regulators|Matrisome-associated,10090,Extracellular space,Extracellular space/secreted,Swiss-Prot,0
Q5T1H1,True,ECM Glycoproteins|Core matrisome,9606,,Extracellular matrix|Extracellular space/secreted,Swiss-Prot,0
P82535,True,,9986,Extracellular space,Extracellular space/secreted,Swiss-Prot,0
P22726,True,Secreted Factors|Matrisome-associated,10090,Extracellular matrix|Extracellular space,Extracellular matrix|Extracellular space/secreted,Swiss-Prot,0
Q92050,True,,7955,Extracellular space,Extracellular matrix|Extracellular space/secreted,Swiss-Prot,0
Q6ECK6,True,,9986,Extracellular space,Extracellular space/secreted,Swiss-Prot,0
Q9QXQ7,True,,10116,Extracellular matrix|Extracellular space,Extracellular matrix|Extracellular space/secreted,Swiss-Prot,0
Q8CH01,True,,10116,Extracellular space,Extracellular space/secreted,Swiss-Prot,0
Q27Q52,True,,9986,Extracellular matrix|Extracellular space,Extracellular matrix|Extracellular space/secreted,Swiss-Prot,0
Q01501,True,,44689,Extracellular matrix,,Swiss-Prot,0
P23563,True,,9823,Extracellular space,Extracellular space/secreted,Swiss-Prot,0
P04924,True,,9986,Extracellular space,Extracellular space/secreted,Swiss-Prot,0
Q8R5K5,True,,10116,Extracellular space,,Swiss-Prot,0
Q9CZJ1,True,,10090,Extracellular space,,Swiss-Prot,0
P23383,True,,9940,Extracellular space,Extracellular space/secreted,Swiss-Prot,0
Q06600,True,Secreted Factors|Matrisome-associated,9913,Extracellular space,Extracellular space/secreted,Swiss-Prot,0
Q5WR07,True,,9615,Extracellular space,Extracellular space/secreted,Swiss-Prot,0
Q924B5,True,,10116,Extracellular region,Extracellular space/secreted,Swiss-Prot,0
Q9JMI7,True,,10090,Extracellular region,Extracellular space/secreted,Swiss-Prot,0
P62968,True,,9823,Extracellular region,Extracellular space/secreted,Swiss-Prot,0
A0A0B4J234,True,,9606,Extracellular space,,Swiss-Prot,0
P01150,True,,10116,Extracellular region,Extracellular space/secreted,Swiss-Prot,0
P62969,True,,9940,Extracellular region,Extracellular space/secreted,Swiss-Prot,0
O88413,True,,10090,Extracellular region,Extracellular space/secreted,Swiss-Prot,0
P46686,True,,10090,Extracellular region,Extracellular space/secreted,Swiss-Prot,0
Q9Z273,True,,10090,Extracellular region,Extracellular space/secreted,Swiss-Prot,0
P06871,True,,9615,Extracellular space,Extracellular space/secreted,Swiss-Prot,0
O97557,True,,9823,Extracellular region,Extracellular space/secreted,Swiss-Prot,0
P12656,True,,10090,Extracellular space,Extracellular space/secreted,Swiss-Prot,0
O57340,True,,9031,Extracellular space,Extracellular space/secreted,Swiss-Prot,0
Q90627,True,,9031,Extracellular space,Extracellular space/secreted,Swiss-Prot,0
P54828,True,,9615,Extracellular space,Extracellular space/secreted,Swiss-Prot,0
Q99N14,True,,10090,Extracellular space,Extracellular space/secreted,Swiss-Prot,0
Q7KWT9,True,,44689,Extracellular region,Extracellular space/secreted,Swiss-Prot,0
Q54SQ3,True,,44689,Extracellular region,Extracellular space/secreted,Swiss-Prot,0
P35577,True,,10116,Extracellular space,Extracellular space/secreted,Swiss-Prot,0
P22952,True,,9823,Extracellular space,Extracellular space/secreted,Swiss-Prot,0
P61288,True,,9823,Extracellular space,,Swiss-Prot,0
P04366,True,,9823,Extracellular region,Extracellular matrix|Extracellular space/secreted,Swiss-Prot,0
Q80YX1,True,ECM Glycoproteins|Core matrisome,10090,Basement membrane|Extracellular region|Extracellular space,Extracellular matrix|Extracellular space/secreted,Swiss-Prot,0
Q29116,True,,9823,Extracellular space,Extracellular matrix|Extracellular space/secreted,Swiss-Prot,0
Q9TT36,True,ECM Regulators|Matrisome-associated,9913,Extracellular space,Extracellular space/secreted,Swiss-Prot,0
P00978,True,ECM Regulators|Matrisome-associated,9913,Extracellular region,Extracellular matrix|Extracellular space/secreted,Swiss-Prot,0
Q9QYV0,True,,10116,Extracellular space,,Swiss-Prot,0
Q8BX37,True,,10090,Extracellular region,Extracellular space/secreted,Swiss-Prot,0
A5D6U8,True,,7955,Extracellular region,Extracellular space/secreted,Swiss-Prot,0
P61939,True,ECM Regulators|Matrisome-associated,10090,Extracellular space,Extracellular space/secreted,Swiss-Prot,0
Q9TT35,True,,9823,Extracellular space,Extracellular space/secreted,Swiss-Prot,0
Q63805,True,,10090,Extracellular space,Extracellular space/secreted,Swiss-Prot,0
P50450,True,,9940,Extracellular space,Extracellular space/secreted,Swiss-Prot,0
Q54TG1,True,,44689,Extracellular region,Extracellular space/secreted,Swiss-Prot,0
P82460,True,,9823,Extracellular region,Extracellular space/secreted,Swiss-Prot,0
P08628,True,,9986,Extracellular region,Extracellular space/secreted,Swiss-Prot,0
P07361,True,,10090,Extracellular space,Extracellular space/secreted,Swiss-Prot,0
Q60590,True,,10090,Extracellular space,Extracellular space/secreted,Swiss-Prot,0
Q3UTY6,True,ECM Glycoproteins|Core matrisome,10090,Extracellular matrix|Extracellular region,Extracellular matrix|Extracellular space/secreted,Swiss-Prot,0
O15736,True,,44689,Extracellular matrix,,Swiss-Prot,0
P23035,True,,9986,Extracellular space,Extracellular space/secreted,Swiss-Prot,0
A8MTW9,True,,9606,Extracellular region,Extracellular space/secreted,Swiss-Prot,0
Q6UY13,True,,9606,Extracellular region,Extracellular space/secreted,Swiss-Prot,0
P41540,True,,9986,Extracellular region,Extracellular space/secreted,Swiss-Prot,0
P06767,True,,10116,Extracellular region|Extracellular space,Extracellular space/secreted,Swiss-Prot,0
Q86JP8,True,,44689,Extracellular region,Extracellular space/secreted,Swiss-Prot,0
Q54M38,True,,44689,Extracellular region,Extracellular space/secreted,Swiss-Prot,0
Q2KJH6,True,ECM Regulators|Matrisome-associated,9913,Extracellular space,,Swiss-Prot,0
Q32LN4,True,,9913,Extracellular region,,Swiss-Prot,0
B0UYL8,True,,7955,Extracellular space,Extracellular space/secreted,Swiss-Prot,0
A6QQ92,True,ECM Regulators|Matrisome-associated,9913,Extracellular space,Extracellular space/secreted,Swiss-Prot,0
Q54J86,True,,44689,Extracellular region,Extracellular space/secreted,Swiss-Prot,0
Q8VBZ0,True,,10090,Extracellular region,Extracellular space/secreted,Swiss-Prot,0
Q00724,True,,10090,Extracellular space,Extracellular space/secreted,Swiss-Prot,0
P27485,True,,9823,Extracellular space,Extracellular space/secreted,Swiss-Prot,0
P06912,True,,9986,Extracellular space,Extracellular space/secreted,Swiss-Prot,0
Q7TMD2,True,,10090,Extracellular space,Extracellular space/secreted,Swiss-Prot,0
Q8K3U4,True,,10090,Extracellular region,Extracellular space/secreted,Swiss-Prot,0
Q8R2I3,True,,10090,Extracellular region,Extracellular space/secreted,Swiss-Prot,0
Q54X53,True,,44689,Extracellular matrix,,Swiss-Prot,0
P62892,True,,10090,Extracellular space,,Swiss-Prot,0
Q32ZG1,True,,10116,Extracellular space,Extracellular space/secreted,Swiss-Prot,0
Q30KN3,True,,10090,Extracellular space,Extracellular space/secreted,Swiss-Prot,0
Q54XX3,True,,44689,Extracellular matrix,,Swiss-Prot,0
Q32ZG2,True,,10116,Extracellular region,Extracellular space/secreted,Swiss-Prot,0
Q30KN4,True,,10090,Extracellular region,Extracellular space/secreted,Swiss-Prot,0
O35291,True,,10090,Extracellular space,,Swiss-Prot,0
Q32ZG3,True,,10116,Extracellular region,Extracellular space/secreted,Swiss-Prot,0
Q8BGW9,True,,10090,Extracellular region,Extracellular space/secreted,Swiss-Prot,0
P15467,True,,9913,Extracellular space,Extracellular space/secreted,Swiss-Prot,0
Q32ZG7,True,,10116,Extracellular region,Extracellular space/secreted,Swiss-Prot,0
Q30KN8,True,,10090,Extracellular region,Extracellular space/secreted,Swiss-Prot,0
Q8BVC1,True,,10090,Extracellular region,Extracellular space/secreted,Swiss-Prot,0
Q9JJH1,True,,10090,Extracellular region|Extracellular space,Extracellular space/secreted,Swiss-Prot,0
Q32ZH2,True,,10116,Extracellular region,Extracellular space/secreted,Swiss-Prot,0
Q30KP3,True,,10090,Extracellular region,Extracellular space/secreted,Swiss-Prot,0
C0HKG5,True,,10090,Extracellular region|Extracellular space,Extracellular space/secreted,Swiss-Prot,0
C0HKG6,True,,10090,Extracellular region|Extracellular space,Extracellular space/secreted,Swiss-Prot,0
B8XY56,True,,7955,Extracellular region,Extracellular space/secreted,Swiss-Prot,0
Q8K3I8,True,,10090,Extracellular region,Extracellular space/secreted,Swiss-Prot,0
Q54CQ0,True,,44689,Extracellular region,Extracellular space/secreted,Swiss-Prot,0
P51456,True,,9986,Extracellular region,Extracellular space/secreted,Swiss-Prot,0
Q54CP9,True,,44689,Extracellular region,Extracellular space/secreted,Swiss-Prot,0
Q6AYH6,True,,10116,Extracellular region,,Swiss-Prot,0
B8JI71,True,,7955,Extracellular region,Extracellular matrix|Extracellular space/secreted,Swiss-Prot,0
Q9GKA2,True,,9986,Extracellular region,Extracellular space/secreted,Swiss-Prot,0
P49157,True,,9823,Extracellular space,Extracellular space/secreted,Swiss-Prot,0
P07321,True,Secreted Factors|Matrisome-associated,10090,Extracellular region|Extracellular space,Extracellular space/secreted,Swiss-Prot,0
Q2XNF5,True,,7955,Extracellular space,Extracellular space/secreted,Swiss-Prot,0
P33707,True,,9615,Extracellular space,Extracellular space/secreted,Swiss-Prot,0
P48617,True,Secreted Factors|Matrisome-associated,9913,Extracellular space,Extracellular space/secreted,Swiss-Prot,0
P62936,True,,9823,Extracellular region,Extracellular space/secreted,Swiss-Prot,0
Q9TTC6,True,,9986,Extracellular region,Extracellular space/secreted,Swiss-Prot,0
Q8K1D8,True,,10090,Extracellular region,Extracellular space/secreted,Swiss-Prot,0
Q6UWT2,True,,9606,Extracellular region,Extracellular space/secreted,Swiss-Prot,0
A2VE22,True,,9913,Extracellular region,Extracellular space/secreted,Swiss-Prot,0
Q8C522,True,,10090,Extracellular region,Extracellular space/secreted,Swiss-Prot,0
Q3TAS6,True,,10090,Extracellular region,Extracellular space/secreted,Swiss-Prot,0
Q54CP8,True,,44689,Extracellular region,Extracellular space/secreted,Swiss-Prot,0
P00744,True,,9913,Extracellular space,Extracellular space/secreted,Swiss-Prot,0
P07522,True,,10116,Extracellular space,,Swiss-Prot,0
Q9CQW3,True,,10090,Extracellular region|Extracellular space,Extracellular space/secreted,Swiss-Prot,0
P97553,True,,10116,Extracellular region,Extracellular space/secreted,Swiss-Prot,0
Q06AS9,True,,9823,Extracellular region,Extracellular space/secreted,Swiss-Prot,0
Q3ZC64,True,,9913,Extracellular region,Extracellular space/secreted,Swiss-Prot,0
Q3ZBK2,True,,9913,Extracellular region,Extracellular space/secreted,Swiss-Prot,0
O35474,True,ECM Glycoproteins|Core matrisome,10090,Extracellular region,Extracellular space/secreted,Swiss-Prot,0
Q9EPS2,True,,10090,Extracellular space,Extracellular space/secreted,Swiss-Prot,0
P68005,True,,9823,Extracellular region,Extracellular space/secreted,Swiss-Prot,0
Q9TR93,True,,9986,Extracellular region,Extracellular space/secreted,Swiss-Prot,0
P10631,True,,10116,Extracellular space,Extracellular space/secreted,Swiss-Prot,0
Q54CP7,True,,44689,Extracellular region,Extracellular space/secreted,Swiss-Prot,0
Q32ZH4,True,,10116,Extracellular region,Extracellular space/secreted,Swiss-Prot,0
Q30KP5,True,,10090,Extracellular region,Extracellular space/secreted,Swiss-Prot,0
Q32ZH5,True,,10116,Extracellular space,Extracellular space/secreted,Swiss-Prot,0
P06297,True,,9986,Extracellular region,Extracellular space/secreted,Swiss-Prot,0
Q06220,True,,9615,Extracellular space,Extracellular space/secreted,Swiss-Prot,0
Q90ZD5,True,Secreted Factors|Matrisome-associated,9031,Extracellular region,Extracellular space/secreted,Swiss-Prot,0
Q09108,True,Secreted Factors|Matrisome-associated,9031,Extracellular region,Extracellular space/secreted,Swiss-Prot,0
P19070,True,,10090,Extracellular space,,Swiss-Prot,0
U3JAG9,True,,7955,Extracellular region,,Swiss-Prot,0
D3ZVN1,True,,10116,Extracellular region,Extracellular space/secreted,Swiss-Prot,0
P20826,True,,10090,Extracellular region|Extracellular space,Extracellular space/secreted,Swiss-Prot,0
Q3UW21,True,,10090,Extracellular region,Extracellular space/secreted,Swiss-Prot,0
Q29030,True,,9823,Extracellular region,Extracellular space/secreted,Swiss-Prot,0
P21581,True,,10116,Extracellular space,Extracellular space/secreted,Swiss-Prot,0
P01191,True,,9940,Extracellular space,Extracellular space/secreted,Swiss-Prot,0
P01194,True,,10116,Extracellular region|Extracellular space,Extracellular space/secreted,Swiss-Prot,0
P79368,True,,9940,Extracellular region,Extracellular space/secreted,Swiss-Prot,0
P01192,True,,9823,Extracellular space,Extracellular space/secreted,Swiss-Prot,0
P10819,True,,44689,Extracellular matrix,,Swiss-Prot,0
O88745,True,,10090,Extracellular region,Extracellular space/secreted,Swiss-Prot,0
P01193,True,,10090,Extracellular region|Extracellular space,Extracellular space/secreted,Swiss-Prot,0
Q9Z0K6,True,,10116,Extracellular region,Extracellular space/secreted,Swiss-Prot,0
P0C2W8,True,,39053,Extracellular region,Extracellular matrix|Extracellular space/secreted,Swiss-Prot,0
Q63148,True,,10116,Extracellular region|Extracellular space,Extracellular space/secreted,Swiss-Prot,0
Q9W7J1,True,,7955,Extracellular space,Extracellular space/secreted,Swiss-Prot,0
Q9W686,True,,7955,Extracellular space,Extracellular space/secreted,Swiss-Prot,0
O57472,True,,7955,Extracellular space,Extracellular space/secreted,Swiss-Prot,0
Q98SV1,True,,7955,Extracellular region,Extracellular space/secreted,Swiss-Prot,0
Q98SV0,True,,7955,Extracellular region,Extracellular space/secreted,Swiss-Prot,0
P97586,True,,10116,Extracellular region,Extracellular space/secreted,Swiss-Prot,0
Q8R1U2,True,,10090,Extracellular region,Extracellular space/secreted,Swiss-Prot,0
Q9D9U9,True,,10090,Extracellular region,,Swiss-Prot,0
Q28132,True,Secreted Factors|Matrisome-associated,9913,Extracellular region,Extracellular space/secreted,Swiss-Prot,0
Q920C1,True,Secreted Factors|Matrisome-associated,10090,Extracellular region,Extracellular space/secreted,Swiss-Prot,0
Q9Z1F1,True,,10116,Extracellular space,Extracellular space/secreted,Swiss-Prot,0
Q2KIQ8,True,Secreted Factors|Matrisome-associated,9913,Extracellular space,Extracellular space/secreted,Swiss-Prot,0
Q62713,True,,10116,Extracellular space,Extracellular space/secreted,Swiss-Prot,0
Q9TSZ6,True,,9615,Basement membrane|Extracellular space,Extracellular space/secreted,Swiss-Prot,0
Q7M329,True,,9823,Extracellular region|Extracellular space,Extracellular space/secreted,Swiss-Prot,0
Q9JHH5,True,Secreted Factors|Matrisome-associated,10090,Extracellular space,Extracellular space/secreted,Swiss-Prot,0
Q9EQ00,True,,10090,Extracellular region,,Swiss-Prot,0
Q9D3W1,True,,10090,Extracellular region,,Swiss-Prot,0
A9QWQ1,True,Secreted Factors|Matrisome-associated,9913,Extracellular space,Extracellular space/secreted,Swiss-Prot,0
P50115,True,,10116,Extracellular space,Extracellular space/secreted,Swiss-Prot,0
P48973,True,,10116,Extracellular region|Extracellular space,Extracellular space/secreted,Swiss-Prot,0
P28783,True,Secreted Factors|Matrisome-associated,9913,Extracellular region,Extracellular space/secreted,Swiss-Prot,0
P17515,True,Secreted Factors|Matrisome-associated,10090,Extracellular region|Extracellular space,Extracellular space/secreted,Swiss-Prot,0
Q5KSV9,True,,9615,Extracellular space,Extracellular space/secreted,Swiss-Prot,0
P50117,True,,9986,Extracellular space,Extracellular space/secreted,Swiss-Prot,0
Q54QD9,True,,44689,Extracellular space,,Swiss-Prot,0
Q76LD0,True,,10116,Extracellular region,Extracellular space/secreted,Swiss-Prot,0
P19159,True,Secreted Factors|Matrisome-associated,9913,Extracellular space,Extracellular space/secreted,Swiss-Prot,0
P60902,True,Secreted Factors|Matrisome-associated,9913,Extracellular space,,Swiss-Prot,0
P27003,True,Secreted Factors|Matrisome-associated,9031,Extracellular space,,Swiss-Prot,0
P09611,True,Secreted Factors|Matrisome-associated,9913,Extracellular space,Extracellular space/secreted,Swiss-Prot,0
Q558X5,True,,44689,Extracellular matrix,,Swiss-Prot,0
Q9JLL0,True,ECM Glycoproteins|Core matrisome,10090,Extracellular region,,Swiss-Prot,0
P24479,True,Secreted Factors|Matrisome-associated,9031,Extracellular space,,Swiss-Prot,0
Q7T3Q2,True,,7955,Extracellular region,,Swiss-Prot,0
P31950,True,,9823,Extracellular space,,Swiss-Prot,0
Q8AWW5,True,ECM Glycoproteins|Core matrisome,9031,Extracellular region,,Swiss-Prot,0
Q28557,True,,9940,Extracellular space,Extracellular space/secreted,Swiss-Prot,0
P05366,True,,10090,Extracellular space,Extracellular space/secreted,Swiss-Prot,0
P0DSO0,True,,9823,Extracellular region,Extracellular space/secreted,Swiss-Prot,0
Q920A0,True,Proteoglycans|Core matrisome,10090,Extracellular matrix|Extracellular region,Extracellular matrix|Extracellular space/secreted,Swiss-Prot,0
A0A2R8YFL7,True,,9606,Extracellular region,Extracellular space/secreted,Swiss-Prot,0
Q62010,True,ECM-affiliated Proteins|Matrisome-associated,10090,Extracellular region,,Swiss-Prot,0
Q32KM8,True,,9913,Extracellular space,Extracellular space/secreted,Swiss-Prot,0
Q9R1T3,True,,10116,Extracellular space,Extracellular space/secreted,Swiss-Prot,0
P80067,True,,10116,Extracellular space,,Swiss-Prot,0
O97578,True,,9615,Extracellular space,,Swiss-Prot,0
Q3ZCJ8,True,ECM Regulators|Matrisome-associated,9913,Extracellular space,,Swiss-Prot,0
P98140,True,ECM Regulators|Matrisome-associated,9913,Extracellular space,Extracellular space/secreted,Swiss-Prot,0
P83205,True,,9940,Extracellular space,Extracellular space/secreted,Swiss-Prot,0
Q80YC5,True,ECM Regulators|Matrisome-associated,10090,Extracellular space,Extracellular space/secreted,Swiss-Prot,0
P00787,True,,10116,Extracellular region|Extracellular space,Extracellular space/secreted,Swiss-Prot,0
O97507,True,,9823,Extracellular space,Extracellular space/secreted,Swiss-Prot,0
P54654,True,,44689,Extracellular matrix,,Swiss-Prot,0
O88875,True,,10090,Extracellular region,Extracellular space/secreted,Swiss-Prot,0
Q63471,True,,10116,Extracellular region|Extracellular space,Extracellular space/secreted,Swiss-Prot,0
P07743,True,,10090,Extracellular region|Extracellular space,Extracellular space/secreted,Swiss-Prot,0
Q8K4I4,True,,10116,Extracellular region|Extracellular space,Extracellular space/secreted,Swiss-Prot,0
Q5XW65,True,,9823,Extracellular space,Extracellular space/secreted,Swiss-Prot,0
P97361,True,,10090,Extracellular region|Extracellular space,Extracellular space/secreted,Swiss-Prot,0
Q8SPU5,True,,9913,Extracellular region|Extracellular space,Extracellular space/secreted,Swiss-Prot,0
Q8CJ69,True,ECM Glycoproteins|Core matrisome,10090,Extracellular matrix|Extracellular region|Extracellular space,Extracellular space/secreted,Swiss-Prot,0
Q9TRY9,True,,9615,Extracellular space,,Swiss-Prot,0
O35568,True,,10116,Basement membrane|Extracellular space,Extracellular matrix|Extracellular space/secreted,Swiss-Prot,0
Q66HH1,True,,10116,Extracellular region,Extracellular space/secreted,Swiss-Prot,0
Q9JJ04,True,,10090,Extracellular region,Extracellular space/secreted,Swiss-Prot,0
P56736,True,,9031,Extracellular region,Extracellular space/secreted,Swiss-Prot,0
P56735,True,,9031,Extracellular region,Extracellular space/secreted,Swiss-Prot,0
P56734,True,,9031,Extracellular region,Extracellular space/secreted,Swiss-Prot,0
P56733,True,,9031,Extracellular region,Extracellular space/secreted,Swiss-Prot,0
P56732,True,,9031,Extracellular region,Extracellular space/secreted,Swiss-Prot,0
D4A540,True,,10116,Extracellular space,Extracellular space/secreted,Swiss-Prot,0
Q5EA62,True,ECM Glycoproteins|Core matrisome,9913,Extracellular space,Extracellular matrix|Extracellular space/secreted,Swiss-Prot,0
P86437,True,Secreted Factors|Matrisome-associated,9913,Extracellular region,Extracellular space/secreted,Swiss-Prot,0
P63181,True,,9823,Extracellular region,Extracellular space/secreted,Swiss-Prot,0
Q6DGB6,True,,7955,Extracellular region,,Swiss-Prot,0
Q54TR1,True,,44689,Extracellular region|Extracellular space,Extracellular space/secreted,Swiss-Prot,0
Q8K482,True,ECM Glycoproteins|Core matrisome,10090,Extracellular region,Extracellular matrix|Extracellular space/secreted,Swiss-Prot,0
Q9DAS1,True,,10090,Extracellular region|Extracellular space,,Swiss-Prot,0
Q9CZR4,True,,10090,Extracellular space,,Swiss-Prot,0
P59900,True,ECM Glycoproteins|Core matrisome,10090,Extracellular region,Extracellular matrix|Extracellular space/secreted,Swiss-Prot,0
A6QLI0,True,,9913,Extracellular region,Extracellular space/secreted,Swiss-Prot,0
Q1RMP9,True,,9913,Extracellular space,,Swiss-Prot,0
Q9ESD6,True,,10090,Extracellular space,,Swiss-Prot,0
Q99M71,True,,10090,Extracellular region,Extracellular space/secreted,Swiss-Prot,0
P06909,True,,10090,Extracellular region|Extracellular space,Extracellular space/secreted,Swiss-Prot,0
Q28085,True,,9913,Extracellular space,Extracellular space/secreted,Swiss-Prot,0
P32038,True,,10116,Extracellular space,Extracellular space/secreted,Swiss-Prot,0
P51779,True,,9823,Extracellular space,Extracellular space/secreted,Swiss-Prot,0
P03953,True,,10090,Extracellular space,Extracellular space/secreted,Swiss-Prot,0
Q3T0A3,True,,9913,Extracellular space,Extracellular space/secreted,Swiss-Prot,0
A5PJN2,True,,9913,Extracellular space,Extracellular space/secreted,Swiss-Prot,0
P17561,True,,7955,Extracellular region,Extracellular space/secreted,Swiss-Prot,0
Q86HB8,True,,44689,Extracellular region,Extracellular space/secreted,Swiss-Prot,0
Q03710,True,,9823,Extracellular region,Extracellular space/secreted,Swiss-Prot,0
Q8WMQ3,True,,9823,Extracellular region,Extracellular space/secreted,Swiss-Prot,0
P29676,True,,10116,Extracellular space,Extracellular space/secreted,Swiss-Prot,0
P30932,True,,9913,Extracellular region,Extracellular space/secreted,Swiss-Prot,0
P33709,True,,9940,Extracellular space,Extracellular space/secreted,Swiss-Prot,0
Q64314,True,,10090,Extracellular region,,Swiss-Prot,0
Q9TS44,True,,9615,Extracellular space,Extracellular space/secreted,Swiss-Prot,0
P41520,True,,9913,Extracellular space,Extracellular space/secreted,Swiss-Prot,0
Q9DA01,True,,10090,Extracellular space,Extracellular space/secreted,Swiss-Prot,0
D4A2Z2,True,,10116,Extracellular space,Extracellular space/secreted,Swiss-Prot,0
Q9D9P2,True,,10090,Extracellular region,,Swiss-Prot,0
Q99LS0,True,,10090,Extracellular space,Extracellular space/secreted,Swiss-Prot,0
P0CAX4,True,,7955,Extracellular space,Extracellular space/secreted,Swiss-Prot,0
Q9WUA1,True,Secreted Factors|Matrisome-associated,10090,Extracellular region,Extracellular space/secreted,Swiss-Prot,0
Q566V9,True,,7955,Extracellular space,Extracellular space/secreted,Swiss-Prot,0
P43145,True,,10116,Extracellular space,Extracellular space/secreted,Swiss-Prot,0
P53366,True,,9823,Extracellular space,Extracellular space/secreted,Swiss-Prot,0
O77681,True,,9940,Extracellular space,Extracellular space/secreted,Swiss-Prot,0
P97297,True,,10090,Extracellular space,Extracellular space/secreted,Swiss-Prot,0
O77559,True,,9615,Extracellular space,Extracellular space/secreted,Swiss-Prot,0
I3LGZ3,True,,9823,Extracellular space,Extracellular space/secreted,Swiss-Prot,0
P39092,True,,9823,Extracellular region,Extracellular space/secreted,Swiss-Prot,0
Q8BMF8,True,ECM Glycoproteins|Core matrisome,10090,Extracellular space,Extracellular matrix|Extracellular space/secreted,Swiss-Prot,0
Q80WL1,True,,10116,Extracellular space,Extracellular matrix|Extracellular space/secreted,Swiss-Prot,0
Q19LI2,True,,10090,Extracellular region,Extracellular space/secreted,Swiss-Prot,0
P01216,True,,10090,Extracellular space,Extracellular space/secreted,Swiss-Prot,0
P01219,True,,9823,Extracellular space,Extracellular space/secreted,Swiss-Prot,0
P07474,True,,9986,Extracellular space,Extracellular space/secreted,Swiss-Prot,0
P01218,True,,9940,Extracellular space,Extracellular space/secreted,Swiss-Prot,0
P02729,True,,9606,Extracellular region,,Swiss-Prot,0
Q54ME1,True,,44689,Extracellular space,Extracellular space/secreted,Swiss-Prot,0
Q2KJF1,True,,9913,Extracellular region,Extracellular space/secreted,Swiss-Prot,0
O35930,True,,10090,Extracellular matrix|Extracellular space,,Swiss-Prot,0
P12725,True,,9940,Extracellular space,Extracellular space/secreted,Swiss-Prot,0
P50447,True,,9823,Extracellular space,Extracellular space/secreted,Swiss-Prot,0
Q8CAL5,True,ECM-affiliated Proteins|Matrisome-associated,10090,Extracellular region,Extracellular space/secreted,Swiss-Prot,0
Q8CJD3,True,,10116,Extracellular space,Extracellular matrix|Extracellular space/secreted,Swiss-Prot,0
Q9R087,True,ECM-affiliated Proteins|Matrisome-associated,10090,Extracellular region,Extracellular space/secreted,Swiss-Prot,0
Q8K0C5,True,,10090,Extracellular space,Extracellular matrix|Extracellular space/secreted,Swiss-Prot,0
Q8T2U0,True,,44689,Extracellular region,Extracellular space/secreted,Swiss-Prot,0
Q86HC2,True,,44689,Extracellular region,Extracellular space/secreted,Swiss-Prot,0
Q559I8,True,,44689,Extracellular space,Extracellular space/secreted,Swiss-Prot,0
Q02391,True,,9031,Extracellular matrix,,Swiss-Prot,0
P21552,True,Secreted Factors|Matrisome-associated,10090,Extracellular region|Extracellular space,Extracellular matrix|Extracellular space/secreted,Swiss-Prot,0
Q9JKL8,True,,10116,Extracellular space,,Swiss-Prot,0
Q9GK68,True,Secreted Factors|Matrisome-associated,9913,Extracellular space,Extracellular space/secreted,Swiss-Prot,0
P83401,True,,44689,Extracellular matrix,,Swiss-Prot,0
D3ZTV3,True,,10116,Extracellular space,Extracellular matrix|Extracellular space/secreted,Swiss-Prot,0
Q4FZU4,True,,10116,Extracellular matrix|Extracellular region,Extracellular matrix|Extracellular space/secreted,Swiss-Prot,0
Q501P1,True,ECM Glycoproteins|Core matrisome,10090,Extracellular matrix|Extracellular space,Extracellular matrix|Extracellular space/secreted,Swiss-Prot,0
P98133,True,ECM Glycoproteins|Core matrisome,9913,Extracellular matrix|Extracellular region,Extracellular matrix|Extracellular space/secreted,Swiss-Prot,0
Q80T21,True,ECM Regulators|Matrisome-associated,10090,Extracellular matrix|Extracellular region,Extracellular matrix|Extracellular space/secreted,Swiss-Prot,0
Q03472,True,,9823,Extracellular region,Extracellular space/secreted,Swiss-Prot,0
P14630,True,,10116,Extracellular region|Extracellular space,Extracellular space/secreted,Swiss-Prot,0
Q9TV36,True,,9823,Extracellular matrix|Extracellular region,Extracellular matrix|Extracellular space/secreted,Swiss-Prot,0
Q9Z1R3,True,,10090,Extracellular region|Extracellular space,Extracellular space/secreted,Swiss-Prot,0
Q61555,True,ECM Glycoproteins|Core matrisome,10090,Extracellular matrix|Extracellular region|Extracellular space,Extracellular matrix|Extracellular space/secreted,Swiss-Prot,0
Q05020,True,,10090,Extracellular region|Extracellular space,Extracellular space/secreted,Swiss-Prot,0
Q6RKD8,True,,10090,Extracellular space,Extracellular space/secreted,Swiss-Prot,0
P67885,True,ECM Regulators|Matrisome-associated,9031,Extracellular region,Extracellular space/secreted,Swiss-Prot,0
P01017,True,ECM Regulators|Matrisome-associated,9913,Extracellular space,Extracellular space/secreted,Swiss-Prot,0
F1NUK7,True,,9031,Extracellular space,Extracellular space/secreted,Swiss-Prot,0
P01863,True,,10090,Extracellular space,,Swiss-Prot,0
Q24K15,True,Secreted Factors|Matrisome-associated,9913,Extracellular space,Extracellular space/secreted,Swiss-Prot,0
Q60687,True,,10090,Extracellular space,Extracellular space/secreted,Swiss-Prot,0
O35462,True,,10116,Extracellular space,Extracellular space/secreted,Swiss-Prot,0
P01228,True,,9823,Extracellular space,Extracellular space/secreted,Swiss-Prot,0
Q6IY73,True,,9986,Extracellular space,Extracellular space/secreted,Swiss-Prot,0
P18427,True,,10116,Extracellular space,Extracellular space/secreted,Swiss-Prot,0
Q9BDY7,True,,9823,Extracellular space,Extracellular space/secreted,Swiss-Prot,0
P01227,True,,9940,Extracellular space,Extracellular space/secreted,Swiss-Prot,0
Q28989,True,,9823,Extracellular region,Extracellular matrix|Extracellular space/secreted,Swiss-Prot,0
O55189,True,ECM Glycoproteins|Core matrisome,10090,Extracellular matrix|Extracellular region,Extracellular matrix|Extracellular space/secreted,Swiss-Prot,0
Q9N1E2,True,,9986,Extracellular space,Extracellular space/secreted,Swiss-Prot,0
Q9XSX7,True,ECM Glycoproteins|Core matrisome,9913,Extracellular region,Extracellular matrix|Extracellular space/secreted,Swiss-Prot,0
P11242,True,,9913,Extracellular space,Extracellular space/secreted,Swiss-Prot,0
Q9JK79,True,,10116,Extracellular region|Extracellular space,Extracellular space/secreted,Swiss-Prot,0
Q7TSQ1,True,ECM-affiliated Proteins|Matrisome-associated,10090,Extracellular space,Extracellular space/secreted,Swiss-Prot,0
Q6UXF7,True,ECM-affiliated Proteins|Matrisome-associated,9606,Extracellular space,Extracellular space/secreted,Swiss-Prot,0
P42916,True,,9913,Extracellular space,Extracellular space/secreted,Swiss-Prot,0
Q90953,True,Proteoglycans|Core matrisome,9031,Extracellular space,Extracellular matrix|Extracellular space/secreted,Swiss-Prot,0
Q3U0B3,True,,10090,Extracellular region,Extracellular space/secreted,Swiss-Prot,0
Q71R50,True,,9031,Extracellular region,Extracellular space/secreted,Swiss-Prot,0
Q3ZBV9,True,,9913,Extracellular region,Extracellular space/secreted,Swiss-Prot,0
P11477,True,,10090,Extracellular space,Extracellular space/secreted,Swiss-Prot,0
Q62716,True,,10116,Extracellular space,Extracellular space/secreted,Swiss-Prot,0
Q71M36,True,ECM-affiliated Proteins|Matrisome-associated,10090,Extracellular region,Extracellular space/secreted,Swiss-Prot,0
P07469,True,,9986,Extracellular space,Extracellular space/secreted,Swiss-Prot,0
Q9ERQ6,True,,10116,Extracellular region,Extracellular space/secreted,Swiss-Prot,0
Q9JM84,True,ECM Regulators|Matrisome-associated,10090,Extracellular region|Extracellular space,,Swiss-Prot,0
Q30KQ7,True,,9606,Extracellular region,Extracellular space/secreted,Swiss-Prot,0
Q30KU3,True,,9615,Extracellular space,Extracellular space/secreted,Swiss-Prot,0
Q30KR1,True,,9606,Extracellular space,Extracellular space/secreted,Swiss-Prot,0
A8MXU0,True,,9606,Extracellular region,Extracellular space/secreted,Swiss-Prot,0
Q28685,True,,9986,Basement membrane|Extracellular region|Extracellular space,Extracellular space/secreted,Swiss-Prot,0
Q29243,True,,9823,Basement membrane|Extracellular space,Extracellular space/secreted,Swiss-Prot,0
O88978,True,,10090,Extracellular region,,Swiss-Prot,0
B3DH20,True,,7955,Extracellular region,,Swiss-Prot,0
Q9D269,True,ECM Regulators|Matrisome-associated,10090,Extracellular region,Extracellular space/secreted,Swiss-Prot,0
Q8K5A3,True,,10116,Extracellular region,Extracellular space/secreted,Swiss-Prot,0
Q9DAN8,True,ECM Regulators|Matrisome-associated,10090,Extracellular region,Extracellular space/secreted,Swiss-Prot,0
Q8VII2,True,,10116,Extracellular region,Extracellular space/secreted,Swiss-Prot,0
Q1RMR5,True,,9913,Extracellular region,,Swiss-Prot,0
Q60753,True,Secreted Factors|Matrisome-associated,10090,Extracellular region|Extracellular space,Extracellular space/secreted,Swiss-Prot,0
Q63086,True,,10116,Extracellular region|Extracellular space,Extracellular space/secreted,Swiss-Prot,0
Q8WSR7,True,,44689,Extracellular region,Extracellular space/secreted,Swiss-Prot,0
Q86HV8,True,,44689,Extracellular region,Extracellular space/secreted,Swiss-Prot,0
Q554K2,True,,44689,Extracellular region,Extracellular space/secreted,Swiss-Prot,0
A9QWP9,True,Secreted Factors|Matrisome-associated,9913,Extracellular space,Extracellular space/secreted,Swiss-Prot,0
Q17QU7,True,,9913,Extracellular region,Extracellular space/secreted,Swiss-Prot,0
Q5SS80,True,,10090,Extracellular region,Extracellular space/secreted,Swiss-Prot,0
Q95120,True,ECM Glycoproteins|Core matrisome,9913,Extracellular matrix|Extracellular region,Extracellular matrix|Extracellular space/secreted,Swiss-Prot,0
Q63164,True,,10116,Extracellular region,,Swiss-Prot,0
Q62949,True,,10116,Extracellular space,Extracellular space/secreted,Swiss-Prot,0
Q9QYY7,True,Proteoglycans|Core matrisome,10090,Extracellular region,Extracellular space/secreted,Swiss-Prot,0
Q7SXF6,True,,7955,Extracellular region,Extracellular space/secreted,Swiss-Prot,0
D4AB34,True,,10116,Extracellular region|Extracellular space,Extracellular space/secreted,Swiss-Prot,0
Q6PGN1,True,,10090,Extracellular region|Extracellular space,Extracellular space/secreted,Swiss-Prot,0
Q4G063,True,,10116,Extracellular space,,Swiss-Prot,0
Q98ST5,True,ECM Glycoproteins|Core matrisome,9031,Extracellular space,Extracellular space/secreted,Swiss-Prot,0
P29319,True,,10090,Extracellular region,Extracellular space/secreted,Swiss-Prot,0
P97605,True,,10116,Basement membrane,,Swiss-Prot,0
P70709,True,,10116,Extracellular space,,Swiss-Prot,0
Q8CGD2,True,ECM Glycoproteins|Core matrisome,10090,Extracellular space,Extracellular space/secreted,Swiss-Prot,0
A6QLZ7,True,ECM Glycoproteins|Core matrisome,9913,Extracellular matrix|Extracellular space,Extracellular space/secreted,Swiss-Prot,0
Q8BZQ2,True,ECM Glycoproteins|Core matrisome,10090,Extracellular matrix|Extracellular space,Extracellular space/secreted,Swiss-Prot,0
E9Q8T7,True,,10090,Extracellular region,,Swiss-Prot,0
P50418,True,,9986,Extracellular region,Extracellular space/secreted,Swiss-Prot,0
P55850,True,,10090,Extracellular region,,Swiss-Prot,0
Q9HC73,True,,9606,Extracellular region,Extracellular space/secreted,Swiss-Prot,0
Q60779,True,,10090,Extracellular region,,Swiss-Prot,0
F1QNW4,True,,7955,Extracellular region,,Swiss-Prot,0
O89107,True,,10116,Extracellular region,Extracellular space/secreted,Swiss-Prot,0
O55070,True,,10090,Extracellular region,Extracellular space/secreted,Swiss-Prot,0
Q9CYD3,True,,10090,Extracellular space,Extracellular matrix|Extracellular space/secreted,Swiss-Prot,0
Q8CG14,True,,10090,Extracellular region|Extracellular space,,Swiss-Prot,0
Q9QZK9,True,,10116,Extracellular region,,Swiss-Prot,0
Q8CFG8,True,,10090,Extracellular region|Extracellular space,,Swiss-Prot,0
Q02862,True,,10090,Extracellular region|Extracellular space,Extracellular space/secreted,Swiss-Prot,0
P98193,True,,10116,Extracellular matrix|Extracellular region,Extracellular matrix|Extracellular space/secreted,Swiss-Prot,0
O55188,True,ECM Glycoproteins|Core matrisome,10090,Extracellular matrix|Extracellular region,Extracellular matrix|Extracellular space/secreted,Swiss-Prot,0
P43030,True,,9823,Extracellular space,Extracellular space/secreted,Swiss-Prot,0
P80221,True,Secreted Factors|Matrisome-associated,9913,Extracellular space,Extracellular space/secreted,Swiss-Prot,0
P97885,True,,10116,Extracellular space,Extracellular space/secreted,Swiss-Prot,0
P22387,True,,10090,Extracellular space,Extracellular space/secreted,Swiss-Prot,0
P08650,True,,10116,Extracellular space,Extracellular space/secreted,Swiss-Prot,0
P01032,True,,9823,Extracellular region,Extracellular space/secreted,Swiss-Prot,0
P12082,True,,9913,Extracellular region,Extracellular space/secreted,Swiss-Prot,0
Q767J3,True,,9615,Extracellular region,Extracellular space/secreted,Swiss-Prot,0
Q3U962,True,Collagens|Core matrisome,10090,Extracellular space,Extracellular matrix|Extracellular space/secreted,Swiss-Prot,0
Q9YGI5,True,,9031,Extracellular region,Extracellular space/secreted,Swiss-Prot,0
O02775,True,,9913,Extracellular space,Extracellular space/secreted,Swiss-Prot,0
P97426,True,,10090,Extracellular space,,Swiss-Prot,0
P97425,True,,10090,Extracellular space,,Swiss-Prot,0
P01030,True,,9913,Extracellular space,Extracellular space/secreted,Swiss-Prot,0
P17322,True,,9913,Extracellular space,Extracellular space/secreted,Swiss-Prot,0
P13206,True,,9615,Extracellular space,Extracellular space/secreted,Swiss-Prot,0
Q9XSJ7,True,,9615,Extracellular space,Extracellular matrix|Extracellular space/secreted,Swiss-Prot,0
P09558,True,,9823,Extracellular space,Extracellular space/secreted,Swiss-Prot,0
P32018,True,Collagens|Core matrisome,9031,Extracellular region,Extracellular matrix|Extracellular space/secreted,Swiss-Prot,0
P29560,True,,9986,Extracellular space,Extracellular space/secreted,Swiss-Prot,0
P22388,True,,10116,Extracellular space,Extracellular space/secreted,Swiss-Prot,0
Q0VG49,True,,10090,Extracellular region,Extracellular space/secreted,Swiss-Prot,0
Q9Y6N3,True,,9606,Extracellular space,Extracellular space/secreted,Swiss-Prot,0
P0DMC2,True,,7955,Extracellular region|Extracellular space,Extracellular space/secreted,Swiss-Prot,0
P0DMC3,True,,9606,Extracellular region|Extracellular space,Extracellular space/secreted,Swiss-Prot,0
P0DMC4,True,,10090,Extracellular region|Extracellular space,Extracellular space/secreted,Swiss-Prot,0
Q9TUB5,True,,9823,Extracellular region,Extracellular space/secreted,Swiss-Prot,0
P0DP76,True,,10116,Extracellular region|Extracellular space,Extracellular space/secreted,Swiss-Prot,0
F1QC17,True,,7955,Extracellular region,Extracellular matrix|Extracellular space/secreted,Swiss-Prot,0
Q9D7Z6,True,,10090,Extracellular region,Extracellular space/secreted,Swiss-Prot,0
Q8MHZ9,True,,9913,Extracellular space,Extracellular space/secreted,Swiss-Prot,0
Q91VF5,True,ECM Glycoproteins|Core matrisome,10090,Extracellular matrix|Extracellular region,Extracellular matrix|Extracellular space/secreted,Swiss-Prot,0
P20785,True,Collagens|Core matrisome,9031,Extracellular space,Extracellular matrix|Extracellular space/secreted,Swiss-Prot,0
Q80X19,True,Collagens|Core matrisome,10090,Extracellular space,Extracellular matrix|Extracellular space/secreted,Swiss-Prot,0
P50228,True,Secreted Factors|Matrisome-associated,10090,Extracellular space,Extracellular space/secreted,Swiss-Prot,0
P82019,True,,10090,Extracellular space,Extracellular space/secreted,Swiss-Prot,0
Q10746,True,,10116,Extracellular space,Extracellular space/secreted,Swiss-Prot,0
Q6W5C0,True,Secreted Factors|Matrisome-associated,10090,Extracellular space,Extracellular space/secreted,Swiss-Prot,0
P30348,True,,10116,Extracellular space,Extracellular space/secreted,Swiss-Prot,0
P10889,True,Secreted Factors|Matrisome-associated,10090,Extracellular space,Extracellular space/secreted,Swiss-Prot,0
P46160,True,,9913,Extracellular space,Extracellular space/secreted,Swiss-Prot,0
A0A0R4INB9,True,,7955,Extracellular space,Extracellular space/secreted,Swiss-Prot,0
P82020,True,,10090,Extracellular space,Extracellular space/secreted,Swiss-Prot,0
O19039,True,,9940,Extracellular region,Extracellular space/secreted,Swiss-Prot,0
P46161,True,,9913,Extracellular space,Extracellular space/secreted,Swiss-Prot,0
Q9WTL0,True,,10090,Extracellular space,Extracellular space/secreted,Swiss-Prot,0
Q6Q0N0,True,,10116,Extracellular region,,Swiss-Prot,0
Q32ZI4,True,,10116,Extracellular space,Extracellular space/secreted,Swiss-Prot,0
P46162,True,,9913,Extracellular space,Extracellular space/secreted,Swiss-Prot,0
P01223,True,,9913,Extracellular space,Extracellular space/secreted,Swiss-Prot,0
Q8VEJ3,True,,10090,Extracellular space,Extracellular space/secreted,Swiss-Prot,0
O88514,True,,10116,Extracellular space,Extracellular space/secreted,Swiss-Prot,0
P46163,True,,9913,Extracellular space,Extracellular space/secreted,Swiss-Prot,0
Q9EPV9,True,,10090,Extracellular space,Extracellular space/secreted,Swiss-Prot,0
Q9DBB9,True,ECM Regulators|Matrisome-associated,10090,Extracellular matrix|Extracellular space,Extracellular space/secreted,Swiss-Prot,0
Q32ZI3,True,,10116,Extracellular space,Extracellular space/secreted,Swiss-Prot,0
P46164,True,,9913,Extracellular space,Extracellular space/secreted,Swiss-Prot,0
P17084,True,,10116,Extracellular region,Extracellular space/secreted,Swiss-Prot,0
Q91VD6,True,,10090,Extracellular space,Extracellular space/secreted,Swiss-Prot,0
P79729,True,,7955,Extracellular region,Extracellular space/secreted,Swiss-Prot,0
P42890,True,,9986,Extracellular region,Extracellular space/secreted,Swiss-Prot,0
Q9CQC2,True,,10090,Extracellular region,Extracellular space/secreted,Swiss-Prot,0
P11148,True,,9031,Extracellular region,Extracellular space/secreted,Swiss-Prot,0
Q61488,True,Secreted Factors|Matrisome-associated,10090,Extracellular region|Extracellular space,Extracellular space/secreted,Swiss-Prot,0
Q6IN38,True,,10116,Extracellular region,Extracellular space/secreted,Swiss-Prot,0
Q9W6F9,True,,7955,Extracellular region,Extracellular space/secreted,Swiss-Prot,0
Q149C3,True,,10090,Extracellular matrix|Extracellular space,,Swiss-Prot,0
P18137,True,,9823,Extracellular region,Extracellular space/secreted,Swiss-Prot,0
Q9N117,True,ECM Glycoproteins|Core matrisome,9913,Extracellular region,Extracellular matrix|Extracellular space/secreted,Swiss-Prot,0
Q5FVJ4,True,,10116,Basement membrane|Extracellular matrix,,Swiss-Prot,0
Q8BRJ3,True,,10090,Basement membrane|Extracellular matrix,,Swiss-Prot,0
O09037,True,ECM-affiliated Proteins|Matrisome-associated,10090,Extracellular space,Extracellular space/secreted,Swiss-Prot,0
P04944,True,,10090,Extracellular space,,Swiss-Prot,0
P04945,True,,10090,Extracellular space,,Swiss-Prot,0
A0A0C4DH55,True,,9606,Extracellular space,Extracellular space/secreted,Swiss-Prot,0
A0A087WSZ0,True,,9606,Extracellular space,Extracellular space/secreted,Swiss-Prot,0
A0A0A0MRZ8,True,,9606,Extracellular space,Extracellular space/secreted,Swiss-Prot,0
P82943,True,,9913,Extracellular space,Extracellular space/secreted,Swiss-Prot,0
A0A1D5PUP4,True,,9031,Extracellular space,,Swiss-Prot,0
Q61096,True,,10090,Extracellular space,Extracellular space/secreted,Swiss-Prot,0
Q8WN12,True,,9940,Extracellular region,Extracellular space/secreted,Swiss-Prot,0
P81278,True,,10116,Extracellular region,Extracellular space/secreted,Swiss-Prot,0
P81264,True,,9913,Extracellular region,Extracellular space/secreted,Swiss-Prot,0
A0A075B6S4,True,,9606,Extracellular space,Extracellular space/secreted,Swiss-Prot,0
A0A0C4DH25,True,,9606,Extracellular region|Extracellular space,Extracellular space/secreted,Swiss-Prot,0
A0A0A0MT36,True,,9606,Extracellular space,Extracellular space/secreted,Swiss-Prot,0
P05142,True,,10090,Extracellular region,Extracellular space/secreted,Swiss-Prot,0
E1B7R9,True,,9913,Extracellular region,,Swiss-Prot,0
P04768,True,Secreted Factors|Matrisome-associated,10090,Extracellular space,Extracellular space/secreted,Swiss-Prot,0
A0A0A0MRZ7,True,,9606,Extracellular space,Extracellular space/secreted,Swiss-Prot,0
P04095,True,Secreted Factors|Matrisome-associated,10090,Extracellular space,Extracellular space/secreted,Swiss-Prot,0
Q9JKL9,True,,10116,Extracellular space,Extracellular space/secreted,Swiss-Prot,0
A0A075B6S2,True,,9606,Extracellular space,Extracellular space/secreted,Swiss-Prot,0
Q9DAZ2,True,Secreted Factors|Matrisome-associated,10090,Extracellular space,Extracellular space/secreted,Swiss-Prot,0
Q9JII3,True,,10116,Extracellular space,Extracellular space/secreted,Swiss-Prot,0
P0DSN7,True,,9606,Extracellular space,Extracellular space/secreted,Swiss-Prot,0
Q9JHK0,True,Secreted Factors|Matrisome-associated,10090,Extracellular space,Extracellular space/secreted,Swiss-Prot,0
O93574,True,ECM Glycoproteins|Core matrisome,9031,Extracellular space,Extracellular matrix|Extracellular space/secreted,Swiss-Prot,0
P58751,True,,10116,Extracellular matrix|Extracellular space,Extracellular matrix|Extracellular space/secreted,Swiss-Prot,0
Q499A3,True,,7955,Extracellular region,,Swiss-Prot,0
Q54ZW5,True,,44689,Extracellular matrix,,Swiss-Prot,0
P81019,True,,9913,Extracellular space,Extracellular space/secreted,Swiss-Prot,0
Q3T052,True,ECM Regulators|Matrisome-associated,9913,Extracellular region,Extracellular space/secreted,Swiss-Prot,0
P04557,True,,9913,Extracellular space,Extracellular space/secreted,Swiss-Prot,0
P02784,True,,9913,Extracellular space,Extracellular space/secreted,Swiss-Prot,0
P79263,True,,9823,Extracellular region,Extracellular space/secreted,Swiss-Prot,0
A2VE29,True,ECM Regulators|Matrisome-associated,9913,Extracellular region,Extracellular space/secreted,Swiss-Prot,0
P02633,True,Secreted Factors|Matrisome-associated,9913,Extracellular space,,Swiss-Prot,0
Q8BJD1,True,ECM Regulators|Matrisome-associated,10090,Extracellular region,Extracellular space/secreted,Swiss-Prot,0
Q6YNR6,True,,9986,Extracellular region,Extracellular space/secreted,Swiss-Prot,0
O88310,True,ECM-affiliated Proteins|Matrisome-associated,10090,Extracellular space,Extracellular space/secreted,Swiss-Prot,0
Q80ZA0,True,,10090,Extracellular space,Extracellular space/secreted,Swiss-Prot,0
P30374,True,,9031,Extracellular region,Extracellular space/secreted,Swiss-Prot,0
P14132,True,,44689,Extracellular matrix,,Swiss-Prot,0
Q76P36,True,,44689,Extracellular matrix,,Swiss-Prot,0
Q0VC73,True,,9913,Extracellular region,,Swiss-Prot,0
Q54Y41,True,,44689,Extracellular matrix,,Swiss-Prot,0
Q54EG3,True,,44689,Extracellular matrix,,Swiss-Prot,0
P97347,True,Secreted Factors|Matrisome-associated,10090,Extracellular region,Extracellular matrix|Extracellular space/secreted,Swiss-Prot,0
O35292,True,,10090,Extracellular space,,Swiss-Prot,0
Q8VD89,True,,10116,Extracellular region,Extracellular space/secreted,Swiss-Prot,0
Q8VD88,True,,10116,Extracellular region,Extracellular space/secreted,Swiss-Prot,0
Q7M438,True,,44689,Extracellular region,,Swiss-Prot,0
Q54YG8,True,,44689,Extracellular region,Extracellular space/secreted,Swiss-Prot,0
P01045,True,ECM Regulators|Matrisome-associated,9913,Extracellular region,Extracellular space/secreted,Swiss-Prot,0
Q55BN7,True,,44689,Extracellular matrix,,Swiss-Prot,0
P81655,True,,9986,Extracellular region,Extracellular space/secreted,Swiss-Prot,0
A0JMF8,True,,7955,Extracellular region,,Swiss-Prot,0
Q9TRM8,True,,9615,Extracellular region,Extracellular space/secreted,Swiss-Prot,0
P01845,True,,10090,Extracellular region,,Swiss-Prot,0
P00716,True,,9986,Extracellular region,Extracellular space/secreted,Swiss-Prot,0
T1NXB5,True,,10090,Extracellular region,Extracellular space/secreted,Swiss-Prot,0
P00714,True,,10116,Extracellular region,Extracellular space/secreted,Swiss-Prot,0
Q91V13,True,,10090,Extracellular region,Extracellular space/secreted,Swiss-Prot,0
P28576,True,,10116,Extracellular space,Extracellular space/secreted,Swiss-Prot,0
Q95JB4,True,,9823,Extracellular region,Extracellular space/secreted,Swiss-Prot,0
P34007,True,,9986,Extracellular space,Extracellular space/secreted,Swiss-Prot,0
P20033,True,Secreted Factors|Matrisome-associated,10090,Extracellular space,Extracellular space/secreted,Swiss-Prot,0
Q2KJ15,True,Secreted Factors|Matrisome-associated,9913,Extracellular space,Extracellular space/secreted,Swiss-Prot,0
P11116,True,ECM-affiliated Proteins|Matrisome-associated,9913,Extracellular space,Extracellular matrix|Extracellular space/secreted,Swiss-Prot,0
P80964,True,,9823,Extracellular space,Extracellular space/secreted,Swiss-Prot,0
Q9QXN2,True,,10116,Extracellular region,Extracellular space/secreted,Swiss-Prot,0
Q49I35,True,,9823,Extracellular space,Extracellular matrix|Extracellular space/secreted,Swiss-Prot,0
Q3UN54,True,,10090,Extracellular space,Extracellular space/secreted,Swiss-Prot,0
D3YWX3,True,,10090,Extracellular region,Extracellular space/secreted,Swiss-Prot,0
P81184,True,,9940,Extracellular region,Extracellular matrix|Extracellular space/secreted,Swiss-Prot,0
Q8R4K8,True,ECM Regulators|Matrisome-associated,10090,Extracellular region|Extracellular space,Extracellular space/secreted,Swiss-Prot,0
P68248,True,,9031,Extracellular space,Extracellular space/secreted,Swiss-Prot,0
P01299,True,,9615,Extracellular space,Extracellular space/secreted,Swiss-Prot,0
Q50L44,True,,9031,Extracellular matrix|Extracellular space,,Swiss-Prot,0
P01302,True,,9913,Extracellular space,Extracellular space/secreted,Swiss-Prot,0
Q56JZ2,True,,9913,Extracellular region,Extracellular space/secreted,Swiss-Prot,0
P51433,True,,10116,Extracellular region,Extracellular space/secreted,Swiss-Prot,0
P97391,True,,10090,Extracellular region,Extracellular space/secreted,Swiss-Prot,0
Q8BZT7,True,,10090,Extracellular region,Extracellular space/secreted,Swiss-Prot,0
Q3URE9,True,,10090,Extracellular matrix|Extracellular space,,Swiss-Prot,0
Q6GQU6,True,,10090,Extracellular matrix|Extracellular space,,Swiss-Prot,0
Q1JPB9,True,,9913,Extracellular region,Extracellular space/secreted,Swiss-Prot,0
Q3UU35,True,,10090,Extracellular space,Extracellular space/secreted,Swiss-Prot,0
P20740,True,,9031,Extracellular space,Extracellular space/secreted,Swiss-Prot,0
Q6IE37,True,,9606,Extracellular space,Extracellular space/secreted,Swiss-Prot,0
Q28990,True,,9823,Extracellular region,,Swiss-Prot,0
Q6Q7I7,True,,9615,Extracellular space,Extracellular space/secreted,Swiss-Prot,0
Q95JC3,True,,9913,Extracellular region,Extracellular space/secreted,Swiss-Prot,0
P20034,True,,9823,Extracellular region,Extracellular space/secreted,Swiss-Prot,0
Q28905,True,,9940,Extracellular region,,Swiss-Prot,0
P81286,True,,9940,Extracellular region,Extracellular space/secreted,Swiss-Prot,0
P06867,True,,9823,Extracellular space,Extracellular space/secreted,Swiss-Prot,0
P09462,True,,9940,Extracellular region,Extracellular space/secreted,Swiss-Prot,0
P83204,True,,9940,Extracellular region,Extracellular space/secreted,Swiss-Prot,0
Q8K262,True,,10090,Extracellular region,Extracellular space/secreted,Swiss-Prot,0
O70417,True,,10116,Extracellular region|Extracellular space,Extracellular space/secreted,Swiss-Prot,0
P60990,True,,9986,Extracellular space,Extracellular space/secreted,Swiss-Prot,0
Q86YQ2,True,,9606,Extracellular region,Extracellular space/secreted,Swiss-Prot,0
B3EY83,True,,10116,Extracellular space,Extracellular space/secreted,Swiss-Prot,0
P02816,True,,10090,Extracellular region|Extracellular space,Extracellular space/secreted,Swiss-Prot,0
O70362,True,,10090,Extracellular matrix|Extracellular region|Extracellular space,Extracellular space/secreted,Swiss-Prot,0
P80109,True,,9913,Extracellular matrix|Extracellular space,Extracellular space/secreted,Swiss-Prot,0
P53715,True,,9823,Extracellular space,Extracellular space/secreted,Swiss-Prot,0
P43118,True,,10116,Extracellular region,,Swiss-Prot,0
Q05028,True,,10116,Extracellular space,Extracellular space/secreted,Swiss-Prot,0
A2AJB7,True,,10090,Extracellular space,Extracellular space/secreted,Swiss-Prot,0
P43117,True,,10090,Extracellular region,,Swiss-Prot,0
P00792,True,,9913,Extracellular region,Extracellular space/secreted,Swiss-Prot,0
P27823,True,,9986,Extracellular region,Extracellular space/secreted,Swiss-Prot,0
P06911,True,,10116,Extracellular region,Extracellular space/secreted,Swiss-Prot,0
Q6JVE9,True,,9606,Extracellular region,Extracellular space/secreted,Swiss-Prot,0
Q9D106,True,,10090,Extracellular region,Extracellular space/secreted,Swiss-Prot,0
Q9EQX6,True,,10116,Extracellular region|Extracellular space,Extracellular space/secreted,Swiss-Prot,0
Q8CI19,True,Secreted Factors|Matrisome-associated,10090,Extracellular region|Extracellular space,Extracellular space/secreted,Swiss-Prot,0
Q924P3,True,,10090,Extracellular region,Extracellular space/secreted,Swiss-Prot,0
Q9I946,True,Secreted Factors|Matrisome-associated,9031,Extracellular space,Extracellular space/secreted,Swiss-Prot,0
Q9D267,True,,10090,Extracellular space,Extracellular space/secreted,Swiss-Prot,0
Q95229,True,,9940,Extracellular region,Extracellular space/secreted,Swiss-Prot,0
Q8VBV2,True,,10116,Extracellular space,Extracellular space/secreted,Swiss-Prot,0
Q9GLY5,True,,9986,Extracellular region,Extracellular space/secreted,Swiss-Prot,0
Q3UW43,True,,10090,Extracellular region,Extracellular space/secreted,Swiss-Prot,0
Q7M742,True,,10090,Extracellular region,Extracellular space/secreted,Swiss-Prot,0
P0C7W2,True,,10116,Extracellular region,Extracellular space/secreted,Swiss-Prot,0
Q7TNI4,True,,10116,Extracellular region,Extracellular space/secreted,Swiss-Prot,0
P0C7W3,True,,10090,Extracellular region,Extracellular space/secreted,Swiss-Prot,0
Q8N2E6,True,,9606,Extracellular region,Extracellular space/secreted,Swiss-Prot,0
P0C7W1,True,,9913,Extracellular region,Extracellular space/secreted,Swiss-Prot,0
Q6AYR4,True,,10116,Extracellular region,,Swiss-Prot,0
Q75ZP3,True,,9823,Extracellular space,Extracellular space/secreted,Swiss-Prot,0
P21743,True,,10116,Extracellular space,Extracellular space/secreted,Swiss-Prot,0
Q9PTH3,True,,7955,Extracellular region|Extracellular space,Extracellular space/secreted,Swiss-Prot,0
Q9WU72,True,Secreted Factors|Matrisome-associated,10090,Extracellular space,Extracellular space/secreted,Swiss-Prot,0
Q5U405,True,,10090,Extracellular region,Extracellular space/secreted,Swiss-Prot,0
Q5TJ59,True,,9913,Extracellular matrix|Extracellular space,,Swiss-Prot,0
B3F211,True,,7955,Extracellular region|Extracellular space,Extracellular space/secreted,Swiss-Prot,0
P13384,True,ECM Glycoproteins|Core matrisome,9913,Extracellular region|Extracellular space,Extracellular space/secreted,Swiss-Prot,0
P49705,True,ECM Glycoproteins|Core matrisome,9031,Extracellular region|Extracellular space,Extracellular space/secreted,Swiss-Prot,0
P55099,True,,10090,Extracellular space,Extracellular space/secreted,Swiss-Prot,0
P24853,True,,9823,Extracellular region|Extracellular space,Extracellular space/secreted,Swiss-Prot,0
P12843,True,,10116,Extracellular region|Extracellular space,Extracellular space/secreted,Swiss-Prot,0
Q29400,True,,9940,Extracellular region|Extracellular space,Extracellular space/secreted,Swiss-Prot,0
P20959,True,ECM Glycoproteins|Core matrisome,9913,Extracellular space,Extracellular space/secreted,Swiss-Prot,0
P08858,True,,9913,Extracellular region,Extracellular space/secreted,Swiss-Prot,0
P15175,True,,9823,Extracellular space,Extracellular space/secreted,Swiss-Prot,0
P19851,True,,9031,Extracellular region,Extracellular space/secreted,Swiss-Prot,0
P48441,True,,10090,Extracellular space,,Swiss-Prot,0
P17803,True,,9823,Extracellular space,Extracellular space/secreted,Swiss-Prot,0
P19850,True,,9031,Extracellular region,Extracellular space/secreted,Swiss-Prot,0
P30123,True,,9986,Extracellular space,Extracellular space/secreted,Swiss-Prot,0
P01581,True,,10116,Extracellular region|Extracellular space,Extracellular space/secreted,Swiss-Prot,0
P17773,True,,9940,Extracellular space,Extracellular space/secreted,Swiss-Prot,0
O08727,True,,10116,Extracellular matrix|Extracellular space,Extracellular space/secreted,Swiss-Prot,0
Q80XF5,True,,10090,Extracellular region,Extracellular space/secreted,Swiss-Prot,0
Q9DBY4,True,,10090,Extracellular matrix|Extracellular space,,Swiss-Prot,0
P20060,True,,10090,Extracellular space,,Swiss-Prot,0
Q3SZV7,True,ECM-affiliated Proteins|Matrisome-associated,9913,Extracellular space,Extracellular space/secreted,Swiss-Prot,0
Q91X17,True,,10090,Extracellular space,Extracellular space/secreted,Swiss-Prot,0
Q862Z3,True,,9615,Extracellular space,Extracellular space/secreted,Swiss-Prot,0
P20057,True,ECM-affiliated Proteins|Matrisome-associated,9031,Extracellular region,Extracellular space/secreted,Swiss-Prot,0
P48733,True,,9913,Extracellular space,Extracellular space/secreted,Swiss-Prot,0
Q6PHG2,True,,7955,Extracellular space,Extracellular space/secreted,Swiss-Prot,0
Q5DID3,True,,10090,Extracellular space,,Swiss-Prot,0
Q5DID0,True,,9606,Extracellular space,,Swiss-Prot,0
P50828,True,,9823,Extracellular space,Extracellular space/secreted,Swiss-Prot,0
P20058,True,,9986,Extracellular region,Extracellular space/secreted,Swiss-Prot,0
P29598,True,,10116,Extracellular space,Extracellular space/secreted,Swiss-Prot,0
Q8MHY7,True,,9986,Extracellular space,Extracellular space/secreted,Swiss-Prot,0
P04185,True,,9823,Extracellular space,Extracellular space/secreted,Swiss-Prot,0
P15120,True,ECM Regulators|Matrisome-associated,9031,Extracellular space,Extracellular space/secreted,Swiss-Prot,0
Q496Z2,True,,10116,Extracellular matrix|Extracellular space,,Swiss-Prot,0
Q05589,True,ECM Regulators|Matrisome-associated,9913,Extracellular space,Extracellular space/secreted,Swiss-Prot,0
Q55BA2,True,,44689,Extracellular region,Extracellular space/secreted,Swiss-Prot,0
P98065,True,,9986,Extracellular region,Extracellular space/secreted,Swiss-Prot,0
Q6AXR4,True,,10116,Extracellular space,,Swiss-Prot,0
Q9R0T7,True,ECM Regulators|Matrisome-associated,10090,Extracellular region|Extracellular space,Extracellular space/secreted,Swiss-Prot,0
P08426,True,,10116,Extracellular space,Extracellular space/secreted,Swiss-Prot,0
P10247,True,,10116,Extracellular space,Extracellular space/secreted,Swiss-Prot,0
Q90629,True,,9031,Extracellular space,Extracellular space/secreted,Swiss-Prot,0
P07146,True,ECM Regulators|Matrisome-associated,10090,Extracellular region|Extracellular space,Extracellular space/secreted,Swiss-Prot,0
Q9JLS0,True,,10090,Extracellular space,Extracellular space/secreted,Swiss-Prot,0
Q90628,True,,9031,Extracellular space,Extracellular space/secreted,Swiss-Prot,0
P06872,True,,9615,Extracellular region|Extracellular space,Extracellular space/secreted,Swiss-Prot,0
Q29463,True,,9913,Extracellular region|Extracellular space,Extracellular space/secreted,Swiss-Prot,0
Q06807,True,,9913,Extracellular region,Extracellular space/secreted,Swiss-Prot,0
F1RRV3,True,,9823,Extracellular space,Extracellular space/secreted,Swiss-Prot,0
Q7TSL0,True,Secreted Factors|Matrisome-associated,10090,Extracellular space,Extracellular space/secreted,Swiss-Prot,0
P08998,True,Secreted Factors|Matrisome-associated,9031,Extracellular space,Extracellular space/secreted,Swiss-Prot,0
P97604,True,,10116,Extracellular space,Extracellular space/secreted,Swiss-Prot,0
Q9NWH7,True,,9606,Extracellular region,Extracellular space/secreted,Swiss-Prot,0
Q9XSJ6,True,,9940,Extracellular space,Extracellular space/secreted,Swiss-Prot,0
P05016,True,Secreted Factors|Matrisome-associated,9913,Extracellular space,Extracellular space/secreted,Swiss-Prot,0
Q29416,True,,9615,Extracellular space,Extracellular space/secreted,Swiss-Prot,0
P04823,True,,10116,Extracellular space,Extracellular space/secreted,Swiss-Prot,0
Q2KJG1,True,,9913,Extracellular region,Extracellular space/secreted,Swiss-Prot,0
Q06435,True,,9940,Extracellular space,Extracellular space/secreted,Swiss-Prot,0
Q6UX52,True,,9606,Extracellular space,Extracellular space/secreted,Swiss-Prot,0
Q9CX63,True,,10090,Extracellular space,Extracellular space/secreted,Swiss-Prot,0
Q9CQK8,True,,10090,Extracellular region,Extracellular space/secreted,Swiss-Prot,0
P16382,True,,10090,Extracellular space,Extracellular space/secreted,Swiss-Prot,0
P0C7V6,True,,9606,Extracellular space,,Swiss-Prot,0
P33711,True,,9615,Extracellular space,Extracellular space/secreted,Swiss-Prot,0
Q95253,True,,9823,Extracellular space,Extracellular space/secreted,Swiss-Prot,0
P01246,True,,9913,Extracellular space,Extracellular space/secreted,Swiss-Prot,0
Q6JHY2,True,ECM-affiliated Proteins|Matrisome-associated,10090,Extracellular region,Extracellular space/secreted,Swiss-Prot,0
Q63257,True,,10116,Extracellular space,Extracellular space/secreted,Swiss-Prot,0
Q63673,True,,10116,Extracellular matrix|Extracellular space,,Swiss-Prot,0
P30367,True,Secreted Factors|Matrisome-associated,9913,Extracellular space,Extracellular space/secreted,Swiss-Prot,0
O77762,True,,9615,Extracellular space,Extracellular space/secreted,Swiss-Prot,0
Q92008,True,,7955,Extracellular space,,Swiss-Prot,0
P01311,True,,9986,Extracellular region,Extracellular space/secreted,Swiss-Prot,0
A0JNP2,True,,9913,Extracellular space,Extracellular space/secreted,Swiss-Prot,0
P01002,True,,9615,Extracellular region,Extracellular space/secreted,Swiss-Prot,0
Q8CDK3,True,,10090,Extracellular region,,Swiss-Prot,0
O02741,True,,9913,Extracellular region,Extracellular space/secreted,Swiss-Prot,0
Q05702,True,,10116,Extracellular region,Extracellular space/secreted,Swiss-Prot,0
Q3Y5G8,True,,9986,Extracellular space,Extracellular space/secreted,Swiss-Prot,0
P48346,True,Secreted Factors|Matrisome-associated,10090,Extracellular region|Extracellular space,Extracellular space/secreted,Swiss-Prot,0
Q99041,True,,10116,Extracellular region,Extracellular space/secreted,Swiss-Prot,0
P10764,True,,9940,Extracellular space,Extracellular space/secreted,Swiss-Prot,0
Q4VK74,True,,10090,Extracellular region|Extracellular space,Extracellular space/secreted,Swiss-Prot,0
B4ER10,True,,9031,Extracellular space,Extracellular space/secreted,Swiss-Prot,0
Q8BZH1,True,ECM Regulators|Matrisome-associated,10090,Extracellular region,Extracellular space/secreted,Swiss-Prot,0
Q9WVJ6,True,,10116,Extracellular matrix|Extracellular region,Extracellular matrix|Extracellular space/secreted,Swiss-Prot,0
Q8CGK6,True,,10090,Extracellular region|Extracellular space,Extracellular space/secreted,Swiss-Prot,0
K9M1U5,True,,9606,Extracellular space,Extracellular space/secreted,Swiss-Prot,0
P15696,True,Secreted Factors|Matrisome-associated,9913,Extracellular space,Extracellular space/secreted,Swiss-Prot,0
P56828,True,,9940,Extracellular space,Extracellular space/secreted,Swiss-Prot,0
P07456,True,Secreted Factors|Matrisome-associated,9913,Extracellular space,Extracellular space/secreted,Swiss-Prot,0
P33717,True,Secreted Factors|Matrisome-associated,9031,Extracellular space,Extracellular space/secreted,Swiss-Prot,0
P09535,True,Secreted Factors|Matrisome-associated,10090,Extracellular space,Extracellular space/secreted,Swiss-Prot,0
P23695,True,,9823,Extracellular space,Extracellular space/secreted,Swiss-Prot,0
Q01841,True,ECM Regulators|Matrisome-associated,9031,Extracellular region,Extracellular matrix|Extracellular space/secreted,Swiss-Prot,0
P51176,True,ECM Regulators|Matrisome-associated,9913,Extracellular region,Extracellular matrix|Extracellular space/secreted,Swiss-Prot,0
Q28028,True,Secreted Factors|Matrisome-associated,9913,Extracellular space,Extracellular space/secreted,Swiss-Prot,0
P43025,True,ECM-affiliated Proteins|Matrisome-associated,10090,Extracellular matrix|Extracellular space,Extracellular space/secreted,Swiss-Prot,0
Q2KIS7,True,ECM-affiliated Proteins|Matrisome-associated,9913,Extracellular space,Extracellular space/secreted,Swiss-Prot,0
Q6B9Z1,True,,9606,Extracellular space,Extracellular space/secreted,Swiss-Prot,0
P04610,True,,11686,Extracellular region,Extracellular space/secreted,Swiss-Prot,0
Q54VL1,True,,44689,Extracellular matrix|Extracellular region,Extracellular space/secreted,Swiss-Prot,0
Q70TH4,True,,9940,Extracellular region,Extracellular space/secreted,Swiss-Prot,0
Q98938,True,Secreted Factors|Matrisome-associated,9031,Extracellular matrix|Extracellular space,Extracellular space/secreted,Swiss-Prot,0
Q98862,True,,7955,Extracellular space,Extracellular space/secreted,Swiss-Prot,0
Q28920,True,,9823,Extracellular region,Extracellular space/secreted,Swiss-Prot,0
Q99MU5,True,,10116,Extracellular region,Extracellular space/secreted,Swiss-Prot,0
Q3U6K5,True,,10090,Extracellular region,Extracellular space/secreted,Swiss-Prot,0
Q95J68,True,,9823,Extracellular space,Extracellular space/secreted,Swiss-Prot,0
P42203,True,,10116,Extracellular region|Extracellular space,Extracellular space/secreted,Swiss-Prot,0
P20764,True,,10090,Extracellular region,Extracellular space/secreted,Swiss-Prot,0
P19222,True,,10116,Extracellular region|Extracellular space,Extracellular space/secreted,Swiss-Prot,0
P49879,True,,9823,Extracellular space,Extracellular space/secreted,Swiss-Prot,0
P48747,True,,9986,Extracellular space,Extracellular space/secreted,Swiss-Prot,0
Q3MHN2,True,,9913,Extracellular space,Extracellular space/secreted,Swiss-Prot,0
P32017,True,Collagens|Core matrisome,9031,Extracellular space,Extracellular matrix|Extracellular space/secreted,Swiss-Prot,0
Q07643,True,Collagens|Core matrisome,10090,Extracellular space,Extracellular matrix|Extracellular space/secreted,Swiss-Prot,0
P12108,True,Collagens|Core matrisome,9031,Extracellular space,Extracellular matrix|Extracellular space/secreted,Swiss-Prot,0
C0HLN2,True,Collagens|Core matrisome,9913,Extracellular space,Extracellular matrix|Extracellular space/secreted,Swiss-Prot,0
P20850,True,,10116,Extracellular region,Extracellular matrix|Extracellular space/secreted,Swiss-Prot,0
Q05722,True,Collagens|Core matrisome,10090,Extracellular space,Extracellular matrix|Extracellular space/secreted,Swiss-Prot,0
P12106,True,Collagens|Core matrisome,9031,Extracellular space,Extracellular matrix|Extracellular space/secreted,Swiss-Prot,0
Q28679,True,,9986,Extracellular region,Extracellular space/secreted,Swiss-Prot,0
Q8VCG4,True,,10090,Extracellular region|Extracellular space,Extracellular space/secreted,Swiss-Prot,0
P02467,True,Collagens|Core matrisome,9031,Extracellular space,Extracellular matrix|Extracellular space/secreted,Swiss-Prot,0
O46392,True,,9615,Extracellular space,Extracellular matrix|Extracellular space/secreted,Swiss-Prot,0
P02456,True,,9986,Extracellular region,Extracellular matrix|Extracellular space/secreted,Swiss-Prot,0
Q2L6K8,True,,7955,Extracellular region,Extracellular space/secreted,Swiss-Prot,0
Q3SWX1,True,,9913,Extracellular region,Extracellular space/secreted,Swiss-Prot,0
Q8K2W9,True,,10090,Extracellular region,Extracellular space/secreted,Swiss-Prot,0
A0JPQ9,True,,10116,Extracellular space,Extracellular space/secreted,Swiss-Prot,0
Q922Q9,True,,10090,Extracellular space,Extracellular space/secreted,Swiss-Prot,0
Q54G42,True,,44689,Extracellular region,Extracellular space/secreted,Swiss-Prot,0
Q7SYK0,True,,7955,Extracellular region,Extracellular space/secreted,Swiss-Prot,0
Q5EAB4,True,,9913,Extracellular space,Extracellular space/secreted,Swiss-Prot,0
Q8C6S9,True,,10090,Extracellular region,,Swiss-Prot,0
Q9D439,True,,10090,Extracellular region,,Swiss-Prot,0
P06683,True,,10090,Extracellular space,Extracellular space/secreted,Swiss-Prot,0
Q5EA64,True,ECM Glycoproteins|Core matrisome,9913,Extracellular region,Extracellular space/secreted,Swiss-Prot,0
P97636,True,,10116,Extracellular space,Extracellular space/secreted,Swiss-Prot,0
Q62507,True,ECM Glycoproteins|Core matrisome,10090,Extracellular matrix|Extracellular region,Extracellular space/secreted,Swiss-Prot,0
P46166,True,,9913,Extracellular space,Extracellular space/secreted,Swiss-Prot,0
Q91V70,True,,10090,Extracellular space,Extracellular space/secreted,Swiss-Prot,0
P46165,True,,9913,Extracellular space,Extracellular space/secreted,Swiss-Prot,0
Q62715,True,,10116,Extracellular space,Extracellular space/secreted,Swiss-Prot,0
P07468,True,,9986,Extracellular region,Extracellular space/secreted,Swiss-Prot,0
P14841,True,,10116,Basement membrane|Extracellular region|Extracellular space,Extracellular space/secreted,Swiss-Prot,0
O97862,True,,9986,Extracellular region,Extracellular space/secreted,Swiss-Prot,0
P04988,True,,44689,Extracellular space,,Swiss-Prot,0
P16643,True,,44689,Extracellular matrix,,Swiss-Prot,0
Q5ENY9,True,,9940,Extracellular region,Extracellular space/secreted,Swiss-Prot,0
P41316,True,,9986,Extracellular region,Extracellular space/secreted,Swiss-Prot,0
Q7M2W6,True,,9823,Extracellular region,Extracellular space/secreted,Swiss-Prot,0
Q03402,True,,10090,Extracellular space,,Swiss-Prot,0
P16563,True,,10090,Extracellular space,Extracellular space/secreted,Swiss-Prot,0
P12020,True,,10116,Extracellular region|Extracellular space,Extracellular space/secreted,Swiss-Prot,0
Q8VEA6,True,Secreted Factors|Matrisome-associated,10090,Extracellular region,Extracellular space/secreted,Swiss-Prot,0
Q63135,True,,10116,Extracellular space,,Swiss-Prot,0
Q64735,True,,10090,Extracellular space,,Swiss-Prot,0
A2A974,True,,10090,Extracellular space,,Swiss-Prot,0
P23805,True,,9913,Extracellular space,,Swiss-Prot,0
Q90584,True,Collagens|Core matrisome,9031,Basement membrane|Extracellular space,Basement membrane|Extracellular matrix|Extracellular space/secreted,Swiss-Prot,0
Q9N281,True,,9615,Basement membrane|Extracellular space,Basement membrane|Extracellular matrix|Extracellular space/secreted,Swiss-Prot,0
Q9R1N9,True,Collagens|Core matrisome,10090,Extracellular space,,Swiss-Prot,0
A0A0R4IFG5,True,,7955,Extracellular region,,Swiss-Prot,0
Q9UKY3,True,,9606,Extracellular region,Extracellular space/secreted,Swiss-Prot,0
Q9XT27,True,,9940,Extracellular region,Extracellular space/secreted,Swiss-Prot,0
Q29461,True,ECM Regulators|Matrisome-associated,9913,Extracellular region|Extracellular space,Extracellular space/secreted,Swiss-Prot,0
P15089,True,,10090,Extracellular space,,Swiss-Prot,0
P49920,True,,9940,Extracellular space,Extracellular space/secreted,Swiss-Prot,0
P23775,True,,9986,Extracellular space,Extracellular space/secreted,Swiss-Prot,0
P00786,True,,10116,Extracellular space,,Swiss-Prot,0
O46427,True,,9823,Extracellular space,,Swiss-Prot,0
P49935,True,ECM Regulators|Matrisome-associated,10090,Extracellular space,,Swiss-Prot,0
Q3T0I2,True,ECM Regulators|Matrisome-associated,9913,Extracellular space,,Swiss-Prot,0
P17977,True,,10116,Extracellular space,Extracellular space/secreted,Swiss-Prot,0
P28293,True,ECM Regulators|Matrisome-associated,10090,Extracellular space,Extracellular space/secreted,Swiss-Prot,0
Q9R013,True,ECM Regulators|Matrisome-associated,10090,Extracellular space,,Swiss-Prot,0
P11839,True,,9940,Extracellular region,Extracellular space/secreted,Swiss-Prot,0
P02665,True,,10116,Extracellular region|Extracellular space,Extracellular space/secreted,Swiss-Prot,0
P09116,True,,9986,Extracellular region,Extracellular space/secreted,Swiss-Prot,0
P39037,True,,9823,Extracellular space,Extracellular space/secreted,Swiss-Prot,0
P10598,True,,10090,Extracellular region|Extracellular space,Extracellular space/secreted,Swiss-Prot,0
P08060,True,,9940,Extracellular region,Extracellular space/secreted,Swiss-Prot,0
P18761,True,,10090,Extracellular space,Extracellular space/secreted,Swiss-Prot,0
Q8R066,True,ECM-affiliated Proteins|Matrisome-associated,10090,Extracellular space,Extracellular space/secreted,Swiss-Prot,0
Q9ES30,True,ECM-affiliated Proteins|Matrisome-associated,10090,Extracellular region|Extracellular space,Extracellular space/secreted,Swiss-Prot,0
Q9D8U4,True,ECM-affiliated Proteins|Matrisome-associated,10090,Extracellular space,Extracellular space/secreted,Swiss-Prot,0
Q5XIG2,True,,10116,Extracellular space,Extracellular space/secreted,Swiss-Prot,0
Q4ZJM9,True,ECM-affiliated Proteins|Matrisome-associated,10090,Extracellular space,Extracellular space/secreted,Swiss-Prot,0
P17453,True,,9913,Extracellular space,Extracellular space/secreted,Swiss-Prot,0
P21961,True,,10116,Extracellular space,,Swiss-Prot,0
Q6P8K8,True,,10090,Extracellular space,Extracellular space/secreted,Swiss-Prot,0
Q8R4H4,True,,10090,Extracellular space,Extracellular space/secreted,Swiss-Prot,0
P10855,True,Secreted Factors|Matrisome-associated,10090,Extracellular region|Extracellular space,Extracellular space/secreted,Swiss-Prot,0
P10252,True,,10116,Extracellular region,Extracellular space/secreted,Swiss-Prot,0
P18181,True,,10090,Extracellular region,Extracellular space/secreted,Swiss-Prot,0
P11610,True,,10090,Extracellular space,,Swiss-Prot,0
P46632,True,,9986,Extracellular space,Extracellular space/secreted,Swiss-Prot,0
Q711P4,True,,9823,Extracellular space,Extracellular space/secreted,Swiss-Prot,0
P14097,True,Secreted Factors|Matrisome-associated,10090,Extracellular space,Extracellular space/secreted,Swiss-Prot,0
Q90826,True,Secreted Factors|Matrisome-associated,9031,Extracellular space,Extracellular space/secreted,Swiss-Prot,0
Q68AZ0,True,,9615,Extracellular space,Extracellular space/secreted,Swiss-Prot,0
Q17QA1,True,Secreted Factors|Matrisome-associated,9913,Extracellular space,Extracellular space/secreted,Swiss-Prot,0
P50229,True,,10116,Extracellular region|Extracellular space,Extracellular space/secreted,Swiss-Prot,0
Q68A92,True,,9615,Extracellular space,Extracellular space/secreted,Swiss-Prot,0
Q5U901,True,,10090,Extracellular space,Extracellular matrix|Extracellular space/secreted,Swiss-Prot,0
Q8SQA6,True,Secreted Factors|Matrisome-associated,9913,Extracellular space,Extracellular space/secreted,Swiss-Prot,0
P14844,True,,10116,Extracellular region|Extracellular space,Extracellular space/secreted,Swiss-Prot,0
P28292,True,,9986,Extracellular space,Extracellular space/secreted,Swiss-Prot,0
Q3MI99,True,Secreted Factors|Matrisome-associated,10090,Extracellular matrix|Extracellular space,Extracellular space/secreted,Swiss-Prot,0
A8WGB1,True,,7955,Extracellular region,Extracellular space/secreted,Swiss-Prot,0
B8JLQ9,True,,7955,Extracellular space,,Swiss-Prot,0
Q0II73,True,,9913,Extracellular space,,Swiss-Prot,0
Q9EQV8,True,,10116,Extracellular space,Extracellular space/secreted,Swiss-Prot,0
Q9JJN5,True,,10090,Extracellular space,Extracellular space/secreted,Swiss-Prot,0
Q2KJ83,True,,9913,Extracellular space,Extracellular space/secreted,Swiss-Prot,0
Q91V82,True,,10090,Extracellular space,Extracellular space/secreted,Swiss-Prot,0
P46167,True,,9913,Extracellular space,Extracellular space/secreted,Swiss-Prot,0
Q8R2I6,True,,10090,Extracellular space,Extracellular space/secreted,Swiss-Prot,0
Q9ESY9,True,,10090,Extracellular region,Extracellular space/secreted,Swiss-Prot,0
A8MTL9,True,ECM Regulators|Matrisome-associated,9606,Extracellular space,Extracellular space/secreted,Swiss-Prot,0
Q867B7,True,,9615,Extracellular space,,Swiss-Prot,0
Q76BS1,True,Secreted Factors|Matrisome-associated,9913,Extracellular space,,Swiss-Prot,0
Q24K22,True,Secreted Factors|Matrisome-associated,9913,Extracellular space,Extracellular space/secreted,Swiss-Prot,0
Q9R098,True,Secreted Factors|Matrisome-associated,10090,Extracellular space,Extracellular space/secreted,Swiss-Prot,0
Q6QNF4,True,,9615,Extracellular space,Extracellular space/secreted,Swiss-Prot,0
O54947,True,,10116,Extracellular space,,Swiss-Prot,0
P14428,True,,10090,Extracellular space,,Swiss-Prot,0
P04223,True,,10090,Extracellular space,,Swiss-Prot,0
P15979,True,,9031,Extracellular space,,Swiss-Prot,0
P13753,True,,9913,Extracellular space,,Swiss-Prot,0
P13752,True,,9913,Extracellular space,,Swiss-Prot,0
P14431,True,,10090,Extracellular space,,Swiss-Prot,0
P18466,True,,9615,Extracellular space,,Swiss-Prot,0
P14430,True,,10090,Extracellular space,,Swiss-Prot,0
P14427,True,,10090,Extracellular space,,Swiss-Prot,0
P14426,True,,10090,Extracellular space,,Swiss-Prot,0
Q76NW2,True,,44689,Extracellular matrix,,Swiss-Prot,0
P51653,True,,10116,Extracellular region,Extracellular space/secreted,Swiss-Prot,0
Q8BKV1,True,ECM-affiliated Proteins|Matrisome-associated,10090,Extracellular region,Extracellular space/secreted,Swiss-Prot,0
Q9CWG1,True,,10090,Extracellular space,,Swiss-Prot,0
Q8VC60,True,,10090,Extracellular space,Extracellular space/secreted,Swiss-Prot,0
Q499T2,True,,10116,Extracellular region,Extracellular space/secreted,Swiss-Prot,0
P55252,True,Proteoglycans|Core matrisome,9913,Extracellular space,Extracellular matrix|Extracellular space/secreted,Swiss-Prot,0
Q148F8,True,,9913,Extracellular region,Extracellular space/secreted,Swiss-Prot,0
P97541,True,,10116,Extracellular region,Extracellular space/secreted,Swiss-Prot,0
A0A075B6Q5,True,,9606,Extracellular region,Extracellular space/secreted,Swiss-Prot,0
P70380,True,Secreted Factors|Matrisome-associated,10090,Extracellular space,Extracellular space/secreted,Swiss-Prot,0
Q6A2H4,True,Secreted Factors|Matrisome-associated,9031,Extracellular region|Extracellular space,Extracellular space/secreted,Swiss-Prot,0
P48411,True,,9615,Extracellular region|Extracellular space,Extracellular space/secreted,Swiss-Prot,0
P43480,True,Secreted Factors|Matrisome-associated,9913,Extracellular space,Extracellular space/secreted,Swiss-Prot,0
Q6IVW0,True,,7955,Extracellular region,,Swiss-Prot,0
Q29545,True,,9823,Extracellular space,Extracellular space/secreted,Swiss-Prot,0
Q9DBD0,True,,10090,Extracellular space,Extracellular space/secreted,Swiss-Prot,0
Q9Z0M9,True,,10090,Extracellular space,Extracellular space/secreted,Swiss-Prot,0
Q60819,True,,10090,Extracellular region,Extracellular space/secreted,Swiss-Prot,0
A0A0C4DH42,True,,9606,Extracellular region,Extracellular space/secreted,Swiss-Prot,0
P01767,True,,9606,Extracellular region,Extracellular space/secreted,Swiss-Prot,0
P01782,True,,9606,Extracellular region,Extracellular space/secreted,Swiss-Prot,0
A0A0A0MS15,True,,9606,Extracellular region,Extracellular space/secreted,Swiss-Prot,0
A0A0B4J1X8,True,,9606,Extracellular region,Extracellular space/secreted,Swiss-Prot,0
A0A0C4DH36,True,,9606,Extracellular region,Extracellular space/secreted,Swiss-Prot,0
A0A0C4DH35,True,,9606,Extracellular region,Extracellular space/secreted,Swiss-Prot,0
P01768,True,,9606,Extracellular region|Extracellular space,Extracellular space/secreted,Swiss-Prot,0
A0A0B4J1V1,True,,9606,Extracellular region,Extracellular space/secreted,Swiss-Prot,0
A0A0C4DH32,True,,9606,Extracellular region,Extracellular space/secreted,Swiss-Prot,0
A0A0C4DH30,True,,9606,Extracellular region,Extracellular space/secreted,Swiss-Prot,0
A0A0B4J1V0,True,,9606,Extracellular region,Extracellular space/secreted,Swiss-Prot,0
P01762,True,,9606,Extracellular region,Extracellular space/secreted,Swiss-Prot,0
B3SP85,True,,9823,Extracellular region,Extracellular space/secreted,Swiss-Prot,0
Q5XJN2,True,,7955,Extracellular region,Extracellular space/secreted,Swiss-Prot,0
Q32ZI2,True,,10116,Extracellular space,Extracellular space/secreted,Swiss-Prot,0
Q3SX14,True,,9913,Extracellular space,,Swiss-Prot,0
Q24K21,True,,9913,Extracellular region,,Swiss-Prot,0
P42530,True,,44689,Extracellular matrix,,Swiss-Prot,0
P02888,True,,44689,Extracellular matrix,,Swiss-Prot,0
P02887,True,,44689,Extracellular matrix,,Swiss-Prot,0
P02886,True,,44689,Extracellular matrix,,Swiss-Prot,0
Q8C3I9,True,,10090,Extracellular region,Extracellular space/secreted,Swiss-Prot,0
Q58CX7,True,,9913,Extracellular region,Extracellular space/secreted,Swiss-Prot,0
Q3USZ8,True,,10090,Extracellular region|Extracellular space,Extracellular space/secreted,Swiss-Prot,0
Q32ZH7,True,,10116,Extracellular space,Extracellular space/secreted,Swiss-Prot,0
Q7TNV9,True,,10090,Extracellular space,Extracellular space/secreted,Swiss-Prot,0
Q32ZH8,True,,10116,Extracellular region,Extracellular space/secreted,Swiss-Prot,0
Q8R2I4,True,,10090,Extracellular region,Extracellular space/secreted,Swiss-Prot,0
P46171,True,,9913,Extracellular space,Extracellular space/secreted,Swiss-Prot,0
Q32ZH9,True,,10116,Extracellular region,Extracellular space/secreted,Swiss-Prot,0
Q8K4N3,True,,10090,Extracellular region,Extracellular space/secreted,Swiss-Prot,0
P46170,True,,9913,Extracellular space,Extracellular space/secreted,Swiss-Prot,0
Q32ZI0,True,,10116,Extracellular space,Extracellular space/secreted,Swiss-Prot,0
Q8R2I7,True,,10090,Extracellular space,Extracellular space/secreted,Swiss-Prot,0
P46169,True,,9913,Extracellular space,Extracellular space/secreted,Swiss-Prot,0
Q32ZI1,True,,10116,Extracellular space,Extracellular space/secreted,Swiss-Prot,0
Q8R2I8,True,,10090,Extracellular space,Extracellular space/secreted,Swiss-Prot,0
P46168,True,,9913,Extracellular space,Extracellular space/secreted,Swiss-Prot,0
P17534,True,,10090,Extracellular space,Extracellular space/secreted,Swiss-Prot,0
Q6AYM4,True,,10116,Extracellular region,,Swiss-Prot,0
P0CT31,True,,44689,Extracellular matrix,,Swiss-Prot,0
P15112,True,,44689,Extracellular matrix,,Swiss-Prot,0
P0CH38,True,,10116,Extracellular region,Extracellular space/secreted,Swiss-Prot,0
P13466,True,,44689,Extracellular matrix,,Swiss-Prot,0
O42220,True,Secreted Factors|Matrisome-associated,9031,Extracellular space,Extracellular space/secreted,Swiss-Prot,0
Q6UKZ8,True,,9615,Extracellular space,Extracellular space/secreted,Swiss-Prot,0
O18836,True,Secreted Factors|Matrisome-associated,9913,Extracellular space,Extracellular space/secreted,Swiss-Prot,0
Q6HA10,True,,10116,Extracellular space,Extracellular space/secreted,Swiss-Prot,0
P43028,True,Secreted Factors|Matrisome-associated,10090,Extracellular space,Extracellular space/secreted,Swiss-Prot,0
Q3UY90,True,,10090,Extracellular region,Extracellular space/secreted,Swiss-Prot,0
P49772,True,,10090,Extracellular region|Extracellular space,Extracellular space/secreted,Swiss-Prot,0
E9Q9R3,True,,10090,Extracellular region,Extracellular space/secreted,Swiss-Prot,0
Q6SJP8,True,,7955,Extracellular space,Extracellular space/secreted,Swiss-Prot,0
O77783,True,,9913,Extracellular space,Extracellular space/secreted,Swiss-Prot,0
P55772,True,,10090,Basement membrane|Extracellular space,,Swiss-Prot,0
Q6AW47,True,,9615,Extracellular region,Extracellular space/secreted,Swiss-Prot,0
Q8R0W5,True,,10090,Extracellular region,Extracellular space/secreted,Swiss-Prot,0
Q5XG92,True,,9606,Extracellular region,Extracellular space/secreted,Swiss-Prot,0
P0C6R3,True,,9913,Extracellular region,Extracellular space/secreted,Swiss-Prot,0
Q7YR83,True,,9823,Extracellular region,Extracellular space/secreted,Swiss-Prot,0
Q9GL25,True,,9615,Extracellular region,Extracellular space/secreted,Swiss-Prot,0
A8R0V4,True,,10090,Extracellular space,Extracellular space/secreted,Swiss-Prot,0
O08644,True,,10090,Extracellular region,Extracellular space/secreted,Swiss-Prot,0
O35795,True,,10116,Basement membrane,,Swiss-Prot,0
P97687,True,,10116,Basement membrane|Extracellular space,,Swiss-Prot,0
Q8C186,True,,10090,Extracellular space,Extracellular space/secreted,Swiss-Prot,0
Q8NFQ6,True,,9606,Extracellular space,Extracellular space/secreted,Swiss-Prot,0
Q8BU51,True,,10090,Extracellular region,Extracellular space/secreted,Swiss-Prot,0
Q32KU2,True,,9913,Extracellular region,Extracellular space/secreted,Swiss-Prot,0
P22057,True,,10116,Extracellular region|Extracellular space,Extracellular space/secreted,Swiss-Prot,0
Q29095,True,,9823,Extracellular region|Extracellular space,Extracellular space/secreted,Swiss-Prot,0
O09114,True,,10090,Extracellular region|Extracellular space,Extracellular space/secreted,Swiss-Prot,0
Q9XS65,True,,9615,Extracellular region|Extracellular space,Extracellular space/secreted,Swiss-Prot,0
O02853,True,,9913,Extracellular region|Extracellular space,Extracellular space/secreted,Swiss-Prot,0
P11685,True,,10116,Extracellular region|Extracellular space,Extracellular space/secreted,Swiss-Prot,0
P22398,True,,9986,Extracellular region,Extracellular space/secreted,Swiss-Prot,0
P15785,True,,9823,Extracellular region,Extracellular space/secreted,Swiss-Prot,0
P21841,True,ECM-affiliated Proteins|Matrisome-associated,10090,Extracellular region|Extracellular space,Extracellular space/secreted,Swiss-Prot,0
P22397,True,,9615,Extracellular region,Extracellular space/secreted,Swiss-Prot,0
P15783,True,ECM-affiliated Proteins|Matrisome-associated,9913,Extracellular space,Extracellular space/secreted,Swiss-Prot,0
Q9ES87,True,,10116,Extracellular space,Extracellular space/secreted,Swiss-Prot,0
Q9ESD1,True,,10090,Extracellular space,Extracellular space/secreted,Swiss-Prot,0
Q8K4I7,True,,10090,Extracellular space,Extracellular space/secreted,Swiss-Prot,0
A2VE36,True,,9913,Extracellular space,Extracellular space/secreted,Swiss-Prot,0
Q402U7,True,,10090,Extracellular space,,Swiss-Prot,0
Q76HL1,True,,10090,Extracellular space,,Swiss-Prot,0
Q8VIF2,True,,10090,Extracellular space,,Swiss-Prot,0
Q7RTY9,True,,9606,Extracellular region,,Swiss-Prot,0
Q6AXZ6,True,,10116,Extracellular space,Extracellular space/secreted,Swiss-Prot,0
A6H6T1,True,,10090,Extracellular space,Extracellular space/secreted,Swiss-Prot,0
O70169,True,,10090,Extracellular space,Extracellular space/secreted,Swiss-Prot,0
Q3UKY7,True,,10090,Extracellular region,Extracellular space/secreted,Swiss-Prot,0
Q9XSM0,True,,9940,Extracellular region,Extracellular space/secreted,Swiss-Prot,0
Q6RUU0,True,,10090,Extracellular region,Extracellular space/secreted,Swiss-Prot,0
P06833,True,,9913,Extracellular space,,Swiss-Prot,0
Q8AWW7,True,,7955,Extracellular region,,Swiss-Prot,0
Q8HY86,True,,9913,Extracellular region,Extracellular space/secreted,Swiss-Prot,0
P79124,True,,9913,Extracellular region,Extracellular space/secreted,Swiss-Prot,0
Q9R095,True,,10116,Extracellular region,,Swiss-Prot,0
Q99P67,True,,10116,Extracellular space,Extracellular space/secreted,Swiss-Prot,0
Q99P68,True,,10090,Extracellular space,Extracellular matrix|Extracellular space/secreted,Swiss-Prot,0
Q9BG79,True,,9913,Extracellular space,Extracellular matrix|Extracellular space/secreted,Swiss-Prot,0
P67930,True,,9940,Extracellular space,Extracellular space/secreted,Swiss-Prot,0
P01244,True,,10116,Extracellular region|Extracellular space,Extracellular space/secreted,Swiss-Prot,0
P46407,True,,9986,Extracellular space,Extracellular space/secreted,Swiss-Prot,0
P01248,True,,9823,Extracellular space,Extracellular space/secreted,Swiss-Prot,0
P90526,True,,44689,Extracellular matrix,,Swiss-Prot,0
Q9NRI6,True,,9606,Extracellular region,Extracellular space/secreted,Swiss-Prot,0
A5HAK0,True,,7955,Extracellular region,Extracellular space/secreted,Swiss-Prot,0
Q54BQ3,True,,44689,Extracellular matrix,,Swiss-Prot,0
Q9DD06,True,,10090,Extracellular matrix|Extracellular region|Extracellular space,Extracellular space/secreted,Swiss-Prot,0
Q29RS5,True,,9913,Extracellular matrix|Extracellular region|Extracellular space,Extracellular space/secreted,Swiss-Prot,0
P34139,True,,44689,Extracellular matrix,,Swiss-Prot,0
P29203,True,,9031,Extracellular region,Extracellular space/secreted,Swiss-Prot,0
P68004,True,,9615,Extracellular region,Extracellular space/secreted,Swiss-Prot,0
P51694,True,,9913,Extracellular space,Extracellular space/secreted,Swiss-Prot,0
Q9I8P2,True,,7955,Extracellular space,Extracellular space/secreted,Swiss-Prot,0
Q5JQD4,True,,9606,Extracellular space,Extracellular space/secreted,Swiss-Prot,0
Q9DAA4,True,,10090,Extracellular region,Extracellular space/secreted,Swiss-Prot,0
Q5R212,True,,10116,Extracellular region,Extracellular space/secreted,Swiss-Prot,0
P0C8M3,True,,7955,Extracellular region,Extracellular space/secreted,Swiss-Prot,0
Q8C0F9,True,,10090,Extracellular region,Extracellular space/secreted,Swiss-Prot,0
Q9WVF6,True,,10090,Extracellular region,Extracellular space/secreted,Swiss-Prot,0
P39878,True,,10116,Extracellular region,Extracellular space/secreted,Swiss-Prot,0
P48076,True,,10090,Extracellular region,Extracellular space/secreted,Swiss-Prot,0
P14423,True,,10116,Extracellular space,Extracellular space/secreted,Swiss-Prot,0
P14422,True,,9986,Extracellular region,Extracellular space/secreted,Swiss-Prot,0
P31482,True,,10090,Extracellular space,Extracellular space/secreted,Swiss-Prot,0
P06596,True,,9615,Extracellular space,Extracellular space/secreted,Swiss-Prot,0
P00593,True,,9913,Extracellular space,Extracellular space/secreted,Swiss-Prot,0
Q8K560,True,,10116,Extracellular region,Extracellular space/secreted,Swiss-Prot,0
Q8R448,True,,10090,Extracellular region,Extracellular space/secreted,Swiss-Prot,0
Q9JIE3,True,,10090,Extracellular region,Extracellular space/secreted,Swiss-Prot,0
Q9I8P6,True,,9031,Extracellular region,Extracellular space/secreted,Swiss-Prot,0
P86547,True,ECM Glycoproteins|Core matrisome,10090,Extracellular region|Extracellular space,Extracellular space/secreted,Swiss-Prot,0
Q65Z15,True,,10116,Extracellular space,Extracellular space/secreted,Swiss-Prot,0
P53347,True,Secreted Factors|Matrisome-associated,10090,Extracellular space,Extracellular space/secreted,Swiss-Prot,0
P53346,True,Secreted Factors|Matrisome-associated,9913,Extracellular space,Extracellular space/secreted,Swiss-Prot,0
Q29599,True,,9823,Extracellular region,Extracellular space/secreted,Swiss-Prot,0
P81117,True,,10090,Extracellular space,Extracellular space/secreted,Swiss-Prot,0
Q0P569,True,,9913,Extracellular region,Extracellular space/secreted,Swiss-Prot,0
P18280,True,,10116,Extracellular region|Extracellular space,Extracellular space/secreted,Swiss-Prot,0
Q06AV0,True,,9823,Extracellular space,Extracellular space/secreted,Swiss-Prot,0
P20181,True,Secreted Factors|Matrisome-associated,10090,Extracellular region|Extracellular space,Extracellular space/secreted,Swiss-Prot,0
P97463,True,Secreted Factors|Matrisome-associated,10090,Extracellular region,Extracellular space/secreted,Swiss-Prot,0
Q9QUL3,True,,10090,Extracellular region,Extracellular space/secreted,Swiss-Prot,0
Q9QZT4,True,,10090,Extracellular region,Extracellular space/secreted,Swiss-Prot,0
Q9QXX3,True,,10090,Extracellular space,Extracellular space/secreted,Swiss-Prot,0
Q9ET66,True,,10090,Extracellular space,Extracellular space/secreted,Swiss-Prot,0
P01240,True,,9940,Extracellular space,Extracellular space/secreted,Swiss-Prot,0
P01237,True,,10116,Extracellular region|Extracellular space,Extracellular space/secreted,Swiss-Prot,0
Q28632,True,,9986,Extracellular region,Extracellular space/secreted,Swiss-Prot,0
P01238,True,,9823,Extracellular space,Extracellular space/secreted,Swiss-Prot,0
P06879,True,Secreted Factors|Matrisome-associated,10090,Extracellular region|Extracellular space,Extracellular space/secreted,Swiss-Prot,0
P27177,True,,9031,Basement membrane,,Swiss-Prot,0
P09889,True,,9823,Extracellular region,Extracellular space/secreted,Swiss-Prot,0
P49930,True,,9823,Extracellular space,Extracellular space/secreted,Swiss-Prot,0
P80009,True,,9615,Extracellular space,Extracellular space/secreted,Swiss-Prot,0
P06868,True,ECM Regulators|Matrisome-associated,9913,Extracellular space,Extracellular space/secreted,Swiss-Prot,0
Q58D34,True,,9913,Extracellular space,Extracellular space/secreted,Swiss-Prot,0
Q9QZT3,True,,10116,Extracellular region|Extracellular space,Extracellular space/secreted,Swiss-Prot,0
Q8BS03,True,,10090,Extracellular space,Extracellular space/secreted,Swiss-Prot,0
Q98ST6,True,,9031,Extracellular space,Extracellular space/secreted,Swiss-Prot,0
Q7T141,True,,7955,Extracellular space,Extracellular space/secreted,Swiss-Prot,0
O88593,True,,10090,Extracellular space,Extracellular space/secreted,Swiss-Prot,0
Q8SPP7,True,,9913,Extracellular space,Extracellular space/secreted,Swiss-Prot,0
Q95250,True,,9823,Extracellular region,Extracellular space/secreted,Swiss-Prot,0
Q5ZKN2,True,,9031,Extracellular region,Extracellular space/secreted,Swiss-Prot,0
P35763,True,,10116,Extracellular space,Extracellular space/secreted,Swiss-Prot,0
P49290,True,,10090,Extracellular space,,Swiss-Prot,0
Q63415,True,,10116,Extracellular space,,Swiss-Prot,0
Q32LJ0,True,,9913,Extracellular region,Extracellular space/secreted,Swiss-Prot,0
Q99LQ4,True,,10090,Extracellular region,Extracellular space/secreted,Swiss-Prot,0
Q8NFQ5,True,,9606,Extracellular region,Extracellular space/secreted,Swiss-Prot,0
Q8C1A9,True,,10090,Extracellular region,Extracellular space/secreted,Swiss-Prot,0
Q148F3,True,,9913,Extracellular region,Extracellular space/secreted,Swiss-Prot,0
P18649,True,,9615,Extracellular matrix|Extracellular space,Extracellular matrix|Extracellular space/secreted,Swiss-Prot,0
Q03247,True,,9913,Extracellular matrix|Extracellular space,Extracellular matrix|Extracellular space/secreted,Swiss-Prot,0
O42363,True,,7955,Extracellular region,Extracellular space/secreted,Swiss-Prot,0
P36633,True,,10116,Extracellular space,Extracellular space/secreted,Swiss-Prot,0
Q9TRC7,True,,9823,Extracellular space,Extracellular space/secreted,Swiss-Prot,0
Q8JZQ5,True,,10090,Extracellular space,Extracellular space/secreted,Swiss-Prot,0
O18823,True,,9986,Extracellular region,Extracellular space/secreted,Swiss-Prot,0
O35298,True,,10090,Extracellular region,Extracellular space/secreted,Swiss-Prot,0
P09859,True,,9031,Extracellular region,Extracellular space/secreted,Swiss-Prot,0
P21570,True,,10090,Basement membrane|Extracellular region|Extracellular space,Extracellular space/secreted,Swiss-Prot,0
P27043,True,,9031,Extracellular region,Extracellular space/secreted,Swiss-Prot,0
Q3TMQ6,True,,10090,Basement membrane|Extracellular space,Extracellular space/secreted,Swiss-Prot,0
P80389,True,,9031,Extracellular region,,Swiss-Prot,0
Q63042,True,,10116,Extracellular space,,Swiss-Prot,0
O97817,True,,9913,Extracellular space,,Swiss-Prot,0
O97831,True,,9913,Extracellular space,,Swiss-Prot,0
A2RUV9,True,,10116,Extracellular space,Extracellular space/secreted,Swiss-Prot,0
Q6P093,True,,9606,Extracellular region,Extracellular space/secreted,Swiss-Prot,0
Q29499,True,,9986,Extracellular region,Extracellular space/secreted,Swiss-Prot,0
Q9DDE3,True,,7955,Extracellular space,Extracellular space/secreted,Swiss-Prot,0
P36196,True,,9031,Extracellular space,Extracellular space/secreted,Swiss-Prot,0
P23795,True,,9913,Extracellular space,Extracellular space/secreted,Swiss-Prot,0
Q32KH0,True,,9615,Extracellular region,Extracellular space/secreted,Swiss-Prot,0
Q5ZK90,True,,9031,Extracellular region,Extracellular space/secreted,Swiss-Prot,0
Q08CJ7,True,,7955,Extracellular region,Extracellular space/secreted,Swiss-Prot,0
Q9D9J8,True,,10090,Extracellular region,Extracellular space/secreted,Swiss-Prot,0
Q05704,True,,10116,Extracellular region,Extracellular space/secreted,Swiss-Prot,0
A2BGH0,True,,10090,Extracellular region,Extracellular space/secreted,Swiss-Prot,0
P59827,True,,9606,Extracellular region,Extracellular space/secreted,Swiss-Prot,0
Q05701,True,,10116,Extracellular region,Extracellular space/secreted,Swiss-Prot,0
Q80ZU7,True,,10090,Extracellular region,Extracellular space/secreted,Swiss-Prot,0
Q8C1E1,True,,10090,Extracellular region,Extracellular space/secreted,Swiss-Prot,0
A0JPN3,True,,10116,Extracellular region|Extracellular space,Extracellular space/secreted,Swiss-Prot,0
Q61114,True,,10090,Extracellular region|Extracellular space,Extracellular space/secreted,Swiss-Prot,0
Q8SPF8,True,,9913,Extracellular space,Extracellular space/secreted,Swiss-Prot,0
Q9CQX3,True,,10090,Extracellular region|Extracellular space,Extracellular space/secreted,Swiss-Prot,0
Q9BQP9,True,,9606,Extracellular region,Extracellular space/secreted,Swiss-Prot,0
Q9D2L1,True,,10090,Extracellular region,Extracellular space/secreted,Swiss-Prot,0
Q95215,True,,9986,Extracellular region,Extracellular matrix|Extracellular space/secreted,Swiss-Prot,0
O11780,True,,9823,Extracellular matrix|Extracellular space,Extracellular matrix|Extracellular space/secreted,Swiss-Prot,0
P82198,True,ECM Glycoproteins|Core matrisome,10090,Basement membrane|Extracellular matrix|Extracellular space,Extracellular matrix|Extracellular space/secreted,Swiss-Prot,0
P55906,True,ECM Glycoproteins|Core matrisome,9913,Extracellular matrix|Extracellular space,Extracellular matrix|Extracellular space/secreted,Swiss-Prot,0
O35789,True,,10116,Extracellular region,Extracellular space/secreted,Swiss-Prot,0
Q9CW73,True,,10090,Extracellular region,Extracellular space/secreted,Swiss-Prot,0
Q5CB03,True,,9615,Extracellular region,Extracellular space/secreted,Swiss-Prot,0
P21611,True,,9031,Extracellular region,Extracellular space/secreted,Swiss-Prot,0
P19341,True,,9615,Extracellular region,Extracellular space/secreted,Swiss-Prot,0
Q32KJ2,True,,10116,Extracellular region,Extracellular space/secreted,Swiss-Prot,0
Q4V7A8,True,,10116,Extracellular region,Extracellular space/secreted,Swiss-Prot,0
Q61247,True,ECM Regulators|Matrisome-associated,10090,Extracellular space,Extracellular space/secreted,Swiss-Prot,0
Q4KLG3,True,,10116,Extracellular region,Extracellular space/secreted,Swiss-Prot,0
P28800,True,ECM Regulators|Matrisome-associated,9913,Extracellular space,Extracellular space/secreted,Swiss-Prot,0
O08546,True,,10090,Extracellular space,Extracellular space/secreted,Swiss-Prot,0
Q7TN22,True,,10090,Extracellular region,Extracellular space/secreted,Swiss-Prot,0
Q90419,True,,7955,Extracellular space,,Swiss-Prot,0
Q5PPI9,True,,10116,Extracellular region,,Swiss-Prot,0
Q91V51,True,,10090,Extracellular region,,Swiss-Prot,0
Q6AYS5,True,,10116,Extracellular space,Extracellular space/secreted,Swiss-Prot,0
Q91X86,True,,10090,Extracellular space,Extracellular space/secreted,Swiss-Prot,0
Q2HJB9,True,,9913,Extracellular space,Extracellular space/secreted,Swiss-Prot,0
P08435,True,,10116,Extracellular region,Extracellular space/secreted,Swiss-Prot,0
P67934,True,,9823,Extracellular region,Extracellular space/secreted,Swiss-Prot,0
Q19AZ8,True,,9823,Extracellular space,,Swiss-Prot,0
Q03404,True,,10090,Extracellular space,Extracellular space/secreted,Swiss-Prot,0
Q863J2,True,,9615,Extracellular space,Extracellular space/secreted,Swiss-Prot,0
Q63467,True,,10116,Extracellular space,Extracellular space/secreted,Swiss-Prot,0
Q08423,True,,10090,Extracellular space,Extracellular space/secreted,Swiss-Prot,0
Q863T4,True,,9615,Extracellular space,Extracellular space/secreted,Swiss-Prot,0
O08524,True,ECM Glycoproteins|Core matrisome,10090,Extracellular matrix|Extracellular space,Extracellular matrix|Extracellular space/secreted,Swiss-Prot,0
O08523,True,ECM Glycoproteins|Core matrisome,10090,Extracellular matrix|Extracellular region,Extracellular matrix|Extracellular space/secreted,Swiss-Prot,0
Q9YH85,True,ECM Glycoproteins|Core matrisome,9031,Extracellular matrix|Extracellular region,Extracellular matrix|Extracellular space/secreted,Swiss-Prot,0
O88968,True,,10090,Extracellular space,Extracellular space/secreted,Swiss-Prot,0
Q9XSC9,True,,9913,Extracellular space,Extracellular space/secreted,Swiss-Prot,0
P17630,True,,9823,Extracellular space,Extracellular space/secreted,Swiss-Prot,0
P05905,True,,11696,Extracellular region,Extracellular space/secreted,Swiss-Prot,0
Q05474,True,,10116,Extracellular space,,Swiss-Prot,0
Q6NWB6,True,,7955,Extracellular matrix|Extracellular region,Extracellular matrix|Extracellular space/secreted,Swiss-Prot,0
Q54YZ0,True,,44689,Extracellular matrix,,Swiss-Prot,0
Q09YN1,True,,9986,Extracellular region,Extracellular matrix|Extracellular space/secreted,Swiss-Prot,0
O77642,True,,9940,Extracellular region,Extracellular space/secreted,Swiss-Prot,0
Q0VC36,True,,9913,Extracellular region,Extracellular space/secreted,Swiss-Prot,0
P82292,True,,9913,Extracellular region,Extracellular space/secreted,Swiss-Prot,0
Q8MN48,True,,44689,Extracellular region,Extracellular space/secreted,Swiss-Prot,0
Q8MN55,True,,44689,Extracellular region,Extracellular space/secreted,Swiss-Prot,0
Q8MN60,True,,44689,Extracellular region,Extracellular space/secreted,Swiss-Prot,0
Q54EH4,True,,44689,Extracellular region,Extracellular space/secreted,Swiss-Prot,0
Q54PA8,True,,44689,Extracellular region,Extracellular space/secreted,Swiss-Prot,0
Q54G58,True,,44689,Extracellular region,Extracellular space/secreted,Swiss-Prot,0
Q09YI4,True,,9940,Extracellular region,Extracellular matrix|Extracellular space/secreted,Swiss-Prot,0
Q29126,True,,9823,Extracellular space,,Swiss-Prot,0
P29534,True,,10116,Extracellular space,Extracellular space/secreted,Swiss-Prot,0
Q5SXG7,True,,10090,Extracellular space,Extracellular space/secreted,Swiss-Prot,0
Q8VHI5,True,ECM Glycoproteins|Core matrisome,10090,Extracellular matrix|Extracellular region,Extracellular matrix|Extracellular space/secreted,Swiss-Prot,0
Q95LI2,True,ECM Glycoproteins|Core matrisome,9913,Extracellular region,Extracellular matrix|Extracellular space/secreted,Swiss-Prot,0
P41244,True,,10116,Extracellular space,Extracellular space/secreted,Swiss-Prot,0
P20289,True,,10116,Extracellular space,Extracellular space/secreted,Swiss-Prot,0
O35251,True,,10116,Extracellular region|Extracellular space,Extracellular space/secreted,Swiss-Prot,0
P97946,True,,10090,Extracellular region|Extracellular space,Extracellular space/secreted,Swiss-Prot,0
O35757,True,,10116,Extracellular space,Extracellular space/secreted,Swiss-Prot,0
O35485,True,,10116,Extracellular region|Extracellular space,Extracellular space/secreted,Swiss-Prot,0
Q9XS49,True,Secreted Factors|Matrisome-associated,9913,Extracellular space,Extracellular space/secreted,Swiss-Prot,0
O19073,True,,9823,Extracellular space,Extracellular space/secreted,Swiss-Prot,0
Q8CJ70,True,Secreted Factors|Matrisome-associated,10090,Extracellular space,Extracellular space/secreted,Swiss-Prot,0
P01572,True,Secreted Factors|Matrisome-associated,10090,Extracellular region|Extracellular space,Extracellular space/secreted,Swiss-Prot,0
O77802,True,Secreted Factors|Matrisome-associated,9913,Extracellular space,Extracellular space/secreted,Swiss-Prot,0
Q9BDY8,True,,9823,Extracellular space,Extracellular space/secreted,Swiss-Prot,0
Q60FC1,True,,9615,Extracellular space,Extracellular space/secreted,Swiss-Prot,0
O18920,True,Secreted Factors|Matrisome-associated,9913,Extracellular space,Extracellular space/secreted,Swiss-Prot,0
Q8R1L8,True,,10090,Extracellular region,Extracellular space/secreted,Swiss-Prot,0
Q8R1Q3,True,Secreted Factors|Matrisome-associated,10090,Extracellular region|Extracellular space,Extracellular space/secreted,Swiss-Prot,0
Q5EA66,True,Secreted Factors|Matrisome-associated,9913,Extracellular region|Extracellular space,Extracellular space/secreted,Swiss-Prot,0
Q8R0Z6,True,Secreted Factors|Matrisome-associated,10090,Extracellular space,Extracellular space/secreted,Swiss-Prot,0
Q6TMA8,True,,10116,Extracellular region|Extracellular space,Extracellular matrix|Extracellular space/secreted,Swiss-Prot,0
Q2TNK5,True,,9823,Extracellular space,Extracellular matrix|Extracellular space/secreted,Swiss-Prot,0
Q99JB7,True,,10090,Extracellular space,,Swiss-Prot,0
Q6UKI2,True,,9615,Extracellular region,Extracellular space/secreted,Swiss-Prot,0
B2RZ42,True,,10116,Extracellular region|Extracellular space,Extracellular space/secreted,Swiss-Prot,0
Q80UG6,True,,10090,Extracellular region|Extracellular space,Extracellular space/secreted,Swiss-Prot,0
J3QPP8,True,,10090,Extracellular space,Extracellular space/secreted,Swiss-Prot,0
F8W2C9,True,,7955,Extracellular space,Extracellular space/secreted,Swiss-Prot,0
Q5T7M4,True,,9606,Extracellular region|Extracellular space,Extracellular space/secreted,Swiss-Prot,0
A1A5X5,True,,7955,Extracellular region|Extracellular space,Extracellular space/secreted,Swiss-Prot,0
Q9Z286,True,,10116,Extracellular region,,Swiss-Prot,0
Q866F4,True,,9986,Extracellular region,,Swiss-Prot,0
P47820,True,,10116,Extracellular space,Extracellular space/secreted,Swiss-Prot,0
P12822,True,,9986,Extracellular region|Extracellular space,Extracellular space/secreted,Swiss-Prot,0
P09470,True,,10090,Extracellular space,Extracellular space/secreted,Swiss-Prot,0
P31786,True,,10090,Extracellular space,,Swiss-Prot,0
O35460,True,,10116,Extracellular space,Extracellular space/secreted,Swiss-Prot,0
A0A8J8,True,,9615,Extracellular space,Extracellular space/secreted,Swiss-Prot,0
P08831,True,Secreted Factors|Matrisome-associated,9913,Extracellular space,Extracellular space/secreted,Swiss-Prot,0
P61110,True,,10090,Extracellular region,Extracellular space/secreted,Swiss-Prot,0
Q6DFY8,True,Secreted Factors|Matrisome-associated,10090,Extracellular region,Extracellular space/secreted,Swiss-Prot,0
P22444,True,Secreted Factors|Matrisome-associated,9913,Extracellular space,Extracellular space/secreted,Swiss-Prot,0
P49001,True,,10116,Extracellular region|Extracellular space,Extracellular space/secreted,Swiss-Prot,0
O46564,True,,9986,Extracellular space,Extracellular space/secreted,Swiss-Prot,0
P21274,True,Secreted Factors|Matrisome-associated,10090,Extracellular region|Extracellular space,Extracellular space/secreted,Swiss-Prot,0
Q90751,True,Secreted Factors|Matrisome-associated,9031,Extracellular space,Extracellular space/secreted,Swiss-Prot,0
Q9MZE2,True,,9940,Extracellular space,Extracellular space/secreted,Swiss-Prot,0
Q9Z0L4,True,Secreted Factors|Matrisome-associated,10090,Extracellular space,Extracellular space/secreted,Swiss-Prot,0
Q6PX77,True,Secreted Factors|Matrisome-associated,9913,Extracellular space,Extracellular space/secreted,Swiss-Prot,0
Q4AEG6,True,,10116,Extracellular space,Extracellular space/secreted,Swiss-Prot,0
Q4FAT7,True,,9823,Extracellular space,,Swiss-Prot,0
P12265,True,,10090,Extracellular space,,Swiss-Prot,0
O18835,True,,9615,Extracellular space,,Swiss-Prot,0
Q04475,True,,7955,Extracellular region,Extracellular space/secreted,Swiss-Prot,0
P26776,True,,9823,Extracellular region,Extracellular space/secreted,Swiss-Prot,0
Q69Z28,True,ECM Regulators|Matrisome-associated,10090,Extracellular matrix|Extracellular region,Extracellular matrix|Extracellular space/secreted,Swiss-Prot,0
P59384,True,ECM Regulators|Matrisome-associated,10090,Extracellular matrix|Extracellular space,Extracellular matrix|Extracellular space/secreted,Swiss-Prot,0
Q769J6,True,ECM Regulators|Matrisome-associated,10090,Extracellular matrix|Extracellular space,Extracellular space/secreted,Swiss-Prot,0
Q811B3,True,ECM Regulators|Matrisome-associated,10090,Extracellular matrix|Extracellular region,Extracellular matrix|Extracellular space/secreted,Swiss-Prot,0
P58459,True,ECM Regulators|Matrisome-associated,10090,Extracellular matrix|Extracellular region,Extracellular matrix|Extracellular space/secreted,Swiss-Prot,0
Q61268,True,,10090,Extracellular region,Extracellular space/secreted,Swiss-Prot,0
P06759,True,,10116,Extracellular space,Extracellular space/secreted,Swiss-Prot,0
Q62781,True,,10116,Extracellular region,Extracellular space/secreted,Swiss-Prot,0
Q8BGZ8,True,ECM Glycoproteins|Core matrisome,10090,Extracellular space,Extracellular matrix|Extracellular space/secreted,Swiss-Prot,0
Q8R121,True,ECM Regulators|Matrisome-associated,10090,Extracellular space,Extracellular space/secreted,Swiss-Prot,0
Q6X782,True,,10116,Extracellular region,Extracellular space/secreted,Swiss-Prot,0
Q6X786,True,,10090,Extracellular region,Extracellular space/secreted,Swiss-Prot,0
P13438,True,ECM Regulators|Matrisome-associated,10090,Extracellular region,Extracellular space/secreted,Swiss-Prot,0
P15944,True,,9615,Extracellular space,Extracellular space/secreted,Swiss-Prot,0
P00761,True,,9823,Extracellular space,Extracellular space/secreted,Swiss-Prot,0
P40226,True,Secreted Factors|Matrisome-associated,10090,Extracellular region|Extracellular space,Extracellular space/secreted,Swiss-Prot,0
P42705,True,,9615,Extracellular region|Extracellular space,Extracellular space/secreted,Swiss-Prot,0
Q9ER62,True,,10090,Extracellular region,Extracellular space/secreted,Swiss-Prot,0
Q8VCA5,True,,10090,Extracellular space,Extracellular space/secreted,Swiss-Prot,0
Q9JIQ8,True,,10090,Extracellular region,Extracellular space/secreted,Swiss-Prot,0
Q8BGN6,True,,10090,Extracellular space,,Swiss-Prot,0
Q6PAQ9,True,,10090,Extracellular space,,Swiss-Prot,0
A7Z070,True,,9913,Extracellular space,,Swiss-Prot,0
P81556,True,,10116,Extracellular matrix|Extracellular space,Extracellular space/secreted,Swiss-Prot,0
O97591,True,,9986,Extracellular region,Extracellular space/secreted,Swiss-Prot,0
Q9JHB3,True,ECM Regulators|Matrisome-associated,10090,Extracellular matrix|Extracellular space,Extracellular space/secreted,Swiss-Prot,0
O97563,True,ECM Regulators|Matrisome-associated,9913,Extracellular matrix|Extracellular space,Extracellular space/secreted,Swiss-Prot,0
P48032,True,,10116,Basement membrane|Extracellular matrix|Extracellular space,Extracellular matrix|Extracellular space/secreted,Swiss-Prot,0
O97590,True,,9986,Extracellular region,Extracellular matrix|Extracellular space/secreted,Swiss-Prot,0
P26652,True,ECM Regulators|Matrisome-associated,9031,Basement membrane|Extracellular matrix|Extracellular space,Extracellular matrix|Extracellular space/secreted,Swiss-Prot,0
P79121,True,ECM Regulators|Matrisome-associated,9913,Extracellular matrix|Extracellular space,Extracellular matrix|Extracellular space/secreted,Swiss-Prot,0
P08629,True,,9031,Extracellular region,Extracellular space/secreted,Swiss-Prot,0
P99505,True,,9615,Extracellular region,Extracellular space/secreted,Swiss-Prot,0
O97680,True,,9913,Extracellular region,Extracellular space/secreted,Swiss-Prot,0
P26342,True,,10116,Extracellular space,Extracellular matrix|Extracellular space/secreted,Swiss-Prot,0
O46375,True,,9913,Extracellular space,Extracellular space/secreted,Swiss-Prot,0
Q9I969,True,,9031,Extracellular space,,Swiss-Prot,0
P46202,True,,9823,Extracellular space,Extracellular space/secreted,Swiss-Prot,0
Q54MX8,True,,44689,Extracellular region,Extracellular space/secreted,Swiss-Prot,0
Q6PVW7,True,,9031,Extracellular region,Extracellular space/secreted,Swiss-Prot,0
Q29108,True,,9823,Extracellular region,Extracellular space/secreted,Swiss-Prot,0
Q62522,True,,10090,Extracellular region,Extracellular space/secreted,Swiss-Prot,0
Q6Q2W4,True,,9031,Extracellular region,Extracellular space/secreted,Swiss-Prot,0
Q8CH34,True,,10116,Extracellular region,Extracellular matrix|Extracellular space/secreted,Swiss-Prot,0
Q00193,True,,9986,Extracellular region,Extracellular matrix|Extracellular space/secreted,Swiss-Prot,0
Q07287,True,,9823,Extracellular region,Extracellular matrix|Extracellular space/secreted,Swiss-Prot,0
Q1ZXD9,True,,44689,Extracellular region,,Swiss-Prot,0
Q54K54,True,,44689,Extracellular region,Extracellular space/secreted,Swiss-Prot,0
Q54LE8,True,,44689,Extracellular region,Extracellular space/secreted,Swiss-Prot,0
Q54DH5,True,,44689,Extracellular region,Extracellular space/secreted,Swiss-Prot,0
P16708,True,,9823,Extracellular space,Extracellular space/secreted,Swiss-Prot,0
P51672,True,,10116,Extracellular space,Extracellular space/secreted,Swiss-Prot,0
Q62935,True,,10116,Extracellular region|Extracellular space,Extracellular matrix|Extracellular space/secreted,Swiss-Prot,0
Q28833,True,,9823,Extracellular matrix|Extracellular region|Extracellular space,Extracellular matrix|Extracellular space/secreted,Swiss-Prot,0
Q8CIZ8,True,ECM Glycoproteins|Core matrisome,10090,Extracellular matrix|Extracellular region|Extracellular space,Extracellular matrix|Extracellular space/secreted,Swiss-Prot,0
Q28295,True,,9615,Extracellular matrix|Extracellular region|Extracellular space,Extracellular matrix|Extracellular space/secreted,Swiss-Prot,0
P80012,True,ECM Glycoproteins|Core matrisome,9913,Extracellular matrix|Extracellular region|Extracellular space,Extracellular matrix|Extracellular space/secreted,Swiss-Prot,0
Q6DFV8,True,ECM Glycoproteins|Core matrisome,10090,Extracellular region,Extracellular space/secreted,Swiss-Prot,0
Q62472,True,,10090,Extracellular space,Extracellular space/secreted,Swiss-Prot,0
P98166,True,,10116,Extracellular space,,Swiss-Prot,0
Q2VPS3,True,,9913,Extracellular space,Extracellular space/secreted,Swiss-Prot,0
Q8K1M8,True,,10116,Extracellular region,Extracellular space/secreted,Swiss-Prot,0
Q499E0,True,Secreted Factors|Matrisome-associated,10090,Extracellular region,Extracellular space/secreted,Swiss-Prot,0
Q8K1M7,True,,10116,Extracellular region,Extracellular space/secreted,Swiss-Prot,0
Q29RQ1,True,,9913,Extracellular space,Extracellular space/secreted,Swiss-Prot,0
Q9Z0H6,True,ECM Regulators|Matrisome-associated,10090,Extracellular space,Extracellular space/secreted,Swiss-Prot,0
Q29RH0,True,ECM Regulators|Matrisome-associated,9913,Extracellular space,Extracellular space/secreted,Swiss-Prot,0
Q5W188,True,,9606,Extracellular space,Extracellular space/secreted,Swiss-Prot,0
O88969,True,,10116,Extracellular region,Extracellular space/secreted,Swiss-Prot,0
P32766,True,ECM Regulators|Matrisome-associated,10090,Extracellular region,Extracellular space/secreted,Swiss-Prot,0
Q32KQ9,True,,9913,Extracellular region,Extracellular space/secreted,Swiss-Prot,0
Q2NKZ5,True,,9913,Extracellular region,Extracellular space/secreted,Swiss-Prot,0
Q8VIH8,True,,10116,Extracellular region,Extracellular space/secreted,Swiss-Prot,0
Q8VII3,True,,10090,Extracellular region,Extracellular space/secreted,Swiss-Prot,0
Q80ZN5,True,ECM Regulators|Matrisome-associated,10090,Extracellular region,Extracellular space/secreted,Swiss-Prot,0
P02742,True,,9986,Extracellular region,Extracellular space/secreted,Swiss-Prot,0
O19062,True,,9823,Extracellular space,Extracellular space/secreted,Swiss-Prot,0
P14847,True,,10090,Extracellular space,Extracellular space/secreted,Swiss-Prot,0
Q0IIP8,True,,7955,Extracellular region,Extracellular space/secreted,Swiss-Prot,0
Q91VF6,True,Collagens|Core matrisome,10090,Extracellular matrix|Extracellular region,Extracellular matrix|Extracellular space/secreted,Swiss-Prot,0
Q99MQ5,True,Collagens|Core matrisome,10090,Extracellular region|Extracellular space,,Swiss-Prot,0
P98137,True,,9986,Extracellular region,Extracellular space/secreted,Swiss-Prot,0
Q8BH35,True,,10090,Extracellular region|Extracellular space,Extracellular space/secreted,Swiss-Prot,0
P98136,True,,9986,Extracellular region,Extracellular space/secreted,Swiss-Prot,0
Q8K182,True,,10090,Extracellular region|Extracellular space,Extracellular space/secreted,Swiss-Prot,0
P25318,True,Collagens|Core matrisome,10090,Basement membrane|Extracellular space,Basement membrane|Extracellular matrix|Extracellular space/secreted,Swiss-Prot,0
P14282,True,,9986,Basement membrane|Extracellular region,Basement membrane|Extracellular matrix|Extracellular space/secreted,Swiss-Prot,0
Q7LZR2,True,Collagens|Core matrisome,9031,Basement membrane|Extracellular space,Basement membrane|Extracellular matrix|Extracellular space/secreted,Swiss-Prot,0
Q9R066,True,,10116,Extracellular space,,Swiss-Prot,0
D3Z7A5,True,,10090,Extracellular region,,Swiss-Prot,0
Q5BK30,True,,10116,Extracellular region,,Swiss-Prot,0
O35290,True,,10090,Extracellular space,,Swiss-Prot,0
Q5EG71,True,Secreted Factors|Matrisome-associated,9031,Extracellular space,,Swiss-Prot,0
Q9ER31,True,,10116,Extracellular region|Extracellular space,Extracellular space/secreted,Swiss-Prot,0
Q3U0P5,True,,10090,Extracellular region|Extracellular space,Extracellular space/secreted,Swiss-Prot,0
Q6P6S9,True,,10116,Extracellular region|Extracellular space,Extracellular space/secreted,Swiss-Prot,0
Q9WUZ9,True,,10090,Extracellular region|Extracellular space,Extracellular space/secreted,Swiss-Prot,0
E1C1L6,True,,9031,Extracellular region,Extracellular space/secreted,Swiss-Prot,0
E1BPW0,True,,9913,Extracellular region,Extracellular space/secreted,Swiss-Prot,0
Q8R0Z2,True,,10090,Extracellular region,Extracellular space/secreted,Swiss-Prot,0
Q8BHR2,True,,10090,Extracellular region,Extracellular space/secreted,Swiss-Prot,0
Q29125,True,,9823,Extracellular space,,Swiss-Prot,0
Q54YG2,True,,44689,Extracellular matrix|Extracellular region,Extracellular space/secreted,Swiss-Prot,0
P56386,True,,10090,Extracellular space,Extracellular space/secreted,Swiss-Prot,0
Q6PAL1,True,,10090,Extracellular region,Extracellular space/secreted,Swiss-Prot,0
P22411,True,,9823,Extracellular region,Extracellular space/secreted,Swiss-Prot,0
P81425,True,,9913,Extracellular region,Extracellular space/secreted,Swiss-Prot,0
Q80Y75,True,,10090,Extracellular region,,Swiss-Prot,0
Q3ZBA6,True,,9913,Extracellular space,,Swiss-Prot,0
Q6PUF3,True,,7955,Extracellular region,Extracellular space/secreted,Swiss-Prot,0
Q6PUF4,True,,9031,Extracellular region,Extracellular space/secreted,Swiss-Prot,0
Q6Q7D1,True,,9913,Extracellular region,Extracellular space/secreted,Swiss-Prot,0
O89117,True,,10116,Extracellular space,Extracellular space/secreted,Swiss-Prot,0
O62697,True,,9823,Extracellular space,Extracellular space/secreted,Swiss-Prot,0
Q9TUQ3,True,,9823,Extracellular space,Extracellular space/secreted,Swiss-Prot,0
Q28668,True,,9986,Extracellular region,Extracellular matrix|Extracellular space/secreted,Swiss-Prot,0
Q6P6T1,True,,10116,Extracellular region|Extracellular space,,Swiss-Prot,0
O70367,True,,10116,Extracellular region,Extracellular matrix|Extracellular space/secreted,Swiss-Prot,0
Q28709,True,,9986,Extracellular region,Extracellular space/secreted,Swiss-Prot,0
Q9XSK2,True,,9913,Extracellular region,Extracellular space/secreted,Swiss-Prot,0
Q64299,True,,10090,Extracellular matrix|Extracellular region|Extracellular space,Extracellular space/secreted,Swiss-Prot,0
P28686,True,,9031,Extracellular matrix|Extracellular region,Extracellular space/secreted,Swiss-Prot,0
Q9R1E9,True,,10116,Extracellular matrix|Extracellular region|Extracellular space,Extracellular matrix|Extracellular space/secreted,Swiss-Prot,0
O19113,True,,9823,Extracellular matrix|Extracellular region,Extracellular matrix|Extracellular space/secreted,Swiss-Prot,0
O18739,True,,9913,Extracellular matrix|Extracellular region,Extracellular matrix|Extracellular space/secreted,Swiss-Prot,0
P19336,True,,9031,Extracellular region,Extracellular space/secreted,Swiss-Prot,0
Q80V42,True,,10090,Extracellular space,,Swiss-Prot,0
Q9GK37,True,,9823,Extracellular space,Extracellular space/secreted,Swiss-Prot,0
Q06770,True,ECM Regulators|Matrisome-associated,10090,Extracellular space,Extracellular space/secreted,Swiss-Prot,0
E1BF81,True,ECM Regulators|Matrisome-associated,9913,Extracellular space,Extracellular space/secreted,Swiss-Prot,0
P80015,True,,9823,Extracellular space,,Swiss-Prot,0
P01261,True,,9940,Extracellular region,Extracellular space/secreted,Swiss-Prot,0
P01257,True,,10116,Extracellular region|Extracellular space,Extracellular space/secreted,Swiss-Prot,0
P01259,True,,9823,Extracellular region,Extracellular space/secreted,Swiss-Prot,0
P70160,True,,10090,Extracellular region|Extracellular space,Extracellular space/secreted,Swiss-Prot,0
P07660,True,,9031,Extracellular region,Extracellular space/secreted,Swiss-Prot,0
P41547,True,,9615,Extracellular region,Extracellular space/secreted,Swiss-Prot,0
P01260,True,,9913,Extracellular region,Extracellular space/secreted,Swiss-Prot,0
Q8R1R5,True,,10116,Extracellular region,Extracellular space/secreted,Swiss-Prot,0
Q8BIF0,True,,10090,Extracellular region,Extracellular space/secreted,Swiss-Prot,0
A1A4K1,True,,9913,Extracellular region,Extracellular space/secreted,Swiss-Prot,0
O55237,True,,10090,Extracellular space,,Swiss-Prot,0
Q3ZDR4,True,,9823,Extracellular space,,Swiss-Prot,0
Q61400,True,,10090,Extracellular region,Extracellular space/secreted,Swiss-Prot,0
Q6RY07,True,,10116,Extracellular region|Extracellular space,Extracellular space/secreted,Swiss-Prot,0
O77770,True,,9986,Extracellular region,Extracellular matrix|Extracellular space/secreted,Swiss-Prot,0
Q9Z1F6,True,,10090,Extracellular region,Extracellular matrix|Extracellular space/secreted,Swiss-Prot,0
P58239,True,,7955,Extracellular region,Extracellular matrix|Extracellular space/secreted,Swiss-Prot,0
Q9PUU8,True,,9031,Extracellular region,Extracellular matrix|Extracellular space/secreted,Swiss-Prot,0
P17404,True,,9913,Extracellular region,Extracellular matrix|Extracellular space/secreted,Swiss-Prot,0
P10354,True,,10116,Extracellular space,Extracellular space/secreted,Swiss-Prot,0
P04404,True,,9823,Extracellular space,Extracellular space/secreted,Swiss-Prot,0
P34090,True,,44689,Extracellular space,,Swiss-Prot,0
O88201,True,,10116,Extracellular region|Extracellular space,Extracellular space/secreted,Swiss-Prot,0
O88200,True,ECM-affiliated Proteins|Matrisome-associated,10090,Extracellular region|Extracellular space,Extracellular space/secreted,Swiss-Prot,0
Q95M17,True,,9913,Extracellular region|Extracellular space,Extracellular space/secreted,Swiss-Prot,0
Q8N7Q2,True,,9606,Extracellular region,Extracellular space/secreted,Swiss-Prot,0
Q6TMG6,True,,9940,Extracellular space,Extracellular space/secreted,Swiss-Prot,0
Q9WTV1,True,,10116,Extracellular region|Extracellular space,Extracellular space/secreted,Swiss-Prot,0
Q29411,True,,9823,Extracellular region|Extracellular space,Extracellular space/secreted,Swiss-Prot,0
P30922,True,,9913,Extracellular region|Extracellular space,Extracellular space/secreted,Swiss-Prot,0
Q9WUW3,True,,10116,Extracellular space,Extracellular space/secreted,Swiss-Prot,0
Q61129,True,,10090,Extracellular space,Extracellular space/secreted,Swiss-Prot,0
P00773,True,,10116,Extracellular space,Extracellular space/secreted,Swiss-Prot,0
Q91X79,True,ECM Regulators|Matrisome-associated,10090,Extracellular space,Extracellular space/secreted,Swiss-Prot,0
Q867B0,True,,9615,Extracellular space,Extracellular space/secreted,Swiss-Prot,0
Q28153,True,ECM Regulators|Matrisome-associated,9913,Extracellular space,Extracellular space/secreted,Swiss-Prot,0
P35054,True,,9823,Extracellular region,Extracellular matrix|Extracellular space/secreted,Swiss-Prot,0
O88393,True,,10090,Extracellular space,Extracellular matrix|Extracellular space/secreted,Swiss-Prot,0
Q5ZII9,True,,9031,Extracellular matrix,,Swiss-Prot,0
Q5U9S1,True,,9823,Extracellular space,Extracellular space/secreted,Swiss-Prot,0
Q9ERA7,True,,10116,Extracellular space,Extracellular space/secreted,Swiss-Prot,0
Q9EPL6,True,ECM Regulators|Matrisome-associated,10090,Extracellular matrix|Extracellular space,Extracellular matrix|Extracellular space/secreted,Swiss-Prot,0
Q9EPL5,True,ECM Regulators|Matrisome-associated,10090,Extracellular matrix|Extracellular space,Extracellular matrix|Extracellular space/secreted,Swiss-Prot,0
Q9JHI0,True,ECM Regulators|Matrisome-associated,10090,Extracellular matrix|Extracellular region|Extracellular space,Extracellular matrix|Extracellular space/secreted,Swiss-Prot,0
Q9R0S3,True,ECM Regulators|Matrisome-associated,10090,Extracellular matrix|Extracellular space,Extracellular matrix|Extracellular space/secreted,Swiss-Prot,0
O35548,True,,10116,Extracellular matrix|Extracellular space,Extracellular matrix|Extracellular space/secreted,Swiss-Prot,0
Q9WTR0,True,ECM Regulators|Matrisome-associated,10090,Extracellular matrix|Extracellular space,,Swiss-Prot,0
O54732,True,ECM Regulators|Matrisome-associated,10090,Extracellular matrix|Extracellular space,,Swiss-Prot,0
Q95220,True,,9986,Extracellular matrix,,Swiss-Prot,0
Q9XT90,True,,9823,Extracellular matrix|Extracellular space,,Swiss-Prot,0
Q9GLE4,True,ECM Regulators|Matrisome-associated,9913,Extracellular matrix|Extracellular space,,Swiss-Prot,0
P08940,True,,9031,Extracellular space,,Swiss-Prot,0
Q3TB92,True,,10090,Extracellular region,Extracellular space/secreted,Swiss-Prot,0
A0A0G2K7V7,True,,10116,Extracellular space,,Swiss-Prot,0
Q8HWE5,True,,10090,Extracellular space,,Swiss-Prot,0
Q60I18,True,,10116,Extracellular space,,Swiss-Prot,0
Q8HWE7,True,,10090,Extracellular space,,Swiss-Prot,0
Q148H0,True,,9913,Extracellular region,Extracellular space/secreted,Swiss-Prot,0
P13854,True,,9031,Extracellular space,Extracellular space/secreted,Swiss-Prot,0
Q28022,True,ECM Glycoproteins|Core matrisome,9913,Extracellular region,Extracellular matrix|Extracellular space/secreted,Swiss-Prot,0
P55918,True,ECM Glycoproteins|Core matrisome,9913,Extracellular space,Extracellular matrix|Extracellular space/secreted,Swiss-Prot,0
Q9H9K5,True,,9606,Extracellular region,Extracellular space/secreted,Swiss-Prot,0
O02659,True,,9913,Extracellular space,Extracellular space/secreted,Swiss-Prot,0
P12021,True,,9823,Extracellular region,Extracellular space/secreted,Swiss-Prot,0
P02815,True,,10090,Extracellular region,Extracellular space/secreted,Swiss-Prot,0
P34093,True,,44689,Extracellular matrix,,Swiss-Prot,0
Q8K4P2,True,,10116,Extracellular region,Extracellular space/secreted,Swiss-Prot,0
Q61200,True,,10090,Extracellular region,Extracellular space/secreted,Swiss-Prot,0
Q5E9M6,True,,9913,Extracellular region,Extracellular space/secreted,Swiss-Prot,0
Q52KP5,True,,10090,Extracellular region,Extracellular space/secreted,Swiss-Prot,0
Q9WTX4,True,Secreted Factors|Matrisome-associated,10090,Extracellular space,Extracellular space/secreted,Swiss-Prot,0
O35181,True,Secreted Factors|Matrisome-associated,10090,Extracellular space,Extracellular space/secreted,Swiss-Prot,0
O35569,True,,10116,Extracellular space,Extracellular space/secreted,Swiss-Prot,0
P56974,True,Secreted Factors|Matrisome-associated,10090,Extracellular region|Extracellular space,Extracellular space/secreted,Swiss-Prot,0
P15507,True,,9913,Extracellular region,Extracellular space/secreted,Swiss-Prot,0
P15506,True,,9913,Extracellular region,Extracellular space/secreted,Swiss-Prot,0
P56941,True,,9823,Extracellular region,,Swiss-Prot,0
Q8K4P1,True,,10090,Extracellular space,Extracellular space/secreted,Swiss-Prot,0
P21661,True,,10090,Extracellular space,Extracellular space/secreted,Swiss-Prot,0
Q8MJV4,True,,9913,Extracellular region,Extracellular space/secreted,Swiss-Prot,0
Q8R116,True,,10090,Extracellular region,Extracellular space/secreted,Swiss-Prot,0
E7F0Z8,True,,7955,Extracellular region,Extracellular space/secreted,Swiss-Prot,0
Q3T1H2,True,,10116,Extracellular region,Extracellular space/secreted,Swiss-Prot,0
D3ZT86,True,,10116,Extracellular region,Extracellular space/secreted,Swiss-Prot,0
Q3UQ22,True,ECM Glycoproteins|Core matrisome,10090,Extracellular region,Extracellular space/secreted,Swiss-Prot,0
Q9R1A3,True,ECM Glycoproteins|Core matrisome,10090,Basement membrane|Extracellular region,Extracellular matrix|Extracellular space/secreted,Swiss-Prot,0
Q9CQ76,True,Proteoglycans|Core matrisome,10090,Extracellular matrix|Extracellular space,Extracellular space/secreted,Swiss-Prot,0
Q90827,True,,9031,Extracellular space,,Swiss-Prot,0
Q03333,True,,9823,Extracellular space,Extracellular space/secreted,Swiss-Prot,0
P19999,True,,10116,Extracellular space,Extracellular space/secreted,Swiss-Prot,0
P39039,True,ECM-affiliated Proteins|Matrisome-associated,10090,Extracellular space,Extracellular space/secreted,Swiss-Prot,0
Q28145,True,,9913,Extracellular region,Extracellular space/secreted,Swiss-Prot,0
Q9JJS8,True,,10116,Extracellular space,Extracellular space/secreted,Swiss-Prot,0
P01659,True,,10090,Extracellular space,,Swiss-Prot,0
P01658,True,,10090,Extracellular space,,Swiss-Prot,0
P01657,True,,10090,Extracellular space,,Swiss-Prot,0
P03977,True,,10090,Extracellular space,,Swiss-Prot,0
P01656,True,,10090,Extracellular space,,Swiss-Prot,0
P01655,True,,10090,Extracellular space,,Swiss-Prot,0
A0A075B6H7,True,,9606,Extracellular space,Extracellular space/secreted,Swiss-Prot,0
P85411,True,,10116,Extracellular space,Extracellular space/secreted,Swiss-Prot,0
Q3V2T4,True,,10090,Extracellular space,Extracellular space/secreted,Swiss-Prot,0
Q52MQ7,True,,9615,Extracellular space,Extracellular space/secreted,Swiss-Prot,0
P15949,True,,10090,Extracellular space,,Swiss-Prot,0
P07628,True,,10090,Extracellular space,,Swiss-Prot,0
P15945,True,,10090,Extracellular space,,Swiss-Prot,0
P00757,True,,10090,Extracellular space,,Swiss-Prot,0
P00756,True,,10090,Extracellular space,,Swiss-Prot,0
P00755,True,,10090,Extracellular space,,Swiss-Prot,0
O73727,True,,7955,Extracellular space,Extracellular space/secreted,Swiss-Prot,0
P67970,True,Secreted Factors|Matrisome-associated,9031,Extracellular space,Extracellular space/secreted,Swiss-Prot,0
P01321,True,,9615,Extracellular space,Extracellular space/secreted,Swiss-Prot,0
Q90YI0,True,Secreted Factors|Matrisome-associated,9031,Extracellular space,Extracellular space/secreted,Swiss-Prot,0
P41323,True,,9615,Extracellular space,Extracellular space/secreted,Swiss-Prot,0
P26892,True,Secreted Factors|Matrisome-associated,9913,Extracellular space,Extracellular space/secreted,Swiss-Prot,0
O46612,True,,9615,Extracellular space,Extracellular space/secreted,Swiss-Prot,0
P01661,True,,10090,Extracellular space,,Swiss-Prot,0
P01662,True,,10090,Extracellular space,,Swiss-Prot,0
P01663,True,,10090,Extracellular space,,Swiss-Prot,0
Q8K4Z0,True,ECM Glycoproteins|Core matrisome,10090,Extracellular space,Extracellular space/secreted,Swiss-Prot,0
P58754,True,,9913,Extracellular region,Extracellular space/secreted,Swiss-Prot,0
Q90890,True,,9031,Extracellular region,Extracellular space/secreted,Swiss-Prot,0
Q9CWP4,True,,10090,Extracellular region,Extracellular space/secreted,Swiss-Prot,0
B4F7C5,True,,10116,Extracellular matrix|Extracellular space,,Swiss-Prot,0
Q80XG9,True,,10090,Extracellular matrix|Extracellular space,,Swiss-Prot,0
D3ZAL8,True,,10116,Extracellular matrix|Extracellular space,,Swiss-Prot,0
Q8BZ81,True,,10090,Extracellular matrix|Extracellular space,,Swiss-Prot,0
A1L1V4,True,,7955,Basement membrane|Extracellular space,Basement membrane|Extracellular matrix|Extracellular space/secreted,Swiss-Prot,0
F1QQC3,True,,7955,Basement membrane|Extracellular space,Basement membrane|Extracellular matrix|Extracellular space/secreted,Swiss-Prot,0
P11602,True,,9031,Extracellular space,Extracellular matrix|Extracellular space/secreted,Swiss-Prot,0
Q8K4Y5,True,,10116,Extracellular space,Extracellular space/secreted,Swiss-Prot,0
P01664,True,,10090,Extracellular space,,Swiss-Prot,0
Q5E9T6,True,ECM Glycoproteins|Core matrisome,9913,Extracellular space,Extracellular space/secreted,Swiss-Prot,0
P59761,True,,9913,Extracellular region,Extracellular space/secreted,Swiss-Prot,0
Q3MHZ8,True,ECM-affiliated Proteins|Matrisome-associated,9913,Extracellular region,Extracellular space/secreted,Swiss-Prot,0
O62644,True,,9913,Extracellular region,Extracellular space/secreted,Swiss-Prot,0
Q9N2G9,True,,9615,Extracellular region,Extracellular space/secreted,Swiss-Prot,0
P01670,True,,10090,Extracellular space,,Swiss-Prot,0
P01669,True,,10090,Extracellular space,,Swiss-Prot,0
P01668,True,,10090,Extracellular space,,Swiss-Prot,0
P01667,True,,10090,Extracellular space,,Swiss-Prot,0
P01666,True,,10090,Extracellular space,,Swiss-Prot,0
Q63366,True,,10116,Extracellular region,Extracellular space/secreted,Swiss-Prot,0
Q61199,True,,10090,Extracellular region,Extracellular space/secreted,Swiss-Prot,0
P51864,True,,9606,Extracellular region,,Swiss-Prot,0
Q80WM7,True,,10090,Extracellular space,Extracellular space/secreted,Swiss-Prot,0
P26779,True,,9913,Extracellular region,Extracellular space/secreted,Swiss-Prot,0
Q8C1C1,True,,10090,Extracellular region,Extracellular space/secreted,Swiss-Prot,0
O19063,True,,9823,Extracellular space,Extracellular space/secreted,Swiss-Prot,0
Q3T004,True,,9913,Extracellular space,Extracellular space/secreted,Swiss-Prot,0
P0DSN9,True,,9823,Extracellular region,Extracellular space/secreted,Swiss-Prot,0
P35466,True,Secreted Factors|Matrisome-associated,9913,Extracellular space,Extracellular space/secreted,Swiss-Prot,0
P02634,True,,10116,Extracellular space,,Swiss-Prot,0
P02632,True,,9823,Extracellular space,,Swiss-Prot,0
P97816,True,Secreted Factors|Matrisome-associated,10090,Extracellular space,,Swiss-Prot,0
P83571,True,,7955,Extracellular region,,Swiss-Prot,0
Q54E24,True,,44689,Extracellular matrix,,Swiss-Prot,0
Q54MA6,True,,44689,Extracellular matrix,,Swiss-Prot,0
Q03409,True,,44689,Extracellular matrix,,Swiss-Prot,0
P00683,True,,10090,Extracellular region,Extracellular space/secreted,Swiss-Prot,0
Q54XI5,True,,44689,Extracellular matrix,,Swiss-Prot,0
P13023,True,,44689,Extracellular matrix,,Swiss-Prot,0
Q54D63,True,,44689,Extracellular matrix,,Swiss-Prot,0
Q54Z69,True,,44689,Extracellular matrix,,Swiss-Prot,0
Q9GS21,True,,44689,Extracellular matrix,,Swiss-Prot,0
Q54NG2,True,,44689,Extracellular matrix,,Swiss-Prot,0
P79281,True,,9823,Extracellular region|Extracellular space,Extracellular space/secreted,Swiss-Prot,0
P02781,True,,10116,Extracellular region|Extracellular space,Extracellular space/secreted,Swiss-Prot,0
P02782,True,,10116,Extracellular space,Extracellular space/secreted,Swiss-Prot,0
O13035,True,,9031,Extracellular region,Extracellular space/secreted,Swiss-Prot,0
P49928,True,,9940,Extracellular region,Extracellular space/secreted,Swiss-Prot,0
P49929,True,,9940,Extracellular region,Extracellular space/secreted,Swiss-Prot,0
Q6UXR4,True,,9606,Extracellular space,Extracellular space/secreted,Swiss-Prot,0
Q9R0D6,True,,10116,Extracellular space,Extracellular space/secreted,Swiss-Prot,0
P25068,True,,9913,Extracellular space,Extracellular space/secreted,Swiss-Prot,0
P0C6B8,True,,10116,Extracellular matrix|Extracellular region|Extracellular space,Extracellular space/secreted,Swiss-Prot,0
A2AVA0,True,ECM Glycoproteins|Core matrisome,10090,Extracellular matrix|Extracellular region|Extracellular space,Extracellular space/secreted,Swiss-Prot,0
A0A1D5NSM8,True,,7955,Extracellular space,Extracellular space/secreted,Swiss-Prot,0
P50279,True,,10116,Extracellular space,,Swiss-Prot,0
Q00262,True,,10090,Extracellular space,,Swiss-Prot,0
Q8CDC0,True,ECM Regulators|Matrisome-associated,10090,Extracellular space,,Swiss-Prot,0
Q9D7P9,True,ECM Regulators|Matrisome-associated,10090,Extracellular space,,Swiss-Prot,0
Q9CQV3,True,ECM Regulators|Matrisome-associated,10090,Extracellular space,,Swiss-Prot,0
Q8R4Z1,True,,10116,Extracellular space,Extracellular space/secreted,Swiss-Prot,0
P63296,True,,9913,Extracellular space,Extracellular space/secreted,Swiss-Prot,0
Q7TMF5,True,ECM Regulators|Matrisome-associated,10090,Extracellular space,Extracellular space/secreted,Swiss-Prot,0
Q7TPA5,True,,10116,Extracellular space,Extracellular space/secreted,Swiss-Prot,0
Q8CIE0,True,ECM Regulators|Matrisome-associated,10090,Extracellular space,Extracellular space/secreted,Swiss-Prot,0
Q55GQ5,True,,44689,Extracellular matrix,,Swiss-Prot,0
Q6V9X0,True,,9940,Extracellular space,Extracellular space/secreted,Swiss-Prot,0
P22298,True,,9823,Extracellular space,Extracellular space/secreted,Swiss-Prot,0
P97430,True,ECM Regulators|Matrisome-associated,10090,Extracellular space,Extracellular space/secreted,Swiss-Prot,0
Q92186,True,,9606,Extracellular region,,Swiss-Prot,0
Q7TSK2,True,,10090,Extracellular region,Extracellular space/secreted,Swiss-Prot,0
P09910,True,,9615,Extracellular region,Extracellular space/secreted,Swiss-Prot,0
Q5E9X7,True,,9913,Extracellular region,Extracellular space/secreted,Swiss-Prot,0
P83748,True,,10116,Extracellular space,,Swiss-Prot,0
Q9Z2N5,True,,10116,Extracellular region,Extracellular space/secreted,Swiss-Prot,0
Q9QYZ9,True,,10090,Extracellular space,,Swiss-Prot,0
Q5RJP7,True,,10116,Extracellular region,Extracellular space/secreted,Swiss-Prot,0
Q6PE55,True,,10090,Extracellular region,Extracellular space/secreted,Swiss-Prot,0
Q5BIP2,True,,9913,Extracellular region,Extracellular space/secreted,Swiss-Prot,0
P14650,True,,10116,Extracellular space,,Swiss-Prot,0
P09933,True,,9823,Extracellular space,,Swiss-Prot,0
P35419,True,Secreted Factors|Matrisome-associated,10090,Extracellular space,,Swiss-Prot,0
Q0P5H1,True,,9913,Extracellular region,Extracellular space/secreted,Swiss-Prot,0
Q8R4W6,True,ECM Glycoproteins|Core matrisome,10090,Extracellular region,Extracellular space/secreted,Swiss-Prot,0
Q09098,True,,10090,Extracellular space,Extracellular space/secreted,Swiss-Prot,0
P0C8F1,True,,9606,Extracellular space,Extracellular space/secreted,Swiss-Prot,0
B3GLJ3,True,,10090,Extracellular region,Extracellular space/secreted,Swiss-Prot,0
B3GLJ2,True,,9606,Extracellular region,Extracellular space/secreted,Swiss-Prot,0
Q3UW31,True,,10090,Extracellular space,Extracellular space/secreted,Swiss-Prot,0
Q6UY27,True,,9606,Extracellular space,Extracellular space/secreted,Swiss-Prot,0
Q56A20,True,,10116,Extracellular space,,Swiss-Prot,0
Q7TMJ8,True,Secreted Factors|Matrisome-associated,10090,Extracellular space,,Swiss-Prot,0
Q5ZL18,True,,9031,Extracellular space,Extracellular space/secreted,Swiss-Prot,0
Q2T9M7,True,,9913,Extracellular space,Extracellular space/secreted,Swiss-Prot,0
P26203,True,,9986,Extracellular region,Extracellular space/secreted,Swiss-Prot,0
P26202,True,,9986,Extracellular region,Extracellular space/secreted,Swiss-Prot,0
A0A0G2K6Z9,True,,10116,Extracellular region,Extracellular space/secreted,Swiss-Prot,0
Q3HS83,True,,10116,Extracellular region|Extracellular space,Extracellular space/secreted,Swiss-Prot,0
Q9Z2N4,True,,10116,Extracellular region,Extracellular space/secreted,Swiss-Prot,0
Q54KX5,True,,44689,Extracellular region,Extracellular space/secreted,Swiss-Prot,0
Q8VCS0,True,,10090,Extracellular region,Extracellular space/secreted,Swiss-Prot,0
Q866Y3,True,,9823,Extracellular region,Extracellular space/secreted,Swiss-Prot,0
Q5K2P9,True,,10116,Extracellular region,Extracellular matrix|Extracellular space/secreted,Swiss-Prot,0
Q99MS4,True,,10090,Extracellular space,Extracellular space/secreted,Swiss-Prot,0
A6NIE9,True,,9606,Extracellular space,Extracellular space/secreted,Swiss-Prot,0
Q924N9,True,,10090,Extracellular region|Extracellular space,Extracellular space/secreted,Swiss-Prot,0
Q6BEA2,True,,10116,Extracellular region,Extracellular space/secreted,Swiss-Prot,0
Q8BJR6,True,,10090,Extracellular region,Extracellular space/secreted,Swiss-Prot,0
Q6AY61,True,,10116,Extracellular region,Extracellular space/secreted,Swiss-Prot,0
P10165,True,,10116,Extracellular region,Extracellular space/secreted,Swiss-Prot,0
Q86SH4,True,,9606,Extracellular region,Extracellular space/secreted,Swiss-Prot,0
Q9ES75,True,,10116,Extracellular region,Extracellular space/secreted,Swiss-Prot,0
Q80XD8,True,,10090,Extracellular region,Extracellular space/secreted,Swiss-Prot,0
Q5K2P8,True,,10090,Extracellular region,Extracellular matrix|Extracellular space/secreted,Swiss-Prot,0
A1A547,True,,10090,Extracellular region,Extracellular space/secreted,Swiss-Prot,0
A2CEH0,True,,7955,Extracellular region,,Swiss-Prot,0
P18917,True,,9913,Extracellular space,Extracellular space/secreted,Swiss-Prot,0
P12402,True,,9913,Extracellular space,Extracellular space/secreted,Swiss-Prot,0
P12401,True,,9913,Extracellular space,Extracellular space/secreted,Swiss-Prot,0
P05402,True,,9913,Extracellular space,Extracellular space/secreted,Swiss-Prot,0
P60986,True,,9913,Extracellular space,Extracellular space/secreted,Swiss-Prot,0
O46377,True,,9986,Extracellular region,Extracellular matrix|Extracellular space/secreted,Swiss-Prot,0
Q9GKQ6,True,,9823,Extracellular space,Extracellular matrix|Extracellular space/secreted,Swiss-Prot,0
O02678,True,,9615,Extracellular space,Extracellular matrix|Extracellular space/secreted,Swiss-Prot,0
Q0VB07,True,,10090,Extracellular region,Extracellular space/secreted,Swiss-Prot,0
P14765,True,,9940,Extracellular space,Extracellular space/secreted,Swiss-Prot,0
P07808,True,,10116,Extracellular space,Extracellular space/secreted,Swiss-Prot,0
P68006,True,,9986,Extracellular region,Extracellular space/secreted,Swiss-Prot,0
A0A075B6I9,True,,9606,Extracellular space,Extracellular space/secreted,Swiss-Prot,0
A0A075B6I7,True,,9606,Extracellular space,Extracellular space/secreted,Swiss-Prot,0
D4A7P2,True,,10116,Extracellular space,,Swiss-Prot,0
Q8BGA3,True,,10090,Extracellular space,,Swiss-Prot,0
D4A6D8,True,,10116,Extracellular matrix|Extracellular space,,Swiss-Prot,0
A1A4H9,True,,9913,Extracellular matrix|Extracellular space,,Swiss-Prot,0
Q9ESY6,True,,10116,Extracellular matrix|Extracellular space,,Swiss-Prot,0
Q8CBC6,True,,10090,Extracellular matrix|Extracellular space,,Swiss-Prot,0
Q32Q07,True,,10116,Extracellular matrix|Extracellular space,,Swiss-Prot,0
Q61809,True,,10090,Extracellular matrix|Extracellular space,,Swiss-Prot,0
A0N0X6,True,,9913,Extracellular matrix|Extracellular space,,Swiss-Prot,0
Q5BK65,True,,10116,Extracellular region,,Swiss-Prot,0
Q6AXL3,True,,7955,Extracellular matrix|Extracellular space,,Swiss-Prot,0
Q3ZBI5,True,,9913,Extracellular region,,Swiss-Prot,0
G3XA59,True,,10090,Extracellular matrix|Extracellular space,,Swiss-Prot,0
A0A0A0MT76,True,,9606,Extracellular region,Extracellular space/secreted,Swiss-Prot,0
P54310,True,,10090,Extracellular space,,Swiss-Prot,0
Q17RR3,True,,9606,Extracellular region,Extracellular space/secreted,Swiss-Prot,0
P54318,True,,10116,Extracellular space,Extracellular space/secreted,Swiss-Prot,0
D7EZN2,True,,9823,Extracellular space,Extracellular space/secreted,Swiss-Prot,0
P17892,True,,10090,Extracellular space,Extracellular space/secreted,Swiss-Prot,0
O42164,True,,9031,Extracellular space,Extracellular space/secreted,Swiss-Prot,0
O02720,True,,9615,Extracellular space,Extracellular space/secreted,Swiss-Prot,0
P50595,True,Secreted Factors|Matrisome-associated,9913,Extracellular space,Extracellular space/secreted,Swiss-Prot,0
A0A0A0MRZ9,True,,9606,Extracellular space,Extracellular space/secreted,Swiss-Prot,0
A0A075B6I0,True,,9606,Extracellular space,Extracellular space/secreted,Swiss-Prot,0
P01304,True,,9823,Extracellular space,Extracellular space/secreted,Swiss-Prot,0
A0A0B4J1Y8,True,,9606,Extracellular space,Extracellular space/secreted,Swiss-Prot,0
Q9W6H0,True,Proteoglycans|Core matrisome,9031,Extracellular matrix|Extracellular region,Extracellular matrix|Extracellular space/secreted,Swiss-Prot,0
P19879,True,Proteoglycans|Core matrisome,9913,Extracellular matrix|Extracellular region,Extracellular matrix|Extracellular space/secreted,Swiss-Prot,0
Q08834,True,,10116,Extracellular region,Extracellular space/secreted,Swiss-Prot,0
Q8R4G6,True,,10090,Extracellular region,Extracellular space/secreted,Swiss-Prot,0
Q54F07,True,,44689,Extracellular matrix,,Swiss-Prot,0
Q5BK01,True,,10116,Extracellular region,Extracellular space/secreted,Swiss-Prot,0
Q8BH27,True,Secreted Factors|Matrisome-associated,10090,Basement membrane,,Swiss-Prot,0
O88281,True,,10116,Extracellular region,Extracellular space/secreted,Swiss-Prot,0
Q80V70,True,Secreted Factors|Matrisome-associated,10090,Extracellular region,Extracellular space/secreted,Swiss-Prot,0
P80931,True,,9940,Extracellular region,Extracellular space/secreted,Swiss-Prot,0
Q8CG85,True,,10090,Extracellular matrix|Extracellular region,Extracellular matrix|Extracellular space/secreted,Swiss-Prot,0
Q9DA11,True,,10090,Extracellular region,Extracellular space/secreted,Swiss-Prot,0
Q29RT1,True,,9913,Extracellular region,Extracellular space/secreted,Swiss-Prot,0
A2AE20,True,,10090,Extracellular region,Extracellular space/secreted,Swiss-Prot,0
Q32PD6,True,,9913,Extracellular region,Extracellular space/secreted,Swiss-Prot,0
D4ABW7,True,,10116,Extracellular space,Extracellular space/secreted,Swiss-Prot,0
Q9D925,True,,10090,Extracellular space,Extracellular space/secreted,Swiss-Prot,0
Q2T9N7,True,,9913,Extracellular space,Extracellular space/secreted,Swiss-Prot,0
Q9CPX3,True,,10090,Extracellular region,Extracellular space/secreted,Swiss-Prot,0
A0JNM6,True,,9913,Extracellular region,Extracellular space/secreted,Swiss-Prot,0
P45845,True,,9823,Extracellular region|Extracellular space,Extracellular space/secreted,Swiss-Prot,0
Q05063,True,ECM Regulators|Matrisome-associated,9031,Extracellular space,Extracellular space/secreted,Swiss-Prot,0
A0A075B6I3,True,,9606,Extracellular space,Extracellular space/secreted,Swiss-Prot,0
Q6JVL5,True,,10090,Extracellular space,Extracellular space/secreted,Swiss-Prot,0
Q810Z1,True,,10090,Extracellular region,Extracellular space/secreted,Swiss-Prot,0
Q6JVE6,True,,9606,Extracellular region,Extracellular space/secreted,Swiss-Prot,0
Q9D9P8,True,,10090,Extracellular region,Extracellular space/secreted,Swiss-Prot,0
P01326,True,Secreted Factors|Matrisome-associated,10090,Extracellular region|Extracellular space,Extracellular space/secreted,Swiss-Prot,0
P01586,True,Secreted Factors|Matrisome-associated,10090,Extracellular space,Extracellular space/secreted,Swiss-Prot,0
Q9BDX4,True,,9615,Extracellular space,Extracellular space/secreted,Swiss-Prot,0
P49875,True,Secreted Factors|Matrisome-associated,9913,Extracellular space,Extracellular space/secreted,Swiss-Prot,0
Q8R460,True,,10090,Extracellular space,Extracellular space/secreted,Swiss-Prot,0
Q9D6Z6,True,,10090,Extracellular space,Extracellular space/secreted,Swiss-Prot,0
Q9JLA2,True,,10090,Extracellular space,Extracellular space/secreted,Swiss-Prot,0
Q4KM46,True,,10116,Extracellular space,Extracellular space/secreted,Swiss-Prot,0
Q5BJ95,True,,10116,Extracellular space,Extracellular space/secreted,Swiss-Prot,0
Q9QXT6,True,Secreted Factors|Matrisome-associated,10090,Extracellular space,Extracellular space/secreted,Swiss-Prot,0
Q0V8R5,True,Secreted Factors|Matrisome-associated,9913,Extracellular space,Extracellular space/secreted,Swiss-Prot,0
Q28267,True,,9615,Extracellular space,Extracellular space/secreted,Swiss-Prot,0
P54349,True,Secreted Factors|Matrisome-associated,9913,Extracellular space,Extracellular space/secreted,Swiss-Prot,0
Q99MF5,True,,10116,Extracellular space,Extracellular space/secreted,Swiss-Prot,0
Q29408,True,,9940,Extracellular region|Extracellular space,Extracellular space/secreted,Swiss-Prot,0
P29456,True,,10116,Extracellular space,Extracellular space/secreted,Swiss-Prot,0
Q9TSJ4,True,,9986,Extracellular space,Extracellular space/secreted,Swiss-Prot,0
Q29055,True,,9823,Extracellular space,Extracellular space/secreted,Swiss-Prot,0
P18893,True,Secreted Factors|Matrisome-associated,10090,Extracellular space,Extracellular space/secreted,Swiss-Prot,0
P10763,True,,9940,Extracellular space,Extracellular space/secreted,Swiss-Prot,0
P08025,True,,10116,Extracellular space,Extracellular space/secreted,Swiss-Prot,0
Q95222,True,,9986,Extracellular space,Extracellular space/secreted,Swiss-Prot,0
P16545,True,,9823,Extracellular space,Extracellular space/secreted,Swiss-Prot,0
P01323,True,,10116,Extracellular space,Extracellular space/secreted,Swiss-Prot,0
F8WCM5,True,Secreted Factors|Matrisome-associated,9606,Extracellular space,,Swiss-Prot,0
P01005,True,,9031,Extracellular space,Extracellular space/secreted,Swiss-Prot,0
P01674,True,,10090,Extracellular space,,Swiss-Prot,0
Q5BK54,True,,10116,Extracellular region,Extracellular space/secreted,Swiss-Prot,0
P01643,True,,10090,Extracellular space,,Swiss-Prot,0
P01642,True,,10090,Extracellular space,,Swiss-Prot,0
P01641,True,,10090,Extracellular space,,Swiss-Prot,0
P01639,True,,10090,Extracellular space,,Swiss-Prot,0
P01638,True,,10090,Extracellular space,,Swiss-Prot,0
P01634,True,,10090,Extracellular space,,Swiss-Prot,0
P01633,True,,10090,Extracellular space,,Swiss-Prot,0
P06315,True,,9606,Extracellular region|Extracellular space,Extracellular space/secreted,Swiss-Prot,0
P01680,True,,10090,Extracellular space,,Swiss-Prot,0
P01673,True,,10090,Extracellular space,,Swiss-Prot,0
Q4JL91,True,,7955,Extracellular region,,Swiss-Prot,0
P01672,True,,10090,Extracellular space,,Swiss-Prot,0
P01671,True,,10090,Extracellular space,,Swiss-Prot,0
O88867,True,,10116,Extracellular space,,Swiss-Prot,0
Q9JM71,True,,10090,Extracellular space,,Swiss-Prot,0
P36369,True,,10090,Extracellular space,,Swiss-Prot,0
Q61754,True,,10090,Extracellular space,,Swiss-Prot,0
P15948,True,,10090,Extracellular space,,Swiss-Prot,0
Q61759,True,,10090,Extracellular space,,Swiss-Prot,0
P04071,True,,10090,Extracellular space,,Swiss-Prot,0
P15946,True,,10090,Extracellular space,,Swiss-Prot,0
Q1L6U9,True,,9606,Extracellular space,Extracellular space/secreted,Swiss-Prot,0
B1AWI6,True,,10090,Extracellular space,Extracellular space/secreted,Swiss-Prot,0
P28184,True,,10090,Extracellular space,,Swiss-Prot,0
Q6P3Y9,True,Proteoglycans|Core matrisome,10090,Extracellular space,Extracellular matrix|Extracellular space/secreted,Swiss-Prot,0
P06281,True,,10090,Extracellular space,Extracellular space/secreted,Swiss-Prot,0
Q3UQ28,True,ECM Glycoproteins|Core matrisome,10090,Basement membrane|Extracellular matrix|Extracellular space,Basement membrane|Extracellular matrix|Extracellular space/secreted,Swiss-Prot,0
Q55FQ5,True,,44689,Extracellular region,Extracellular space/secreted,Swiss-Prot,0
Q54C31,True,,44689,Extracellular region,Extracellular space/secreted,Swiss-Prot,0
Q54C32,True,,44689,Extracellular region,Extracellular space/secreted,Swiss-Prot,0
Q54VS2,True,,44689,Extracellular region,,Swiss-Prot,0
Q54VS4,True,,44689,Extracellular region,,Swiss-Prot,0
Q54CH8,True,,44689,Extracellular region,,Swiss-Prot,0
Q14B25,True,,10090,Extracellular space,Extracellular space/secreted,Swiss-Prot,0
Q6IE63,True,,10116,Extracellular space,,Swiss-Prot,0
Q5M8S2,True,,10090,Extracellular space,,Swiss-Prot,0
Q6IE62,True,,10116,Extracellular space,Extracellular space/secreted,Swiss-Prot,0
P04474,True,,10116,Extracellular region,Extracellular space/secreted,Swiss-Prot,0
O54990,True,,10090,Extracellular space,,Swiss-Prot,0
Q8R413,True,,10116,Extracellular region,Extracellular space/secreted,Swiss-Prot,0
Q9QXU7,True,,10090,Extracellular region,Extracellular space/secreted,Swiss-Prot,0
Q863H5,True,,9913,Extracellular region,Extracellular space/secreted,Swiss-Prot,0
Q8R414,True,,10116,Extracellular region,Extracellular space/secreted,Swiss-Prot,0
Q14A28,True,,10090,Extracellular region,Extracellular space/secreted,Swiss-Prot,0
P26199,True,,44689,Extracellular matrix,,Swiss-Prot,0
P80054,True,,9823,Extracellular space,Extracellular space/secreted,Swiss-Prot,0
Q9JLV9,True,Secreted Factors|Matrisome-associated,10090,Extracellular space,Extracellular space/secreted,Swiss-Prot,0
P20646,True,,10116,Extracellular space,Extracellular space/secreted,Swiss-Prot,0
P00796,True,,10090,Extracellular space,Extracellular space/secreted,Swiss-Prot,0
Q6DYE7,True,,9615,Extracellular space,Extracellular space/secreted,Swiss-Prot,0
P08424,True,,10116,Extracellular space,Extracellular space/secreted,Swiss-Prot,0
P81476,True,,9031,Extracellular region,Extracellular space/secreted,Swiss-Prot,0
P28782,True,Secreted Factors|Matrisome-associated,9913,Extracellular region,Extracellular space/secreted,Swiss-Prot,0
Q28050,True,Secreted Factors|Matrisome-associated,9913,Extracellular space,Extracellular space/secreted,Swiss-Prot,0
P05942,True,,10116,Extracellular space,Extracellular space/secreted,Swiss-Prot,0
Q9TV56,True,,9615,Extracellular space,Extracellular space/secreted,Swiss-Prot,0
Q55BY1,True,,44689,Extracellular matrix,,Swiss-Prot,0
Q8BYM7,True,,10090,Extracellular region,,Swiss-Prot,0
Q9DA80,True,,10090,Extracellular region,,Swiss-Prot,0
Q54UU3,True,,44689,Extracellular matrix,,Swiss-Prot,0
Q5U2W9,True,,10116,Extracellular region|Extracellular space,Extracellular space/secreted,Swiss-Prot,0
A7RDN6,True,,10090,Extracellular region|Extracellular space,Extracellular space/secreted,Swiss-Prot,0
P34113,True,,44689,Extracellular matrix,,Swiss-Prot,0
P52115,True,,9940,Extracellular space,Extracellular space/secreted,Swiss-Prot,0
Q55BS9,True,,44689,Extracellular matrix,,Swiss-Prot,0
Q54E20,True,,44689,Extracellular matrix,,Swiss-Prot,0
Q99P87,True,,10090,Extracellular region|Extracellular space,Extracellular space/secreted,Swiss-Prot,0
Q762I5,True,,9913,Extracellular space,Extracellular space/secreted,Swiss-Prot,0
G3V686,True,,10116,Extracellular space,Extracellular space/secreted,Swiss-Prot,0
Q8K426,True,,10090,Extracellular space,Extracellular space/secreted,Swiss-Prot,0
Q99P86,True,,10090,Extracellular region|Extracellular space,Extracellular space/secreted,Swiss-Prot,0
Q99P85,True,,10116,Extracellular space,Extracellular space/secreted,Swiss-Prot,0
Q9EP95,True,,10090,Extracellular region|Extracellular space,Extracellular space/secreted,Swiss-Prot,0
Q9CYN9,True,,10090,Extracellular space,,Swiss-Prot,0
Q6TMK4,True,,44689,Extracellular region,Extracellular space/secreted,Swiss-Prot,0
P85973,True,,10116,Extracellular region,,Swiss-Prot,0
P04939,True,,10090,Extracellular space,Extracellular space/secreted,Swiss-Prot,0
P23492,True,,10090,Extracellular region,,Swiss-Prot,0
P79345,True,,9913,Extracellular space,Extracellular space/secreted,Swiss-Prot,0
Q9IAK4,True,,9031,Extracellular space,Extracellular space/secreted,Swiss-Prot,0
Q6DHK1,True,,7955,Extracellular region,Extracellular space/secreted,Swiss-Prot,0
E2QRY6,True,,9615,Extracellular region,Extracellular space/secreted,Swiss-Prot,0
Q6QRN6,True,,9913,Extracellular region,Extracellular space/secreted,Swiss-Prot,0
D4A523,True,,10116,Extracellular region,Extracellular space/secreted,Swiss-Prot,0
P70617,True,,10116,Extracellular region,Extracellular space/secreted,Swiss-Prot,0
O70131,True,,10090,Extracellular region,Extracellular space/secreted,Swiss-Prot,0
Q5SSH8,True,,10090,Extracellular region,Extracellular space/secreted,Swiss-Prot,0
A2CES0,True,,7955,Extracellular region,Extracellular space/secreted,Swiss-Prot,0
Q6IUR5,True,,10116,Extracellular space,Extracellular space/secreted,Swiss-Prot,0
Q9CQ45,True,,10090,Extracellular space,Extracellular space/secreted,Swiss-Prot,0
Q1JQA5,True,,9913,Extracellular space,Extracellular space/secreted,Swiss-Prot,0
Q5XHY4,True,,10116,Extracellular region,Extracellular space/secreted,Swiss-Prot,0
P70352,True,,10090,Extracellular region,Extracellular space/secreted,Swiss-Prot,0
Q0VC22,True,,9913,Extracellular region,Extracellular space/secreted,Swiss-Prot,0
Q561R0,True,,10116,Extracellular region,Extracellular space/secreted,Swiss-Prot,0
A5PJ93,True,,9913,Extracellular region,Extracellular space/secreted,Swiss-Prot,0
P54659,True,,44689,Extracellular matrix,,Swiss-Prot,0
P02761,True,,10116,Extracellular space,Extracellular space/secreted,Swiss-Prot,0
P02762,True,,10090,Extracellular space,Extracellular space/secreted,Swiss-Prot,0
P11591,True,,10090,Extracellular space,Extracellular space/secreted,Swiss-Prot,0
P11590,True,,10090,Extracellular space,Extracellular space/secreted,Swiss-Prot,0
Q28895,True,,9615,Extracellular region,Extracellular space/secreted,Swiss-Prot,0
Q9DGJ3,True,,7955,Extracellular region,Extracellular space/secreted,Swiss-Prot,0
Q9Z0J0,True,,10090,Extracellular space,Extracellular space/secreted,Swiss-Prot,0
P06303,True,,10116,Extracellular space,Extracellular space/secreted,Swiss-Prot,0
P49260,True,,9986,Extracellular region,Extracellular space/secreted,Swiss-Prot,0
Q62028,True,,10090,Extracellular region,Extracellular space/secreted,Swiss-Prot,0
P49259,True,,9913,Extracellular region,Extracellular space/secreted,Swiss-Prot,0
Q5RJI4,True,,10090,Extracellular region,Extracellular space/secreted,Swiss-Prot,0
Q8R2H5,True,,10116,Extracellular matrix|Extracellular region|Extracellular space,Extracellular space/secreted,Swiss-Prot,0
Q9EPR2,True,,10090,Extracellular region,Extracellular space/secreted,Swiss-Prot,0
Q8HYB7,True,,9615,Extracellular space,,Swiss-Prot,0
Q54HY0,True,,44689,Extracellular region,Extracellular space/secreted,Swiss-Prot,0
E2RYF7,True,,9606,Extracellular region,Extracellular space/secreted,Swiss-Prot,0
P01301,True,,9940,Extracellular region,Extracellular space/secreted,Swiss-Prot,0
P41336,True,,9986,Extracellular region,Extracellular space/secreted,Swiss-Prot,0
O97763,True,,9823,Extracellular space,Extracellular space/secreted,Swiss-Prot,0
P01300,True,,9823,Extracellular space,Extracellular space/secreted,Swiss-Prot,0
P10601,True,,10090,Extracellular space,Extracellular space/secreted,Swiss-Prot,0
Q25C36,True,,9031,Extracellular space,Extracellular space/secreted,Swiss-Prot,0
Q0VCP3,True,,9913,Extracellular space,Extracellular space/secreted,Swiss-Prot,0
Q66H86,True,,10116,Extracellular space,Extracellular space/secreted,Swiss-Prot,0
Q0P3W2,True,,7955,Extracellular space,Extracellular space/secreted,Swiss-Prot,0
Q29RB4,True,,7955,Extracellular space,Extracellular space/secreted,Swiss-Prot,0
Q7SZK7,True,,7955,Extracellular region,,Swiss-Prot,0
Q28143,True,,9913,Extracellular region,Extracellular space/secreted,Swiss-Prot,0
Q8C4W3,True,,10090,Extracellular space,,Swiss-Prot,0
P18254,True,,9031,Extracellular space,Extracellular space/secreted,Swiss-Prot,0
P33712,True,,9615,Extracellular space,Extracellular space/secreted,Swiss-Prot,0
P07455,True,Secreted Factors|Matrisome-associated,9913,Extracellular space,Extracellular space/secreted,Swiss-Prot,0
P32752,True,,9823,Extracellular region,Extracellular space/secreted,Swiss-Prot,0
P50415,True,,9940,Extracellular region,Extracellular space/secreted,Swiss-Prot,0
Q2IAL6,True,,9031,Extracellular space,Extracellular space/secreted,Swiss-Prot,0
P19661,True,,9913,Extracellular region,Extracellular space/secreted,Swiss-Prot,0
P81282,True,Proteoglycans|Core matrisome,9913,Extracellular region|Extracellular space,Extracellular matrix|Extracellular space/secreted,Swiss-Prot,0
P21837,True,,44689,Extracellular matrix,,Swiss-Prot,0
Q8R555,True,,10090,Extracellular region,Extracellular matrix|Extracellular space/secreted,Swiss-Prot,0
A0MSJ1,True,,7955,Extracellular space,Extracellular matrix|Extracellular space/secreted,Swiss-Prot,0
C7DZK3,True,,7955,Basement membrane|Extracellular space,Extracellular matrix|Extracellular space/secreted,Swiss-Prot,0
Q7Z4B0,True,,9606,Extracellular region,Extracellular space/secreted,Swiss-Prot,0
Q3UST5,True,,10090,Extracellular region,Extracellular space/secreted,Swiss-Prot,0
A7MCS3,True,,7955,Extracellular region,Extracellular space/secreted,Swiss-Prot,0
Q30D77,True,Collagens|Core matrisome,10090,Extracellular space,Extracellular matrix|Extracellular space/secreted,Swiss-Prot,0
Q557B8,True,,44689,Extracellular region,Extracellular space/secreted,Swiss-Prot,0
Q54NU3,True,,44689,Extracellular region,Extracellular space/secreted,Swiss-Prot,0
Q54TT6,True,,44689,Extracellular matrix|Extracellular region,Extracellular space/secreted,Swiss-Prot,0
Q8T2A1,True,,44689,Extracellular region,Extracellular space/secreted,Swiss-Prot,0
Q54CU4,True,,44689,Extracellular region,Extracellular space/secreted,Swiss-Prot,0
Q64739,True,Collagens|Core matrisome,10090,Extracellular space,Extracellular matrix|Extracellular space/secreted,Swiss-Prot,0
Q05306,True,Collagens|Core matrisome,10090,Extracellular matrix|Extracellular space,Extracellular matrix|Extracellular space/secreted,Swiss-Prot,0
P08125,True,Collagens|Core matrisome,9031,Extracellular region|Extracellular space,Extracellular matrix|Extracellular space/secreted,Swiss-Prot,0
P23206,True,,9913,Extracellular region,Extracellular matrix|Extracellular space/secreted,Swiss-Prot,0
Q6ZQ11,True,,10090,Extracellular region,Extracellular space/secreted,Swiss-Prot,0
P32753,True,,9940,Extracellular region,Extracellular space/secreted,Swiss-Prot,0
P33046,True,,9913,Extracellular space,Extracellular space/secreted,Swiss-Prot,0
P54229,True,,9913,Extracellular space,Extracellular space/secreted,Swiss-Prot,0
P54228,True,,9913,Extracellular space,Extracellular space/secreted,Swiss-Prot,0
P50705,True,,10090,Extracellular space,Extracellular space/secreted,Swiss-Prot,0
Q8BVB5,True,,10090,Extracellular region,Extracellular space/secreted,Swiss-Prot,0
Q30KP6,True,,10090,Extracellular region,Extracellular space/secreted,Swiss-Prot,0
Q70KL2,True,,10090,Extracellular space,Extracellular space/secreted,Swiss-Prot,0
Q32ZF7,True,,10116,Extracellular space,Extracellular space/secreted,Swiss-Prot,0
Q70KL3,True,,10090,Extracellular space,Extracellular space/secreted,Swiss-Prot,0
Q32ZF8,True,,10116,Extracellular space,Extracellular space/secreted,Swiss-Prot,0
Q7TNV7,True,,10090,Extracellular space,Extracellular space/secreted,Swiss-Prot,0
P46159,True,,9913,Extracellular space,Extracellular space/secreted,Swiss-Prot,0
P50707,True,,10090,Extracellular space,Extracellular space/secreted,Swiss-Prot,0
P50706,True,,10090,Extracellular space,Extracellular space/secreted,Swiss-Prot,0
P50704,True,,10090,Extracellular space,Extracellular space/secreted,Swiss-Prot,0
P56425,True,,9913,Extracellular space,Extracellular space/secreted,Swiss-Prot,0
P28312,True,,10090,Extracellular space,Extracellular space/secreted,Swiss-Prot,0
P28311,True,,10090,Extracellular space,Extracellular space/secreted,Swiss-Prot,0
P28310,True,,10090,Extracellular space,Extracellular space/secreted,Swiss-Prot,0
P28309,True,,10090,Extracellular space,Extracellular space/secreted,Swiss-Prot,0
Q54CS6,True,,44689,Extracellular region,Extracellular space/secreted,Swiss-Prot,0
Q55BZ5,True,,44689,Extracellular region,Extracellular space/secreted,Swiss-Prot,0
Q8N688,True,,9606,Extracellular region,Extracellular space/secreted,Swiss-Prot,0
B0R191,True,,7955,Extracellular space,Extracellular space/secreted,Swiss-Prot,0
Q8CG08,True,,10116,Extracellular matrix|Extracellular space,Extracellular matrix|Extracellular space/secreted,Swiss-Prot,0
Q9D1D6,True,ECM Glycoproteins|Core matrisome,10090,Extracellular matrix|Extracellular space,Extracellular matrix|Extracellular space/secreted,Swiss-Prot,0
P21927,True,,9986,Extracellular region,Extracellular space/secreted,Swiss-Prot,0
Q03311,True,,10090,Extracellular space,Extracellular space/secreted,Swiss-Prot,0
Q32ZF3,True,,10116,Extracellular space,Extracellular space/secreted,Swiss-Prot,0
P32750,True,,9615,Extracellular region,Extracellular space/secreted,Swiss-Prot,0
Q075Z2,True,ECM Glycoproteins|Core matrisome,9606,Extracellular region,Extracellular space/secreted,Swiss-Prot,0
Q9XPJ9,True,,44689,Extracellular matrix,,Swiss-Prot,0
P54638,True,,44689,Extracellular matrix,,Swiss-Prot,0
P04638,True,,10116,Extracellular space,Extracellular space/secreted,Swiss-Prot,0
O46406,True,,9913,Extracellular region,Extracellular space/secreted,Swiss-Prot,0
Q29437,True,,9913,Extracellular region,Extracellular space/secreted,Swiss-Prot,0
O08590,True,,10116,Extracellular space,,Swiss-Prot,0
P49822,True,,9615,Extracellular space,Extracellular space/secreted,Swiss-Prot,0
Q02589,True,,10116,Extracellular space,,Swiss-Prot,0
Q55DU1,True,,44689,Extracellular matrix,,Swiss-Prot,0
P05095,True,,44689,Extracellular matrix,,Swiss-Prot,0
Q6AY33,True,,10116,Extracellular region,,Swiss-Prot,0
Q29016,True,,9823,Extracellular region,Extracellular space/secreted,Swiss-Prot,0
Q3V140,True,,10090,Extracellular region,Extracellular space/secreted,Swiss-Prot,0
Q54XS2,True,,44689,Extracellular matrix,,Swiss-Prot,0
Q28757,True,,9940,Extracellular region,Extracellular space/secreted,Swiss-Prot,0
Q28748,True,,9986,Extracellular region,Extracellular space/secreted,Swiss-Prot,0
P79307,True,,9823,Extracellular region,Extracellular space/secreted,Swiss-Prot,0
Q28280,True,,9615,Extracellular region,Extracellular space/secreted,Swiss-Prot,0
Q28053,True,,9913,Extracellular region,Extracellular space/secreted,Swiss-Prot,0
Q7SIH1,True,ECM Regulators|Matrisome-associated,9913,Extracellular space,Extracellular space/secreted,Swiss-Prot,0
P53369,True,,10116,Extracellular space,,Swiss-Prot,0
P53368,True,,10090,Extracellular space,,Swiss-Prot,0
Q28065,True,,9913,Extracellular space,Extracellular space/secreted,Swiss-Prot,0
Q63514,True,,10116,Extracellular space,Extracellular space/secreted,Swiss-Prot,0
Q28066,True,,9913,Extracellular region,Extracellular space/secreted,Swiss-Prot,0
A2VE00,True,,9913,Extracellular region,Extracellular space/secreted,Swiss-Prot,0
Q6AY64,True,,10116,Extracellular region,Extracellular space/secreted,Swiss-Prot,0
Q9DAY5,True,,10090,Extracellular region,Extracellular space/secreted,Swiss-Prot,0
Q6NZZ3,True,,7955,Extracellular region,Extracellular space/secreted,Swiss-Prot,0
Q5ZLK8,True,,9031,Extracellular region,Extracellular space/secreted,Swiss-Prot,0
A2VDZ5,True,,9913,Extracellular region,Extracellular space/secreted,Swiss-Prot,0
Q9TTS6,True,Secreted Factors|Matrisome-associated,9913,Extracellular space,Extracellular space/secreted,Swiss-Prot,0
P01355,True,,10116,Extracellular region|Extracellular space,Extracellular space/secreted,Swiss-Prot,0
P01356,True,,9823,Extracellular space,Extracellular space/secreted,Swiss-Prot,0
P09240,True,,10090,Extracellular space,Extracellular space/secreted,Swiss-Prot,0
Q9PU41,True,,9031,Extracellular space,Extracellular space/secreted,Swiss-Prot,0
Q55DL1,True,,44689,Extracellular region,Extracellular space/secreted,Swiss-Prot,0
Q63515,True,,10116,Extracellular space,Extracellular space/secreted,Swiss-Prot,0
Q9WVJ3,True,,10090,Extracellular space,Extracellular space/secreted,Swiss-Prot,0
Q17QK3,True,,9913,Extracellular space,Extracellular space/secreted,Swiss-Prot,0
A1E295,True,,9823,Extracellular space,Extracellular space/secreted,Swiss-Prot,0
P43233,True,ECM Regulators|Matrisome-associated,9031,Extracellular space,,Swiss-Prot,0
P07688,True,,9913,Extracellular space,Extracellular space/secreted,Swiss-Prot,0
Q9JI81,True,ECM Regulators|Matrisome-associated,10090,Extracellular region|Extracellular space,Extracellular space/secreted,Swiss-Prot,0
D3ZZ07,True,,10116,Extracellular space,Extracellular space/secreted,Swiss-Prot,0
Q91ZF2,True,ECM Regulators|Matrisome-associated,10090,Extracellular region|Extracellular space,Extracellular space/secreted,Swiss-Prot,0
P02669,True,,9940,Extracellular space,Extracellular space/secreted,Swiss-Prot,0
P25230,True,,9986,Extracellular region,Extracellular space/secreted,Swiss-Prot,0
Q30KM9,True,,10090,Extracellular space,Extracellular space/secreted,Swiss-Prot,0
Q6TU36,True,,10090,Extracellular region,Extracellular space/secreted,Swiss-Prot,0
P07352,True,Secreted Factors|Matrisome-associated,9913,Extracellular space,Extracellular space/secreted,Swiss-Prot,0
Q02596,True,,10090,Extracellular region,,Swiss-Prot,0
P0DP07,True,,9606,Extracellular region,Extracellular space/secreted,Swiss-Prot,0
A0A0C4DH34,True,,9606,Extracellular region,Extracellular space/secreted,Swiss-Prot,0
A0A075B6R2,True,,9606,Extracellular region,Extracellular space/secreted,Swiss-Prot,0
P0DTW3,True,,9606,Extracellular region,Extracellular space/secreted,Swiss-Prot,0
P0DTE1,True,,9606,Extracellular region,Extracellular space/secreted,Swiss-Prot,0
A0A0B4J1X5,True,,9606,Extracellular region,Extracellular space/secreted,Swiss-Prot,0
A0A0B4J1V6,True,,9606,Extracellular region,Extracellular space/secreted,Swiss-Prot,0
A0A0B4J1Y9,True,,9606,Extracellular region,Extracellular space/secreted,Swiss-Prot,0
Q64268,True,,10116,Extracellular space,,Swiss-Prot,0
P47776,True,,9986,Extracellular space,,Swiss-Prot,0
P49182,True,ECM Regulators|Matrisome-associated,10090,Extracellular space,,Swiss-Prot,0
Q8CGP1,True,,10090,Extracellular space,,Swiss-Prot,0
P47854,True,,9986,Extracellular space,Extracellular space/secreted,Swiss-Prot,0
P30782,True,,9986,Extracellular space,Extracellular space/secreted,Swiss-Prot,0
Q54QR7,True,,44689,Extracellular region,Extracellular space/secreted,Swiss-Prot,0
O70326,True,ECM-affiliated Proteins|Matrisome-associated,10090,Extracellular space,Extracellular space/secreted,Swiss-Prot,0
O73755,True,ECM-affiliated Proteins|Matrisome-associated,9031,Extracellular space,Extracellular space/secreted,Swiss-Prot,0
P37141,True,,9913,Extracellular space,Extracellular space/secreted,Swiss-Prot,0
Q6QLR1,True,,9031,Extracellular space,Extracellular space/secreted,Swiss-Prot,0
Q6IV23,True,,9031,Extracellular space,Extracellular space/secreted,Swiss-Prot,0
Q6QLR2,True,,9031,Extracellular space,Extracellular space/secreted,Swiss-Prot,0
Q6QLR3,True,,9031,Extracellular space,Extracellular space/secreted,Swiss-Prot,0
Q6IV26,True,,9031,Extracellular space,Extracellular space/secreted,Swiss-Prot,0
A0A087WSY4,True,,9606,Extracellular region,Extracellular space/secreted,Swiss-Prot,0
P01824,True,,9606,Extracellular region,Extracellular space/secreted,Swiss-Prot,0
P0DP04,True,,9606,Extracellular region,Extracellular space/secreted,Swiss-Prot,0
P56829,True,,9940,Extracellular space,Extracellular space/secreted,Swiss-Prot,0
P28169,True,,9940,Extracellular space,Extracellular space/secreted,Swiss-Prot,0
Q08053,True,,9940,Extracellular space,Extracellular space/secreted,Swiss-Prot,0
Q08070,True,,9940,Extracellular space,Extracellular space/secreted,Swiss-Prot,0
Q08072,True,,9940,Extracellular space,Extracellular space/secreted,Swiss-Prot,0
Q08071,True,,9940,Extracellular space,Extracellular space/secreted,Swiss-Prot,0
Q29429,True,,9940,Extracellular space,Extracellular space/secreted,Swiss-Prot,0
Q28595,True,,9940,Extracellular space,Extracellular space/secreted,Swiss-Prot,0
Q28594,True,,9940,Extracellular space,Extracellular space/secreted,Swiss-Prot,0
P56832,True,,9940,Extracellular space,Extracellular space/secreted,Swiss-Prot,0
P56831,True,,9913,Extracellular space,Extracellular space/secreted,Swiss-Prot,0
P56830,True,,9913,Extracellular space,Extracellular space/secreted,Swiss-Prot,0
P01825,True,,9606,Extracellular region,Extracellular space/secreted,Swiss-Prot,0
Q24K02,True,,9913,Extracellular region,Extracellular space/secreted,Swiss-Prot,0
Q61581,True,ECM Glycoproteins|Core matrisome,10090,Extracellular space,Extracellular space/secreted,Swiss-Prot,0
Q99MF4,True,,10116,Extracellular region,Extracellular space/secreted,Swiss-Prot,0
A0A0G2JMI3,True,,9606,Extracellular region,Extracellular space/secreted,Swiss-Prot,0
A0A0J9YX35,True,,9606,Extracellular region,Extracellular space/secreted,Swiss-Prot,0
A0A0B4J1U7,True,,9606,Extracellular region,Extracellular space/secreted,Swiss-Prot,0
A0A0J9YXX1,True,,9606,Extracellular region,Extracellular space/secreted,Swiss-Prot,0
A0A0C4DH38,True,,9606,Extracellular region,Extracellular space/secreted,Swiss-Prot,0
P0DTE2,True,,9606,Extracellular region,Extracellular space/secreted,Swiss-Prot,0
A0A0C4DH41,True,,9606,Extracellular region,Extracellular space/secreted,Swiss-Prot,0
Q6GXJ1,True,,9031,Extracellular space,Extracellular space/secreted,Swiss-Prot,0
Q9BDJ6,True,,9913,Extracellular region|Extracellular space,Extracellular space/secreted,Swiss-Prot,0
Q30KJ2,True,,10116,Extracellular region,Extracellular space/secreted,Swiss-Prot,0
Q62867,True,,10116,Extracellular space,Extracellular space/secreted,Swiss-Prot,0
Q61559,True,,10090,Extracellular space,,Swiss-Prot,0
Q8R089,True,,10090,Extracellular space,,Swiss-Prot,0
A2AV25,True,,10090,Extracellular space,,Swiss-Prot,0
P55052,True,,9913,Extracellular space,Extracellular space/secreted,Swiss-Prot,0
P19112,True,,10116,Extracellular space,,Swiss-Prot,0
P11547,True,,9940,Extracellular region,Extracellular matrix|Extracellular space/secreted,Swiss-Prot,0
Q99372,True,,10116,Extracellular region|Extracellular space,Extracellular matrix|Extracellular space/secreted,Swiss-Prot,0
B4F785,True,,10116,Basement membrane|Extracellular matrix,Extracellular matrix|Extracellular space/secreted,Swiss-Prot,0
A3KN33,True,ECM Glycoproteins|Core matrisome,9913,,Extracellular matrix|Extracellular space/secreted,Swiss-Prot,0
Q6MG84,True,,10116,Extracellular region,Extracellular space/secreted,Swiss-Prot,0
A5A8Y8,True,,9823,Extracellular region,Extracellular space/secreted,Swiss-Prot,0
Q6GUQ1,True,Secreted Factors|Matrisome-associated,10090,Extracellular region,Extracellular space/secreted,Swiss-Prot,0
Q6AZ60,True,,10116,Extracellular region|Extracellular space,Extracellular space/secreted,Swiss-Prot,0
Q9JJZ5,True,Secreted Factors|Matrisome-associated,10090,Basement membrane|Extracellular matrix|Extracellular region,Basement membrane|Extracellular matrix|Extracellular space/secreted,Swiss-Prot,0
O54693,True,Secreted Factors|Matrisome-associated,10090,Extracellular space,Extracellular space/secreted,Swiss-Prot,0
Q9BEG5,True,Secreted Factors|Matrisome-associated,9913,Extracellular space,Extracellular space/secreted,Swiss-Prot,0
P35621,True,,7955,Extracellular space,Extracellular space/secreted,Swiss-Prot,0
P43477,True,,9940,Extracellular space,,Swiss-Prot,0
P31430,True,,10116,Extracellular space,,Swiss-Prot,0
P31429,True,,9986,Extracellular space,,Swiss-Prot,0
P22412,True,,9823,Extracellular space,,Swiss-Prot,0
Q3SZM7,True,,9913,Extracellular space,,Swiss-Prot,0
O18815,True,,9913,Extracellular space,Extracellular space/secreted,Swiss-Prot,0
Q9N198,True,,9823,Extracellular space,Extracellular space/secreted,Swiss-Prot,0
Q02195,True,,10116,Extracellular region|Extracellular space,,Swiss-Prot,0
O57341,True,,7955,Extracellular space,Extracellular space/secreted,Swiss-Prot,0
A2AED3,True,ECM Glycoproteins|Core matrisome,10090,Extracellular region,Extracellular space/secreted,Swiss-Prot,0
Q9Z0L8,True,,10090,Extracellular space,Extracellular space/secreted,Swiss-Prot,0
A7YWG4,True,,9913,Extracellular space,Extracellular space/secreted,Swiss-Prot,0
Q54HL4,True,,44689,Extracellular space,Extracellular space/secreted,Swiss-Prot,0
Q54LN4,True,,44689,Extracellular space,Extracellular space/secreted,Swiss-Prot,0
Q07731,True,,10116,Extracellular region|Extracellular space,Extracellular space/secreted,Swiss-Prot,0
P48540,True,Secreted Factors|Matrisome-associated,10090,Extracellular region|Extracellular space,Extracellular space/secreted,Swiss-Prot,0
Q98TU0,True,,7955,Extracellular region|Extracellular space,Extracellular space/secreted,Swiss-Prot,0
P55108,True,,10116,Extracellular space,Extracellular space/secreted,Swiss-Prot,0
P97737,True,Secreted Factors|Matrisome-associated,10090,Extracellular space,Extracellular space/secreted,Swiss-Prot,0
Q08DX6,True,Secreted Factors|Matrisome-associated,9913,Extracellular space,Extracellular space/secreted,Swiss-Prot,0
Q5VTL7,True,ECM Glycoproteins|Core matrisome,9606,Extracellular region,Extracellular space/secreted,Swiss-Prot,0
Q805B2,True,,7955,Extracellular space,Extracellular space/secreted,Swiss-Prot,0
Q8K3V5,True,,10116,Extracellular region,Extracellular space/secreted,Swiss-Prot,0
Q1L867,True,,7955,Extracellular region,Extracellular space/secreted,Swiss-Prot,0
Q3TR08,True,,10090,Extracellular region|Extracellular space,Extracellular space/secreted,Swiss-Prot,0
A6QPL2,True,Secreted Factors|Matrisome-associated,9913,Extracellular region|Extracellular space,Extracellular space/secreted,Swiss-Prot,0
Q6MG81,True,,10116,Extracellular region,,Swiss-Prot,0
P36364,True,,10116,Basement membrane|Extracellular space,Extracellular space/secreted,Swiss-Prot,0
Q95L12,True,,9823,Extracellular space,Extracellular space/secreted,Swiss-Prot,0
P54130,True,Secreted Factors|Matrisome-associated,10090,Basement membrane|Extracellular region|Extracellular space,Extracellular space/secreted,Swiss-Prot,0
Q90722,True,Secreted Factors|Matrisome-associated,9031,Extracellular space,Extracellular space/secreted,Swiss-Prot,0
O62682,True,,9615,Extracellular space,Extracellular space/secreted,Swiss-Prot,0
Q8HZJ6,True,,9823,Extracellular region,Extracellular space/secreted,Swiss-Prot,0
Q55C09,True,,44689,Extracellular space,Extracellular space/secreted,Swiss-Prot,0
Q54C16,True,,44689,Extracellular space,Extracellular space/secreted,Swiss-Prot,0
Q9DAL9,True,,10090,Extracellular region,Extracellular space/secreted,Swiss-Prot,0
P06214,True,,10116,Extracellular space,,Swiss-Prot,0
Q6R8J2,True,,7955,Extracellular region,Extracellular space/secreted,Swiss-Prot,0
P0DOY5,True,,9606,Extracellular region,Extracellular space/secreted,Swiss-Prot,0
Q6ZWY9,True,,10090,Extracellular space,,Swiss-Prot,0
P08462,True,,10116,Extracellular region,Extracellular space/secreted,Swiss-Prot,0
D3ZKM3,True,,10116,Extracellular region|Extracellular space,Extracellular space/secreted,Swiss-Prot,0
A0A0B4J1N3,True,,10090,Extracellular region|Extracellular space,Extracellular space/secreted,Swiss-Prot,0
Q6UWK7,True,,9606,Extracellular region|Extracellular space,Extracellular space/secreted,Swiss-Prot,0
Q792G6,True,,10116,Extracellular region,Extracellular space/secreted,Swiss-Prot,0
Q9Z0F1,True,,10090,Extracellular region,Extracellular space/secreted,Swiss-Prot,0
D3Z9M3,True,,10116,Extracellular region,Extracellular space/secreted,Swiss-Prot,0
Q9CYH5,True,,10090,Extracellular matrix|Extracellular region,Extracellular matrix|Extracellular space/secreted,Swiss-Prot,0
Q5BIP5,True,,9913,Extracellular matrix|Extracellular region,Extracellular matrix|Extracellular space/secreted,Swiss-Prot,0
Q3UHD2,True,,10090,Extracellular region,Extracellular space/secreted,Swiss-Prot,0
P01353,True,,9615,Extracellular space,Extracellular space/secreted,Swiss-Prot,0
P01352,True,,9913,Extracellular space,Extracellular space/secreted,Swiss-Prot,0
Q9QXQ6,True,,10116,Extracellular region,Extracellular space/secreted,Swiss-Prot,0
Q9TT95,True,,9823,Extracellular region,Extracellular space/secreted,Swiss-Prot,0
Q810H5,True,,10090,Extracellular region,Extracellular space/secreted,Swiss-Prot,0
P12804,True,ECM Glycoproteins|Core matrisome,10090,Extracellular space,Extracellular space/secreted,Swiss-Prot,0
Q29RY7,True,ECM Glycoproteins|Core matrisome,9913,Extracellular space,Extracellular space/secreted,Swiss-Prot,0
Q5M8C6,True,,10116,Extracellular region|Extracellular space,Extracellular space/secreted,Swiss-Prot,0
Q3SZZ7,True,ECM Glycoproteins|Core matrisome,9913,Extracellular region|Extracellular space,Extracellular space/secreted,Swiss-Prot,0
P06328,True,,10090,Extracellular region,,Swiss-Prot,0
P18531,True,,10090,Extracellular region,,Swiss-Prot,0
P24591,True,ECM Glycoproteins|Core matrisome,9913,Extracellular space,Extracellular space/secreted,Swiss-Prot,0
Q28540,True,,9940,Extracellular space,Extracellular space/secreted,Swiss-Prot,0
P43031,True,,9031,Extracellular space,Extracellular space/secreted,Swiss-Prot,0
P07994,True,Secreted Factors|Matrisome-associated,9913,Extracellular space,Extracellular space/secreted,Swiss-Prot,0
P70628,True,,10116,Extracellular region,Extracellular matrix|Extracellular space/secreted,Swiss-Prot,0
Q62611,True,,10116,Extracellular space,Extracellular space/secreted,Swiss-Prot,0
P36925,True,,9940,Extracellular space,Extracellular space/secreted,Swiss-Prot,0
P19874,True,,9986,Extracellular space,Extracellular space/secreted,Swiss-Prot,0
P26894,True,,9823,Extracellular space,Extracellular space/secreted,Swiss-Prot,0
P08317,True,Secreted Factors|Matrisome-associated,9031,Extracellular space,Extracellular space/secreted,Swiss-Prot,0
P41324,True,,9615,Extracellular space,Extracellular space/secreted,Swiss-Prot,0
P79255,True,Secreted Factors|Matrisome-associated,9913,Extracellular region|Extracellular space,Extracellular space/secreted,Swiss-Prot,0
P56478,True,,10116,Extracellular region|Extracellular space,Extracellular space/secreted,Swiss-Prot,0
P00976,True,,9913,Extracellular space,Extracellular space/secreted,Swiss-Prot,0
Q9N2G6,True,,9823,Extracellular space,Extracellular space/secreted,Swiss-Prot,0
Q5S1V9,True,,9823,Extracellular space,Extracellular space/secreted,Swiss-Prot,0
Q9JI24,True,,10116,Extracellular region|Extracellular space,Extracellular space/secreted,Swiss-Prot,0
Q9N0W9,True,,9615,Extracellular space,Extracellular space/secreted,Swiss-Prot,0
Q9XSV9,True,Secreted Factors|Matrisome-associated,9913,Extracellular space,Extracellular space/secreted,Swiss-Prot,0
P68220,True,,9940,Extracellular space,Extracellular space/secreted,Swiss-Prot,0
P0DOX3,True,,9606,Extracellular space,Extracellular space/secreted,Swiss-Prot,0
P00975,True,,9913,Extracellular space,Extracellular space/secreted,Swiss-Prot,0
Q80W15,True,ECM Glycoproteins|Core matrisome,10090,Extracellular space,Extracellular space/secreted,Swiss-Prot,0
A5PKD8,True,ECM Glycoproteins|Core matrisome,9913,Extracellular space,Extracellular space/secreted,Swiss-Prot,0
O93526,True,,9031,Extracellular space,,Swiss-Prot,0
B1WBS9,True,,10116,Extracellular region,Extracellular space/secreted,Swiss-Prot,0
Q9D256,True,,10090,Extracellular region,Extracellular space/secreted,Swiss-Prot,0
Q8CF27,True,,10090,Extracellular region,Extracellular space/secreted,Swiss-Prot,0
Q6P253,True,,10090,Extracellular space,Extracellular space/secreted,Swiss-Prot,0
A2VE23,True,,9913,Extracellular space,Extracellular space/secreted,Swiss-Prot,0
Q54KB7,True,,44689,Extracellular matrix,,Swiss-Prot,0
Q4JEI2,True,,10116,Extracellular space,Extracellular space/secreted,Swiss-Prot,0
P50715,True,,10090,Extracellular space,Extracellular space/secreted,Swiss-Prot,0
P17533,True,,10090,Extracellular space,Extracellular space/secreted,Swiss-Prot,0
Q3L180,True,,10090,Extracellular space,Extracellular space/secreted,Swiss-Prot,0
Q5G864,True,,10090,Extracellular space,Extracellular space/secreted,Swiss-Prot,0
Q5G865,True,,10090,Extracellular space,Extracellular space/secreted,Swiss-Prot,0
P82106,True,,10116,Extracellular space,Extracellular space/secreted,Swiss-Prot,0
P07467,True,,9986,Extracellular space,Extracellular space/secreted,Swiss-Prot,0
Q30KT5,True,,9615,Extracellular region,Extracellular space/secreted,Swiss-Prot,0
Q32P86,True,,9913,Extracellular region,Extracellular space/secreted,Swiss-Prot,0
Q8NG35,True,,9606,Extracellular region,Extracellular space/secreted,Swiss-Prot,0
P01038,True,,9031,Extracellular space,Extracellular space/secreted,Swiss-Prot,0
P19313,True,,10116,Extracellular space,Extracellular space/secreted,Swiss-Prot,0
Q9QZT0,True,,10116,Extracellular space,,Swiss-Prot,0
P70412,True,,10090,Extracellular space,,Swiss-Prot,0
Q7M3E1,True,,9913,Extracellular space,Extracellular space/secreted,Swiss-Prot,0
P00767,True,,9913,Extracellular region,Extracellular space/secreted,Swiss-Prot,0
P07338,True,,10116,Extracellular region,Extracellular space/secreted,Swiss-Prot,0
Q9CR35,True,,10090,Extracellular region,Extracellular space/secreted,Swiss-Prot,0
Q28746,True,,9940,Extracellular space,Extracellular space/secreted,Swiss-Prot,0
Q54M21,True,,44689,Extracellular region,Extracellular space/secreted,Swiss-Prot,0
Q9QY48,True,,10090,Extracellular region,,Swiss-Prot,0
Q68CI2,True,,9615,Extracellular space,Extracellular space/secreted,Swiss-Prot,0
A5A752,True,,9823,Extracellular space,Extracellular space/secreted,Swiss-Prot,0
A6NFZ4,True,,9606,Extracellular region,Extracellular space/secreted,Swiss-Prot,0
P50448,True,,9913,Extracellular space,Extracellular space/secreted,Swiss-Prot,0
P70186,True,Proteoglycans|Core matrisome,10090,Extracellular matrix|Extracellular region,Extracellular matrix|Extracellular space/secreted,Swiss-Prot,0
Q90944,True,Proteoglycans|Core matrisome,9031,Extracellular matrix|Extracellular region,Extracellular matrix|Extracellular space/secreted,Swiss-Prot,0
Q4V8I1,True,,10116,Extracellular space,,Swiss-Prot,0
Q64695,True,,10090,Extracellular space,,Swiss-Prot,0
Q28105,True,,9913,Extracellular space,,Swiss-Prot,0
C3MBJ9,True,,394,Extracellular region,Extracellular space/secreted,Swiss-Prot,0
P13207,True,,10116,Extracellular space,Extracellular space/secreted,Swiss-Prot,0
P19998,True,,9986,Extracellular region,Extracellular space/secreted,Swiss-Prot,0
P48299,True,,10090,Extracellular space,Extracellular space/secreted,Swiss-Prot,0
Q64237,True,,10090,Extracellular space,,Swiss-Prot,0
Q765Z4,True,,9615,Extracellular space,Extracellular space/secreted,Swiss-Prot,0
P23943,True,,10116,Extracellular space,Extracellular space/secreted,Swiss-Prot,0
Q765Z5,True,,9986,Extracellular region,Extracellular space/secreted,Swiss-Prot,0
P22389,True,,10090,Extracellular space,Extracellular space/secreted,Swiss-Prot,0
P12064,True,,9615,Extracellular space,Extracellular space/secreted,Swiss-Prot,0
Q867A9,True,,9913,Extracellular space,Extracellular space/secreted,Swiss-Prot,0
Q9BG76,True,,9940,Extracellular region,Extracellular space/secreted,Swiss-Prot,0
Q5FW85,True,ECM Glycoproteins|Core matrisome,10090,Extracellular matrix|Extracellular region,Extracellular matrix|Extracellular space/secreted,Swiss-Prot,0
Q3MHH9,True,ECM Glycoproteins|Core matrisome,9913,Extracellular matrix|Extracellular region,Extracellular matrix|Extracellular space/secreted,Swiss-Prot,0
Q05754,True,,10116,Extracellular space,Extracellular space/secreted,Swiss-Prot,0
Q09TK7,True,,10090,Extracellular region,Extracellular space/secreted,Swiss-Prot,0
Q3UTS8,True,,10090,Extracellular region,Extracellular space/secreted,Swiss-Prot,0
P09920,True,Secreted Factors|Matrisome-associated,10090,Extracellular region|Extracellular space,Extracellular space/secreted,Swiss-Prot,0
P00770,True,,10116,Extracellular space,,Swiss-Prot,0
P50282,True,,10116,Extracellular matrix|Extracellular space,Extracellular matrix|Extracellular space/secreted,Swiss-Prot,0
P41246,True,,9986,Extracellular matrix|Extracellular space,Extracellular matrix|Extracellular space/secreted,Swiss-Prot,0
P41245,True,ECM Regulators|Matrisome-associated,10090,Extracellular space,Extracellular matrix|Extracellular space/secreted,Swiss-Prot,0
O18733,True,,9615,Extracellular matrix|Extracellular space,Extracellular matrix|Extracellular space/secreted,Swiss-Prot,0
P52176,True,ECM Regulators|Matrisome-associated,9913,Extracellular matrix|Extracellular space,Extracellular matrix|Extracellular space/secreted,Swiss-Prot,0
O88766,True,,10116,Extracellular matrix|Extracellular space,Extracellular matrix|Extracellular space/secreted,Swiss-Prot,0
O70138,True,ECM Regulators|Matrisome-associated,10090,Extracellular matrix|Extracellular space,Extracellular matrix|Extracellular space/secreted,Swiss-Prot,0
Q10738,True,ECM Regulators|Matrisome-associated,10090,Extracellular matrix|Extracellular region|Extracellular space,Extracellular matrix|Extracellular space/secreted,Swiss-Prot,0
P03957,True,,10116,Extracellular matrix|Extracellular space,Extracellular matrix|Extracellular space/secreted,Swiss-Prot,0
Q6PGZ3,True,,7955,Extracellular region,,Swiss-Prot,0
Q8MJF1,True,,9986,Extracellular region,Extracellular matrix|Extracellular space/secreted,Swiss-Prot,0
Q62946,True,,10116,Extracellular region,Extracellular space/secreted,Swiss-Prot,0
Q61865,True,,10090,Extracellular region,Extracellular space/secreted,Swiss-Prot,0
Q28038,True,,9913,Extracellular region,Extracellular space/secreted,Swiss-Prot,0
P28826,True,,10116,Extracellular region,Extracellular space/secreted,Swiss-Prot,0
Q6VE48,True,,9913,Extracellular space,,Swiss-Prot,0
Q00356,True,,10090,Extracellular space,,Swiss-Prot,0
O35164,True,,10090,Extracellular space,,Swiss-Prot,0
P97594,True,,10116,Extracellular region,Extracellular space/secreted,Swiss-Prot,0
P43430,True,,10090,Extracellular space,Extracellular space/secreted,Swiss-Prot,0
P97592,True,,10116,Extracellular space,Extracellular space/secreted,Swiss-Prot,0
P21812,True,,10090,Extracellular space,,Swiss-Prot,0
O46683,True,,9940,Extracellular region,Extracellular space/secreted,Swiss-Prot,0
P04221,True,,9986,Extracellular space,,Swiss-Prot,0
P83762,True,,9615,Extracellular region,Extracellular space/secreted,Swiss-Prot,0
E7F9L8,True,,7955,Extracellular region,,Swiss-Prot,0
Q9QXK8,True,,10090,Extracellular region,Extracellular space/secreted,Swiss-Prot,0
P57774,True,,10090,Extracellular space,Extracellular space/secreted,Swiss-Prot,0
Q62809,True,,10116,Extracellular space,Extracellular space/secreted,Swiss-Prot,0
P97466,True,,10090,Extracellular region|Extracellular space,Extracellular space/secreted,Swiss-Prot,0
O93525,True,,9031,Extracellular space,Extracellular space/secreted,Swiss-Prot,0
Q9YHV3,True,,7955,Extracellular space,Extracellular space/secreted,Swiss-Prot,0
Q9W740,True,,7955,Extracellular space,Extracellular space/secreted,Swiss-Prot,0
Q9W741,True,,7955,Extracellular space,Extracellular space/secreted,Swiss-Prot,0
P12760,True,,10116,Extracellular region,Extracellular space/secreted,Swiss-Prot,0
P34965,True,,9986,Extracellular region,Extracellular space/secreted,Swiss-Prot,0
P34964,True,,9823,Extracellular region,Extracellular space/secreted,Swiss-Prot,0
P34963,True,,9031,Extracellular region,Extracellular space/secreted,Swiss-Prot,0
P03406,True,,11686,Extracellular region,Extracellular space/secreted,Swiss-Prot,0
P34962,True,,9615,Extracellular region,Extracellular space/secreted,Swiss-Prot,0
P24787,True,,9031,Extracellular space,Extracellular space/secreted,Swiss-Prot,0
Q9D3P9,True,,10090,Extracellular region,Extracellular space/secreted,Swiss-Prot,0
P13724,True,,9031,Extracellular region,Extracellular space/secreted,Swiss-Prot,0
P10673,True,,9615,Extracellular region,Extracellular space/secreted,Swiss-Prot,0
P01156,True,,9913,Extracellular region,Extracellular space/secreted,Swiss-Prot,0
Q9JLD2,True,,10116,Extracellular space,Extracellular space/secreted,Swiss-Prot,0
O35684,True,ECM Regulators|Matrisome-associated,10090,Extracellular space,Extracellular space/secreted,Swiss-Prot,0
Q90935,True,ECM Regulators|Matrisome-associated,9031,Extracellular space,Extracellular space/secreted,Swiss-Prot,0
P05856,True,,11696,Extracellular region,Extracellular space/secreted,Swiss-Prot,0
P79204,True,,9940,Extracellular region,Extracellular space/secreted,Swiss-Prot,0
P15119,True,,10090,Extracellular space,,Swiss-Prot,0
D3ZVP0,True,,10116,Extracellular region,Extracellular space/secreted,Swiss-Prot,0
Q5XXR2,True,,9615,Extracellular region,Extracellular space/secreted,Swiss-Prot,0
P01678,True,,10090,Extracellular space,,Swiss-Prot,0
P01677,True,,10090,Extracellular space,,Swiss-Prot,0
P01676,True,,10090,Extracellular space,,Swiss-Prot,0
P01675,True,,10090,Extracellular space,,Swiss-Prot,0
A0A0C4DH24,True,,9606,Extracellular space,Extracellular space/secreted,Swiss-Prot,0
P04946,True,,10090,Extracellular space,,Swiss-Prot,0
P01653,True,,10090,Extracellular space,,Swiss-Prot,0
P01651,True,,10090,Extracellular space,,Swiss-Prot,0
P01650,True,,10090,Extracellular space,,Swiss-Prot,0
P01649,True,,10090,Extracellular space,,Swiss-Prot,0
P01648,True,,10090,Extracellular space,,Swiss-Prot,0
P01647,True,,10090,Extracellular space,,Swiss-Prot,0
P01646,True,,10090,Extracellular space,,Swiss-Prot,0
P01645,True,,10090,Extracellular space,,Swiss-Prot,0
P01644,True,,10090,Extracellular space,,Swiss-Prot,0
Q5FVL7,True,,10116,Extracellular region,,Swiss-Prot,0
Q8BJ66,True,ECM Regulators|Matrisome-associated,10090,Extracellular matrix|Extracellular space,Extracellular matrix|Extracellular space/secreted,Swiss-Prot,0
Q5PQQ8,True,,10116,Extracellular region,Extracellular space/secreted,Swiss-Prot,0
Q8VDV0,True,,10090,Extracellular region,Extracellular space/secreted,Swiss-Prot,0
P00996,True,,9913,Extracellular region,Extracellular space/secreted,Swiss-Prot,0
P85000,True,,9031,Extracellular space,Extracellular space/secreted,Swiss-Prot,0
Q6IE46,True,,10116,Extracellular region,Extracellular space/secreted,Swiss-Prot,0
Q6IE38,True,,9606,Extracellular region,Extracellular space/secreted,Swiss-Prot,0
P01679,True,,10090,Extracellular space,,Swiss-Prot,0
P04940,True,,10090,Extracellular space,,Swiss-Prot,0
P04941,True,,10090,Extracellular space,,Swiss-Prot,0
P04634,True,,10116,Extracellular region,Extracellular space/secreted,Swiss-Prot,0
Q16048,True,,9606,Extracellular region,,Swiss-Prot,0
Q98TA4,True,,9031,Extracellular region|Extracellular space,Extracellular space/secreted,Swiss-Prot,0
Q9D7S0,True,,10090,Extracellular space,Extracellular space/secreted,Swiss-Prot,0
P01231,True,,9940,Extracellular region,Extracellular space/secreted,Swiss-Prot,0
P01230,True,,10116,Extracellular space,Extracellular space/secreted,Swiss-Prot,0
Q6IY74,True,,9986,Extracellular region,Extracellular space/secreted,Swiss-Prot,0
P01232,True,,9823,Extracellular space,Extracellular space/secreted,Swiss-Prot,0
O09108,True,,10090,Extracellular space,Extracellular space/secreted,Swiss-Prot,0
P18842,True,,9615,Extracellular space,Extracellular space/secreted,Swiss-Prot,0
P04651,True,,9913,Extracellular space,Extracellular space/secreted,Swiss-Prot,0
Q9CPP7,True,,10090,Extracellular region,Extracellular space/secreted,Swiss-Prot,0
P04943,True,,10090,Extracellular space,,Swiss-Prot,0
P80035,True,,9615,Extracellular region,Extracellular space/secreted,Swiss-Prot,0
Q29458,True,,9913,Extracellular region,Extracellular space/secreted,Swiss-Prot,0
P27656,True,,10090,Extracellular space,Extracellular space/secreted,Swiss-Prot,0
Q3SZ79,True,,9913,Extracellular space,Extracellular space/secreted,Swiss-Prot,0
Q62959,True,,10116,Extracellular space,Extracellular space/secreted,Swiss-Prot,0
Q66H35,True,,10116,Extracellular region,Extracellular space/secreted,Swiss-Prot,0
Q8CB14,True,,10090,Extracellular region,Extracellular space/secreted,Swiss-Prot,0
Q9R0B6,True,ECM Glycoproteins|Core matrisome,10090,Basement membrane|Extracellular region,Basement membrane|Extracellular matrix|Extracellular space/secreted,Swiss-Prot,0
Q61092,True,ECM Glycoproteins|Core matrisome,10090,Basement membrane|Extracellular region|Extracellular space,Basement membrane|Extracellular matrix|Extracellular space/secreted,Swiss-Prot,0
Q1LVF0,True,,7955,Basement membrane|Extracellular region,Basement membrane|Extracellular matrix|Extracellular space/secreted,Swiss-Prot,0
O02837,True,,9823,Extracellular space,Extracellular space/secreted,Swiss-Prot,0
P35834,True,,9615,Extracellular space,Extracellular space/secreted,Swiss-Prot,0
Q02734,True,,10116,Extracellular region,Extracellular space/secreted,Swiss-Prot,0
Q8R0S6,True,Secreted Factors|Matrisome-associated,10090,Extracellular region|Extracellular space,Extracellular space/secreted,Swiss-Prot,0
P25227,True,,9986,Extracellular space,Extracellular space/secreted,Swiss-Prot,0
Q3SZR3,True,,9913,Extracellular space,Extracellular space/secreted,Swiss-Prot,0
P54632,True,,44689,Extracellular matrix,,Swiss-Prot,0
Q6ZS49,True,,9606,Extracellular space,,Swiss-Prot,0
A8MUN3,True,,9606,Extracellular region,Extracellular space/secreted,Swiss-Prot,0
Q6ZRU5,True,,9606,Extracellular region,Extracellular space/secreted,Swiss-Prot,0
Q6UXR6,True,,9606,Extracellular region,Extracellular space/secreted,Swiss-Prot,0
Q54EL1,True,,44689,Extracellular region,Extracellular space/secreted,Swiss-Prot,0
Q54RT6,True,,44689,Extracellular region,Extracellular space/secreted,Swiss-Prot,0
Q86KC7,True,,44689,Extracellular region,Extracellular space/secreted,Swiss-Prot,0
Q8R5M2,True,Secreted Factors|Matrisome-associated,10090,Extracellular region|Extracellular space,Extracellular matrix|Extracellular space/secreted,Swiss-Prot,0
O42280,True,Secreted Factors|Matrisome-associated,9031,Extracellular space,Extracellular matrix|Extracellular space/secreted,Swiss-Prot,0
P51030,True,,9031,Extracellular space,Extracellular matrix|Extracellular space/secreted,Swiss-Prot,0
Q9WUD6,True,Secreted Factors|Matrisome-associated,10090,Extracellular space,Extracellular matrix|Extracellular space/secreted,Swiss-Prot,0
P24257,True,,7955,Extracellular space,Extracellular matrix|Extracellular space/secreted,Swiss-Prot,0
Q9QYS1,True,Secreted Factors|Matrisome-associated,10090,Extracellular space,Extracellular matrix|Extracellular space/secreted,Swiss-Prot,0
Q5E9U6,True,Secreted Factors|Matrisome-associated,9913,Extracellular space,Extracellular matrix|Extracellular space/secreted,Swiss-Prot,0
P48615,True,Secreted Factors|Matrisome-associated,10090,Extracellular matrix|Extracellular region|Extracellular space,Extracellular matrix|Extracellular space/secreted,Swiss-Prot,0
O73864,True,,7955,Extracellular space,Extracellular matrix|Extracellular space/secreted,Swiss-Prot,0
P49339,True,Secreted Factors|Matrisome-associated,9031,Extracellular matrix|Extracellular space,Extracellular matrix|Extracellular space/secreted,Swiss-Prot,0
Q6NUX0,True,,7955,Extracellular space,Extracellular space/secreted,Swiss-Prot,0
Q7TQN3,True,Secreted Factors|Matrisome-associated,10090,Extracellular region|Extracellular space,Extracellular space/secreted,Swiss-Prot,0
Q08E66,True,Secreted Factors|Matrisome-associated,9913,Extracellular space,Extracellular space/secreted,Swiss-Prot,0
P02764,True,,10116,Extracellular space,Extracellular space/secreted,Swiss-Prot,0
P07758,True,ECM Regulators|Matrisome-associated,10090,Extracellular region|Extracellular space,Extracellular space/secreted,Swiss-Prot,0
Q00896,True,ECM Regulators|Matrisome-associated,10090,Extracellular region|Extracellular space,Extracellular space/secreted,Swiss-Prot,0
P51569,True,,10090,Extracellular region|Extracellular space,,Swiss-Prot,0
P16859,True,,9615,Extracellular space,Extracellular space/secreted,Swiss-Prot,0
P13204,True,,9913,Extracellular space,Extracellular space/secreted,Swiss-Prot,0
Q99004,True,ECM Glycoproteins|Core matrisome,9913,Extracellular region,Extracellular matrix|Extracellular space/secreted,Swiss-Prot,0
P63277,True,ECM Glycoproteins|Core matrisome,10090,Basement membrane|Extracellular region,Extracellular matrix|Extracellular space/secreted,Swiss-Prot,0
P02817,True,ECM Glycoproteins|Core matrisome,9913,Extracellular region,Extracellular matrix|Extracellular space/secreted,Swiss-Prot,0
O18873,True,,9615,Extracellular space,Extracellular space/secreted,Swiss-Prot,0
Q86A67,True,,44689,Extracellular matrix,,Swiss-Prot,0
Q9Z0M6,True,,10090,Extracellular region,Extracellular space/secreted,Swiss-Prot,0
Q8SQA4,True,,9913,Extracellular region,Extracellular space/secreted,Swiss-Prot,0
Q5RZ65,True,,7955,Extracellular region,Extracellular space/secreted,Swiss-Prot,0
P36953,True,,10116,Extracellular space,Extracellular space/secreted,Swiss-Prot,0
Q00897,True,ECM Regulators|Matrisome-associated,10090,Extracellular region|Extracellular space,Extracellular space/secreted,Swiss-Prot,0
O89020,True,,10090,Extracellular space,Extracellular space/secreted,Swiss-Prot,0
Q8VDL4,True,,10090,Extracellular region,Extracellular space/secreted,Swiss-Prot,0
A2VE47,True,,9913,Extracellular region,Extracellular space/secreted,Swiss-Prot,0
Q9R0X2,True,ECM Regulators|Matrisome-associated,10090,Extracellular region,Extracellular space/secreted,Swiss-Prot,0
Q9D0L4,True,,10090,Extracellular region,,Swiss-Prot,0
Q5ZMT7,True,,9031,Extracellular region,,Swiss-Prot,0
Q8R0I0,True,,10090,Extracellular region|Extracellular space,Extracellular space/secreted,Swiss-Prot,0
Q58DD0,True,,9913,Extracellular space,Extracellular space/secreted,Swiss-Prot,0
Q5F2F2,True,,10090,Extracellular region,Extracellular space/secreted,Swiss-Prot,0
P34955,True,ECM Regulators|Matrisome-associated,9913,Extracellular space,Extracellular space/secreted,Swiss-Prot,0
P0C5J5,True,,10116,Extracellular region|Extracellular space,Extracellular space/secreted,Swiss-Prot,0
Q6IE41,True,,10116,Extracellular space,Extracellular space/secreted,Swiss-Prot,0
P07634,True,,9823,Extracellular space,Extracellular space/secreted,Swiss-Prot,0
Q3UW41,True,,10090,Extracellular space,Extracellular space/secreted,Swiss-Prot,0
Q5XIE1,True,,10116,Extracellular region,Extracellular space/secreted,Swiss-Prot,0
B0JZP3,True,,7955,Extracellular region,Extracellular space/secreted,Swiss-Prot,0
A6H707,True,,9913,Extracellular region,Extracellular space/secreted,Swiss-Prot,0
O35536,True,,10090,Extracellular space,Extracellular space/secreted,Swiss-Prot,0
Q7YRQ8,True,,9913,Extracellular space,Extracellular space/secreted,Swiss-Prot,0
Q91WE9,True,,10090,Extracellular space,Extracellular space/secreted,Swiss-Prot,0
Q3ZBS2,True,,9913,Extracellular space,Extracellular space/secreted,Swiss-Prot,0
Q7TPG5,True,,10090,Extracellular space,Extracellular space/secreted,Swiss-Prot,0
Q7TPG6,True,,10090,Extracellular space,Extracellular space/secreted,Swiss-Prot,0
Q7TPG7,True,,10090,Extracellular space,,Swiss-Prot,0
Q8N3H0,True,,9606,Extracellular space,,Swiss-Prot,0
Q7TPG8,True,,10090,Extracellular space,Extracellular space/secreted,Swiss-Prot,0
Q6P9Z6,True,,10116,Extracellular space,,Swiss-Prot,0
Q8BGV3,True,,10090,Extracellular space,,Swiss-Prot,0
P08797,True,,44689,Extracellular matrix|Extracellular region,Extracellular space/secreted,Swiss-Prot,0
M0R8L2,True,,10116,Extracellular space,Extracellular space/secreted,Swiss-Prot,0
D3Z752,True,,10090,Extracellular space,Extracellular space/secreted,Swiss-Prot,0
Q6T393,True,,10116,Extracellular region,Extracellular space/secreted,Swiss-Prot,0
P36233,True,,9986,Basement membrane|Extracellular space,Basement membrane|Extracellular matrix|Extracellular space/secreted,Swiss-Prot,0
P20112,True,,9823,Basement membrane|Extracellular space,Basement membrane|Extracellular matrix|Extracellular space/secreted,Swiss-Prot,0
P06880,True,,10090,Extracellular region|Extracellular space,Extracellular space/secreted,Swiss-Prot,0
P09670,True,,9940,Extracellular space,,Swiss-Prot,0
O88279,True,,10116,Extracellular space,Extracellular space/secreted,Swiss-Prot,0
Q3SZI1,True,ECM Glycoproteins|Core matrisome,9913,Basement membrane|Extracellular space,Basement membrane|Extracellular matrix|Extracellular space/secreted,Swiss-Prot,0
Q9BEA8,True,,9823,Extracellular space,Extracellular space/secreted,Swiss-Prot,0
P36940,True,,10116,Extracellular space,Extracellular space/secreted,Swiss-Prot,0
A0A0A6YYC5,True,,9606,Extracellular space,,Swiss-Prot,0
Q4KUS1,True,,10090,Extracellular region,,Swiss-Prot,0
P86435,True,,9913,Extracellular space,Extracellular space/secreted,Swiss-Prot,0
P21814,True,,9940,Extracellular space,,Swiss-Prot,0
P46201,True,,9913,Extracellular space,,Swiss-Prot,0
P17559,True,,10116,Extracellular space,Extracellular space/secreted,Swiss-Prot,0
P02779,True,,9986,Extracellular region,Extracellular space/secreted,Swiss-Prot,0
Q06318,True,,10090,Extracellular space,Extracellular space/secreted,Swiss-Prot,0
Q98T89,True,,9031,Extracellular space,Extracellular space/secreted,Swiss-Prot,0
Q98SR9,True,,7955,Extracellular space,Extracellular space/secreted,Swiss-Prot,0
Q9DGH0,True,,7955,Extracellular space,Extracellular space/secreted,Swiss-Prot,0
A0JD32,True,,9606,Extracellular space,,Swiss-Prot,0
P32972,True,Secreted Factors|Matrisome-associated,10090,Extracellular space,,Swiss-Prot,0
A0A0B4J264,True,,9606,Extracellular space,,Swiss-Prot,0
P27628,True,,9913,Extracellular region,Extracellular space/secreted,Swiss-Prot,0
O88808,True,,10116,Extracellular region,Extracellular space/secreted,Swiss-Prot,0
Q9XSM2,True,,9940,Extracellular region,Extracellular space/secreted,Swiss-Prot,0
Q9N2D1,True,,9823,Extracellular space,Extracellular space/secreted,Swiss-Prot,0
Q62361,True,,10090,Extracellular region,Extracellular space/secreted,Swiss-Prot,0
Q5EDF9,True,,7955,Extracellular region,Extracellular space/secreted,Swiss-Prot,0
Q6ZXC3,True,,9031,Extracellular region,Extracellular space/secreted,Swiss-Prot,0
O97490,True,,9986,Extracellular space,,Swiss-Prot,0
P41274,True,Secreted Factors|Matrisome-associated,10090,Extracellular space,,Swiss-Prot,0
P40753,True,,10090,Extracellular space,Extracellular space/secreted,Swiss-Prot,0
P13205,True,,10116,Extracellular space,Extracellular space/secreted,Swiss-Prot,0
P35833,True,Secreted Factors|Matrisome-associated,9913,Extracellular space,Extracellular space/secreted,Swiss-Prot,0
P04836,True,,9913,Extracellular space,Extracellular space/secreted,Swiss-Prot,0
Q29RU4,True,,9913,Extracellular space,Extracellular space/secreted,Swiss-Prot,0
Q8C6K9,True,Collagens|Core matrisome,10090,Extracellular matrix|Extracellular region,Extracellular matrix|Extracellular space/secreted,Swiss-Prot,0
A6H584,True,Collagens|Core matrisome,10090,Extracellular matrix|Extracellular region,Extracellular matrix|Extracellular space/secreted,Swiss-Prot,0
A2AX52,True,Collagens|Core matrisome,10090,Extracellular matrix|Extracellular region,Extracellular matrix|Extracellular space/secreted,Swiss-Prot,0
P15989,True,Collagens|Core matrisome,9031,Extracellular space,Extracellular matrix|Extracellular space/secreted,Swiss-Prot,0
P15988,True,Collagens|Core matrisome,9031,Extracellular region,Extracellular matrix|Extracellular space/secreted,Swiss-Prot,0
Q62845,True,,10116,Extracellular region,Extracellular space/secreted,Swiss-Prot,0
Q9DAC0,True,,10090,Extracellular space,,Swiss-Prot,0
Q9DAR1,True,,10090,Extracellular space,,Swiss-Prot,0
O55226,True,Proteoglycans|Core matrisome,10090,Extracellular matrix|Extracellular space,Extracellular matrix|Extracellular space/secreted,Swiss-Prot,0
E9Q7T7,True,Proteoglycans|Core matrisome,10090,Extracellular matrix|Extracellular space,Extracellular matrix|Extracellular space/secreted,Swiss-Prot,0
Q54PR9,True,,44689,Extracellular region,Extracellular space/secreted,Swiss-Prot,0
Q9XS72,True,,9823,Extracellular space,,Swiss-Prot,0
Q9ERE0,True,,10116,Extracellular space,Extracellular space/secreted,Swiss-Prot,0
Q9WUZ6,True,Secreted Factors|Matrisome-associated,10090,Extracellular space,Extracellular space/secreted,Swiss-Prot,0
Q95N01,True,,9615,Extracellular space,Extracellular space/secreted,Swiss-Prot,0
Q68Y88,True,,9615,Extracellular space,Extracellular space/secreted,Swiss-Prot,0
Q62401,True,Secreted Factors|Matrisome-associated,10090,Extracellular region|Extracellular space,Extracellular space/secreted,Swiss-Prot,0
P97545,True,,10116,Extracellular region|Extracellular space,Extracellular space/secreted,Swiss-Prot,0
P48298,True,Secreted Factors|Matrisome-associated,10090,Extracellular region|Extracellular space,Extracellular space/secreted,Swiss-Prot,0
Q6QD51,True,,10116,Basement membrane|Extracellular matrix|Extracellular region,Extracellular matrix|Extracellular space/secreted,Swiss-Prot,0
Q90X49,True,,7955,Basement membrane|Extracellular region,Extracellular matrix|Extracellular space/secreted,Swiss-Prot,0
Q8AXP2,True,,9031,Basement membrane|Extracellular region,Extracellular matrix|Extracellular space/secreted,Swiss-Prot,0
Q811M5,True,,10116,Extracellular space,Extracellular space/secreted,Swiss-Prot,0
P25508,True,Collagens|Core matrisome,9913,Extracellular region,Extracellular matrix|Extracellular space/secreted,Swiss-Prot,0
P13944,True,Collagens|Core matrisome,9031,Extracellular region,Extracellular matrix|Extracellular space/secreted,Swiss-Prot,0
Q869Q8,True,,44689,Extracellular region,Extracellular space/secreted,Swiss-Prot,0
Q8VHS2,True,,10090,Extracellular region,Extracellular space/secreted,Swiss-Prot,0
A2A5I3,True,,10090,Extracellular space,Extracellular space/secreted,Swiss-Prot,0
Q766Y6,True,,9823,Extracellular space,Extracellular space/secreted,Swiss-Prot,0
Q766Y7,True,,9823,Extracellular space,Extracellular space/secreted,Swiss-Prot,0
Q75V93,True,,9615,Extracellular space,Extracellular space/secreted,Swiss-Prot,0
B3IWF9,True,,9940,Extracellular region,Extracellular space/secreted,Swiss-Prot,0
Q862B1,True,,9823,Extracellular space,Extracellular space/secreted,Swiss-Prot,0
Q75V94,True,,9615,Extracellular space,Extracellular space/secreted,Swiss-Prot,0
Q75V95,True,,9913,Extracellular space,Extracellular space/secreted,Swiss-Prot,0
Q03401,True,,10090,Extracellular region|Extracellular space,,Swiss-Prot,0
P27133,True,,44689,Extracellular matrix,,Swiss-Prot,0
Q60847,True,Collagens|Core matrisome,10090,Extracellular space,Extracellular matrix|Extracellular space/secreted,Swiss-Prot,0
Q80YN4,True,,10116,Extracellular region,Extracellular space/secreted,Swiss-Prot,0
Q9Z319,True,,10090,Extracellular region,Extracellular space/secreted,Swiss-Prot,0
A4IG53,True,,7955,Extracellular region,Extracellular space/secreted,Swiss-Prot,0
F4ZGF2,True,,7955,Extracellular region,Extracellular space/secreted,Swiss-Prot,0
P19090,True,,9615,Extracellular region,Extracellular space/secreted,Swiss-Prot,0
A0JNQ7,True,,9913,Extracellular region,Extracellular space/secreted,Swiss-Prot,0
O35167,True,,10116,Basement membrane|Extracellular space,,Swiss-Prot,0
O35348,True,ECM Glycoproteins|Core matrisome,10090,Extracellular space,,Swiss-Prot,0
P70560,True,,10116,Extracellular region,Extracellular matrix|Extracellular space/secreted,Swiss-Prot,0
Q28902,True,,9986,Extracellular region,Extracellular matrix|Extracellular space/secreted,Swiss-Prot,0
Q8BIS8,True,,10090,Extracellular region,Extracellular space/secreted,Swiss-Prot,0
Q9GYD9,True,,44689,Extracellular matrix,,Swiss-Prot,0
O46541,True,,9940,Extracellular region,Extracellular space/secreted,Swiss-Prot,0
Q5E998,True,ECM Regulators|Matrisome-associated,9913,Extracellular space,,Swiss-Prot,0
P49003,True,Secreted Factors|Matrisome-associated,10090,Extracellular space,Extracellular space/secreted,Swiss-Prot,0
Q06826,True,,10116,Extracellular region|Extracellular space,Extracellular matrix|Extracellular space/secreted,Swiss-Prot,0
O46576,True,,9986,Extracellular space,Extracellular matrix|Extracellular space/secreted,Swiss-Prot,0
P21275,True,Secreted Factors|Matrisome-associated,10090,Extracellular region|Extracellular space,Extracellular matrix|Extracellular space/secreted,Swiss-Prot,0
Q90752,True,Secreted Factors|Matrisome-associated,9031,Extracellular space,Extracellular space/secreted,Swiss-Prot,0
Q2KJH1,True,Secreted Factors|Matrisome-associated,9913,Extracellular space,Extracellular matrix|Extracellular space/secreted,Swiss-Prot,0
P49002,True,,10116,Extracellular space,Extracellular space/secreted,Swiss-Prot,0
Q8BHE5,True,Secreted Factors|Matrisome-associated,10090,Extracellular space,Extracellular space/secreted,Swiss-Prot,0
P01885,True,,9986,Extracellular region,Extracellular space/secreted,Swiss-Prot,0
Q07717,True,,9823,Extracellular region,Extracellular space/secreted,Swiss-Prot,0
P30919,True,,10116,Extracellular space,,Swiss-Prot,0
Q04519,True,,10090,Extracellular space,Extracellular space/secreted,Swiss-Prot,0
Q0VD19,True,,9913,Extracellular space,Extracellular space/secreted,Swiss-Prot,0
Q99JA2,True,,10116,Extracellular space,Extracellular space/secreted,Swiss-Prot,0
Q6ZYM3,True,,9823,Extracellular space,Extracellular space/secreted,Swiss-Prot,0
Q03288,True,,10090,Extracellular space,Extracellular space/secreted,Swiss-Prot,0
O96622,True,,44689,Extracellular matrix,,Swiss-Prot,0
P18287,True,,9986,Extracellular matrix,Extracellular matrix|Extracellular space/secreted,Swiss-Prot,0
P18650,True,,9823,Extracellular matrix|Extracellular space,Extracellular matrix|Extracellular space/secreted,Swiss-Prot,0
Q6B959,True,,10116,Extracellular region,,Swiss-Prot,0
A2SW69,True,,9940,Basement membrane|Extracellular region,Basement membrane|Extracellular matrix|Extracellular space/secreted,Swiss-Prot,0
P58366,True,,10116,Extracellular region,,Swiss-Prot,0
Q9JHZ2,True,,10090,Extracellular region,,Swiss-Prot,0
P20722,True,Secreted Factors|Matrisome-associated,10090,Extracellular space,Extracellular space/secreted,Swiss-Prot,0
Q04906,True,,10116,Extracellular space,Extracellular space/secreted,Swiss-Prot,0
P34819,True,,9615,Extracellular space,Extracellular space/secreted,Swiss-Prot,0
P33618,True,,9986,Extracellular region,Extracellular space/secreted,Swiss-Prot,0
Q10991,True,,9940,Extracellular space,Extracellular space/secreted,Swiss-Prot,0
Q28944,True,,9823,Extracellular space,Extracellular space/secreted,Swiss-Prot,0
P09648,True,,9031,Extracellular space,Extracellular space/secreted,Swiss-Prot,0
Q9GL24,True,,9615,Extracellular space,Extracellular space/secreted,Swiss-Prot,0
P25975,True,ECM Regulators|Matrisome-associated,9913,Extracellular space,Extracellular space/secreted,Swiss-Prot,0
O35186,True,,10116,Extracellular space,Extracellular space/secreted,Swiss-Prot,0
P43236,True,,9986,Extracellular space,Extracellular space/secreted,Swiss-Prot,0
Q9GLE3,True,,9823,Extracellular space,Extracellular space/secreted,Swiss-Prot,0
Q5E9C1,True,,9913,Extracellular region,Extracellular space/secreted,Swiss-Prot,0
P04468,True,,10116,Extracellular space,Extracellular space/secreted,Swiss-Prot,0
P11841,True,,9823,Extracellular space,Extracellular space/secreted,Swiss-Prot,0
Q8CIF4,True,,10090,Extracellular region|Extracellular space,Extracellular space/secreted,Swiss-Prot,0
P06796,True,,10090,Extracellular space,Extracellular space/secreted,Swiss-Prot,0
O35783,True,,10116,Extracellular region,Extracellular space/secreted,Swiss-Prot,0
Q6XLQ7,True,,9986,Extracellular region,Extracellular space/secreted,Swiss-Prot,0
Q3T0K1,True,,9913,Extracellular region,Extracellular space/secreted,Swiss-Prot,0
Q7SXV9,True,,7955,Extracellular region,Extracellular space/secreted,Swiss-Prot,0
Q6IQP3,True,,7955,Extracellular region,Extracellular space/secreted,Swiss-Prot,0
Q2VLH6,True,,10090,Extracellular region,Extracellular space/secreted,Swiss-Prot,0
Q2VLG6,True,,9615,Extracellular region,Extracellular space/secreted,Swiss-Prot,0
P85521,True,,9913,Extracellular region,Extracellular space/secreted,Swiss-Prot,0
Q5FVF9,True,,10116,Extracellular region,Extracellular space/secreted,Swiss-Prot,0
Q924X1,True,Secreted Factors|Matrisome-associated,10090,Extracellular space,,Swiss-Prot,0
P25155,True,ECM Regulators|Matrisome-associated,9031,Extracellular space,Extracellular space/secreted,Swiss-Prot,0
O88947,True,ECM Regulators|Matrisome-associated,10090,Extracellular space,Extracellular space/secreted,Swiss-Prot,0
P07351,True,Secreted Factors|Matrisome-associated,10090,Extracellular space,Extracellular space/secreted,Swiss-Prot,0
P26461,True,,9823,Extracellular region,Extracellular space/secreted,Swiss-Prot,0
P00999,True,,9823,Extracellular region,Extracellular space/secreted,Swiss-Prot,0
P01000,True,,9913,Extracellular region,Extracellular space/secreted,Swiss-Prot,0
A9JRB3,True,,7955,Extracellular region,Extracellular space/secreted,Swiss-Prot,0
Q6GMI0,True,,7955,Extracellular region,Extracellular space/secreted,Swiss-Prot,0
C0HLU6,True,,10116,Extracellular region,Extracellular space/secreted,Swiss-Prot,0
P0CJ76,True,,9606,Extracellular region,Extracellular space/secreted,Swiss-Prot,0
P0CJ75,True,,9606,Extracellular region,Extracellular space/secreted,Swiss-Prot,0
P0CJ74,True,,9606,Extracellular region,Extracellular space/secreted,Swiss-Prot,0
P0CJ73,True,,9606,Extracellular region,Extracellular space/secreted,Swiss-Prot,0
P0CJ72,True,,9606,Extracellular region,Extracellular space/secreted,Swiss-Prot,0
P0CJ71,True,,9606,Extracellular region,Extracellular space/secreted,Swiss-Prot,0
P0CJ70,True,,9606,Extracellular region,Extracellular space/secreted,Swiss-Prot,0
P0CJ69,True,,9606,Extracellular region,Extracellular space/secreted,Swiss-Prot,0
P0CJ68,True,,9606,Extracellular region,Extracellular space/secreted,Swiss-Prot,0
S4R3P1,True,,9606,Extracellular region,Extracellular space/secreted,Swiss-Prot,0
P0DMP1,True,,9606,Extracellular region,Extracellular space/secreted,Swiss-Prot,0
S4R3Y5,True,,9606,Extracellular region,Extracellular space/secreted,Swiss-Prot,0
P0CJ77,True,,9606,Extracellular region,Extracellular space/secreted,Swiss-Prot,0
Q5U9D2,True,,9615,Extracellular space,Extracellular space/secreted,Swiss-Prot,0
Q80T19,True,,10090,Extracellular space,Extracellular space/secreted,Swiss-Prot,0
Q7T273,True,,7955,Extracellular region,Extracellular space/secreted,Swiss-Prot,0
P61516,True,,7955,Extracellular region,Extracellular space/secreted,Swiss-Prot,0
Q90872,True,,9031,Extracellular space,Extracellular space/secreted,Swiss-Prot,0
P07349,True,Secreted Factors|Matrisome-associated,10090,Extracellular space,Extracellular space/secreted,Swiss-Prot,0
A2I7N1,True,,9913,Extracellular space,Extracellular space/secreted,Swiss-Prot,0
P07350,True,Secreted Factors|Matrisome-associated,10090,Extracellular space,Extracellular space/secreted,Swiss-Prot,0
Q66H70,True,,10116,Extracellular space,Extracellular space/secreted,Swiss-Prot,0
O97863,True,,9615,Extracellular space,Extracellular space/secreted,Swiss-Prot,0
Q6EAL8,True,,10090,Extracellular space,Extracellular space/secreted,Swiss-Prot,0
P19114,True,,9940,Extracellular space,Extracellular space/secreted,Swiss-Prot,0
P17108,True,,10116,Extracellular space,Extracellular space/secreted,Swiss-Prot,0
O77620,True,,9986,Extracellular space,Extracellular space/secreted,Swiss-Prot,0
P26891,True,,9823,Extracellular space,Extracellular space/secreted,Swiss-Prot,0
Q8QFQ8,True,Secreted Factors|Matrisome-associated,9031,Extracellular space,Extracellular space/secreted,Swiss-Prot,0
Q9XSR0,True,,9615,Extracellular region|Extracellular space,Extracellular space/secreted,Swiss-Prot,0
Q9TU73,True,Secreted Factors|Matrisome-associated,9913,Extracellular space,Extracellular space/secreted,Swiss-Prot,0
Q61453,True,,10116,Extracellular space,Extracellular space/secreted,Swiss-Prot,0
Q60I29,True,,9823,Extracellular space,Extracellular space/secreted,Swiss-Prot,0
Q687Y7,True,Secreted Factors|Matrisome-associated,9913,Extracellular space,Extracellular space/secreted,Swiss-Prot,0
Q6WRH9,True,,10116,Extracellular region,Extracellular space/secreted,Swiss-Prot,0
Q3V1M1,True,ECM Glycoproteins|Core matrisome,10090,Extracellular region,Extracellular space/secreted,Swiss-Prot,0
P0DOX6,True,,9606,Extracellular region,Extracellular space/secreted,Swiss-Prot,0
P05010,True,Secreted Factors|Matrisome-associated,9913,Extracellular space,Extracellular space/secreted,Swiss-Prot,0
P05009,True,Secreted Factors|Matrisome-associated,9913,Extracellular space,Extracellular space/secreted,Swiss-Prot,0
Q61716,True,Secreted Factors|Matrisome-associated,10090,Extracellular space,Extracellular space/secreted,Swiss-Prot,0
P05008,True,Secreted Factors|Matrisome-associated,9913,Extracellular space,Extracellular space/secreted,Swiss-Prot,0
P05007,True,Secreted Factors|Matrisome-associated,9913,Extracellular space,Extracellular space/secreted,Swiss-Prot,0
P09235,True,Secreted Factors|Matrisome-associated,10090,Extracellular space,Extracellular space/secreted,Swiss-Prot,0
P06799,True,Secreted Factors|Matrisome-associated,10090,Extracellular space,Extracellular space/secreted,Swiss-Prot,0
Q8VHK7,True,,10116,Extracellular space,Extracellular space/secreted,Swiss-Prot,0
Q9XSK7,True,,9913,Extracellular space,Extracellular space/secreted,Swiss-Prot,0
P01994,True,,9031,Extracellular space,,Swiss-Prot,0
Q54QG7,True,,44689,Extracellular matrix,,Swiss-Prot,0
Q90844,True,Secreted Factors|Matrisome-associated,9031,Extracellular space,Extracellular space/secreted,Swiss-Prot,0
P50291,True,Secreted Factors|Matrisome-associated,9913,Extracellular space,Extracellular space/secreted,Swiss-Prot,0
Q8BFR2,True,,10090,Extracellular region,Extracellular space/secreted,Swiss-Prot,0
Q5STE3,True,,10090,Extracellular region,Extracellular space/secreted,Swiss-Prot,0
Q99PW7,True,,10116,Extracellular space,Extracellular space/secreted,Swiss-Prot,0
Q9EQC7,True,Secreted Factors|Matrisome-associated,10090,Extracellular space,Extracellular space/secreted,Swiss-Prot,0
Q1LZB9,True,Secreted Factors|Matrisome-associated,9913,Extracellular space,Extracellular space/secreted,Swiss-Prot,0
Q5U2T4,True,,10116,Extracellular region,Extracellular space/secreted,Swiss-Prot,0
Q9CQS3,True,,10090,Extracellular region,Extracellular space/secreted,Swiss-Prot,0
Q8TAL6,True,,9606,Extracellular region,Extracellular space/secreted,Swiss-Prot,0
P02676,True,ECM Glycoproteins|Core matrisome,9913,Extracellular space,Extracellular space/secreted,Swiss-Prot,0
P68214,True,,9940,Extracellular region,Extracellular space/secreted,Swiss-Prot,0
P14461,True,,9986,Extracellular region,Extracellular space/secreted,Swiss-Prot,0
P14460,True,,9823,Extracellular region,Extracellular space/secreted,Swiss-Prot,0
P70492,True,,10116,Extracellular space,Extracellular space/secreted,Swiss-Prot,0
O35565,True,Secreted Factors|Matrisome-associated,10090,Extracellular space,Extracellular space/secreted,Swiss-Prot,0
P02773,True,,10116,Extracellular space,Extracellular space/secreted,Swiss-Prot,0
Q8MJ76,True,,9823,Extracellular space,Extracellular space/secreted,Swiss-Prot,0
P02772,True,,10090,Extracellular space,Extracellular space/secreted,Swiss-Prot,0
P84407,True,,9031,Extracellular space,Extracellular space/secreted,Swiss-Prot,0
Q8MJU5,True,,9615,Extracellular space,Extracellular space/secreted,Swiss-Prot,0
Q3SZ57,True,,9913,Extracellular space,Extracellular space/secreted,Swiss-Prot,0
P16294,True,ECM Regulators|Matrisome-associated,10090,Extracellular space,Extracellular space/secreted,Swiss-Prot,0
P47931,True,Secreted Factors|Matrisome-associated,10090,Extracellular space,Extracellular space/secreted,Swiss-Prot,0
P10669,True,,9823,Extracellular space,Extracellular space/secreted,Swiss-Prot,0
P31514,True,,9940,Extracellular region,Extracellular space/secreted,Swiss-Prot,0
A6QPN6,True,,9913,Extracellular region,Extracellular space/secreted,Swiss-Prot,0
F1QCC6,True,,7955,Extracellular region,Extracellular space/secreted,Swiss-Prot,0
P50593,True,ECM-affiliated Proteins|Matrisome-associated,9031,Extracellular region,Extracellular space/secreted,Swiss-Prot,0
G3X745,True,ECM-affiliated Proteins|Matrisome-associated,9913,Extracellular matrix|Extracellular region,Extracellular space/secreted,Swiss-Prot,0
P19218,True,,10116,Extracellular space,Extracellular space/secreted,Swiss-Prot,0
Q9D733,True,,10090,Extracellular space,Extracellular space/secreted,Swiss-Prot,0
P25291,True,,9615,Extracellular space,Extracellular space/secreted,Swiss-Prot,0
P68072,True,,9031,Extracellular region,Extracellular space/secreted,Swiss-Prot,0
P59760,True,,9913,Extracellular region,Extracellular space/secreted,Swiss-Prot,0
Q9XSW8,True,,9615,Extracellular space,Extracellular space/secreted,Swiss-Prot,0
P01217,True,,9913,Extracellular space,Extracellular space/secreted,Swiss-Prot,0
P07314,True,,10116,Extracellular space,,Swiss-Prot,0
F1QDF8,True,,7955,Extracellular region,,Swiss-Prot,0
Q60928,True,,10090,Extracellular space,,Swiss-Prot,0
O18830,True,,9940,Extracellular space,Extracellular space/secreted,Swiss-Prot,0
O35312,True,,10116,Extracellular space,Extracellular space/secreted,Swiss-Prot,0
O18831,True,,9823,Extracellular space,Extracellular space/secreted,Swiss-Prot,0
O42222,True,,7955,Extracellular region|Extracellular space,Extracellular space/secreted,Swiss-Prot,0
Q63772,True,,10116,Extracellular space,Extracellular space/secreted,Swiss-Prot,0
Q61592,True,ECM Glycoproteins|Core matrisome,10090,Extracellular space,Extracellular space/secreted,Swiss-Prot,0
Q8BFQ8,True,,10090,Extracellular region,Extracellular space/secreted,Swiss-Prot,0
Q3B7H1,True,,7955,Extracellular region,Extracellular space/secreted,Swiss-Prot,0
Q29RZ1,True,,9913,Extracellular region,Extracellular space/secreted,Swiss-Prot,0
A6QL48,True,Secreted Factors|Matrisome-associated,9913,Extracellular space,Extracellular space/secreted,Swiss-Prot,0
Q8R1R4,True,Secreted Factors|Matrisome-associated,10090,Extracellular space,Extracellular space/secreted,Swiss-Prot,0
Q9GMS5,True,Proteoglycans|Core matrisome,9913,Extracellular region,Extracellular matrix|Extracellular space/secreted,Swiss-Prot,0
Q9D7Q0,True,,10090,Extracellular region,Extracellular space/secreted,Swiss-Prot,0
Q8JZM8,True,ECM-affiliated Proteins|Matrisome-associated,10090,Extracellular space,Extracellular space/secreted,Swiss-Prot,0
Q62635,True,,10116,Extracellular matrix|Extracellular space,Extracellular space/secreted,Swiss-Prot,0
Q80Z19,True,ECM-affiliated Proteins|Matrisome-associated,10090,Extracellular matrix|Extracellular space,Extracellular space/secreted,Swiss-Prot,0
P98089,True,,10116,Extracellular region,Extracellular space/secreted,Swiss-Prot,0
Q68CQ1,True,,9606,Extracellular space,,Swiss-Prot,0
P23097,True,,10116,Extracellular matrix|Extracellular region|Extracellular space,Extracellular matrix|Extracellular space/secreted,Swiss-Prot,0
O62806,True,,9986,Extracellular matrix|Extracellular region,Extracellular matrix|Extracellular space/secreted,Swiss-Prot,0
O77656,True,ECM Regulators|Matrisome-associated,9913,Extracellular matrix|Extracellular space,Extracellular matrix|Extracellular space/secreted,Swiss-Prot,0
Q63341,True,,10116,Extracellular matrix|Extracellular space,Extracellular matrix|Extracellular space/secreted,Swiss-Prot,0
P79227,True,,9986,Extracellular matrix|Extracellular region,Extracellular matrix|Extracellular space/secreted,Swiss-Prot,0
P34960,True,ECM Regulators|Matrisome-associated,10090,Extracellular matrix|Extracellular region|Extracellular space,Extracellular matrix|Extracellular space/secreted,Swiss-Prot,0
Q499S5,True,,10116,Extracellular matrix|Extracellular space,Extracellular matrix|Extracellular space/secreted,Swiss-Prot,0
Q02853,True,ECM Regulators|Matrisome-associated,10090,Extracellular matrix|Extracellular space,Extracellular matrix|Extracellular space/secreted,Swiss-Prot,0
P07152,True,,10116,Extracellular matrix|Extracellular space,Extracellular matrix|Extracellular space/secreted,Swiss-Prot,0
O55123,True,ECM Regulators|Matrisome-associated,10090,Extracellular matrix|Extracellular space,Extracellular matrix|Extracellular space/secreted,Swiss-Prot,0
P09402,True,,44689,Extracellular matrix,,Swiss-Prot,0
O35217,True,,10116,Extracellular space,Extracellular space/secreted,Swiss-Prot,0
Q9Z2L6,True,,10090,Extracellular space,Extracellular space/secreted,Swiss-Prot,0
F1NPQ2,True,,9031,Extracellular space,Extracellular space/secreted,Swiss-Prot,0
Q5XI62,True,,10116,Extracellular region,Extracellular space/secreted,Swiss-Prot,0
Q569E4,True,,10090,Extracellular region,Extracellular space/secreted,Swiss-Prot,0
Q60754,True,,10090,Extracellular matrix|Extracellular space,,Swiss-Prot,0
P27042,True,,9031,Extracellular region,Extracellular space/secreted,Swiss-Prot,0
Q63661,True,,10116,Extracellular space,Extracellular space/secreted,Swiss-Prot,0
Q98UI9,True,,9031,Extracellular matrix|Extracellular space,Extracellular space/secreted,Swiss-Prot,0
F1NBL0,True,ECM-affiliated Proteins|Matrisome-associated,9031,Extracellular matrix|Extracellular space,Extracellular space/secreted,Swiss-Prot,0
B0BNI5,True,,10116,Extracellular space,Extracellular space/secreted,Swiss-Prot,0
Q6JHU7,True,,9031,Basement membrane,,Swiss-Prot,0
Q3V1T4,True,,10090,Basement membrane|Extracellular region,Extracellular matrix|Extracellular space/secreted,Swiss-Prot,0
P54615,True,ECM Glycoproteins|Core matrisome,10090,Extracellular region|Extracellular space,Extracellular space/secreted,Swiss-Prot,0
Q9XSY9,True,,9940,Extracellular space,Extracellular space/secreted,Swiss-Prot,0
P31097,True,,9986,Extracellular space,Extracellular space/secreted,Swiss-Prot,0
P14287,True,,9823,Extracellular space,Extracellular space/secreted,Swiss-Prot,0
P23498,True,ECM Glycoproteins|Core matrisome,9031,Extracellular space,Extracellular space/secreted,Swiss-Prot,0
P31096,True,ECM Glycoproteins|Core matrisome,9913,Extracellular region|Extracellular space,Extracellular space/secreted,Swiss-Prot,0
P61365,True,,10116,Extracellular space,Extracellular space/secreted,Swiss-Prot,0
P61364,True,,10090,Extracellular space,Extracellular space/secreted,Swiss-Prot,0
Q8BK62,True,,10090,Extracellular space,Extracellular space/secreted,Swiss-Prot,0
Q80T03,True,ECM-affiliated Proteins|Matrisome-associated,10090,Extracellular matrix|Extracellular space,Extracellular space/secreted,Swiss-Prot,0
P97686,True,,10116,Extracellular region,Extracellular space/secreted,Swiss-Prot,0
O75200,True,,9606,Extracellular region,Extracellular space/secreted,Swiss-Prot,0
P43021,True,Secreted Factors|Matrisome-associated,10090,Extracellular region|Extracellular space,Extracellular space/secreted,Swiss-Prot,0
Q3SZK8,True,,9913,Extracellular region,,Swiss-Prot,0
P01175,True,,9913,Extracellular space,Extracellular space/secreted,Swiss-Prot,0
Q3UGM2,True,,10090,Extracellular region,,Swiss-Prot,0
Q866N2,True,,9986,Extracellular space,Extracellular matrix|Extracellular space/secreted,Swiss-Prot,0
O70624,True,,10090,Extracellular space,Extracellular matrix|Extracellular space/secreted,Swiss-Prot,0
Q2PT31,True,,9615,Extracellular space,Extracellular matrix|Extracellular space/secreted,Swiss-Prot,0
Q9XTA3,True,,9913,Extracellular space,Extracellular matrix|Extracellular space/secreted,Swiss-Prot,0
Q3V1I0,True,,10090,Extracellular region,Extracellular space/secreted,Swiss-Prot,0
P01705,True,,9606,Extracellular region|Extracellular space,Extracellular space/secreted,Swiss-Prot,0
Q8JIR8,True,Proteoglycans|Core matrisome,9031,Extracellular region,Extracellular matrix|Extracellular space/secreted,Swiss-Prot,0
A0A075B6J9,True,,9606,Extracellular space,Extracellular space/secreted,Swiss-Prot,0
Q9XSC6,True,,9913,Extracellular space,,Swiss-Prot,0
Q6IFW6,True,,10116,Extracellular region,Extracellular space/secreted,Swiss-Prot,0
Q6EIZ0,True,,9615,Extracellular region,Extracellular space/secreted,Swiss-Prot,0
P06394,True,,9913,Extracellular region,Extracellular space/secreted,Swiss-Prot,0
Q52N47,True,,9823,Extracellular space,Extracellular space/secreted,Swiss-Prot,0
Q3T0P7,True,,9913,Extracellular space,Extracellular space/secreted,Swiss-Prot,0
Q58T08,True,,7955,Extracellular region,Extracellular space/secreted,Swiss-Prot,0
A2ATD1,True,Secreted Factors|Matrisome-associated,10090,Extracellular region,Extracellular space/secreted,Swiss-Prot,0
Q5EGE1,True,,7955,Extracellular region,Extracellular space/secreted,Swiss-Prot,0
Q6GU68,True,,10090,Extracellular space,Extracellular space/secreted,Swiss-Prot,0
A4IFA6,True,,9913,Extracellular region,Extracellular space/secreted,Swiss-Prot,0
P03970,True,,9823,Extracellular region|Extracellular space,Extracellular space/secreted,Swiss-Prot,0
Q04998,True,Secreted Factors|Matrisome-associated,10090,Extracellular region|Extracellular space,Extracellular space/secreted,Swiss-Prot,0
P27092,True,Secreted Factors|Matrisome-associated,9031,Extracellular region|Extracellular space,Extracellular space/secreted,Swiss-Prot,0
P07995,True,Secreted Factors|Matrisome-associated,9913,Extracellular region|Extracellular space,Extracellular space/secreted,Swiss-Prot,0
P38440,True,,9940,Extracellular region,Extracellular space/secreted,Swiss-Prot,0
P17490,True,,10116,Extracellular space,Extracellular space/secreted,Swiss-Prot,0
P04087,True,,9823,Extracellular space,Extracellular space/secreted,Swiss-Prot,0
Q04997,True,Secreted Factors|Matrisome-associated,10090,Extracellular space,Extracellular space/secreted,Swiss-Prot,0
Q80XH2,True,Proteoglycans|Core matrisome,10090,Extracellular matrix|Extracellular region,Extracellular matrix|Extracellular space/secreted,Swiss-Prot,0
Q1XI86,True,Proteoglycans|Core matrisome,9031,Extracellular region,Extracellular matrix|Extracellular space/secreted,Swiss-Prot,0
Q9ET62,True,,10116,Extracellular region,Extracellular matrix|Extracellular space/secreted,Swiss-Prot,0
Q8R1W8,True,Proteoglycans|Core matrisome,10090,Extracellular region,Extracellular matrix|Extracellular space/secreted,Swiss-Prot,0
P05123,True,,9615,Extracellular space,,Swiss-Prot,0
P00565,True,,9031,Extracellular space,,Swiss-Prot,0
Q5XLD3,True,,9823,Extracellular space,,Swiss-Prot,0
Q61805,True,,10090,Extracellular space,Extracellular space/secreted,Swiss-Prot,0
P01704,True,,9606,Extracellular region|Extracellular space,Extracellular space/secreted,Swiss-Prot,0
P01706,True,,9606,Extracellular region|Extracellular space,Extracellular space/secreted,Swiss-Prot,0
P04210,True,,9031,Extracellular region|Extracellular space,,Swiss-Prot,0
P01726,True,,10090,Extracellular space,,Swiss-Prot,0
P01725,True,,10090,Extracellular space,,Swiss-Prot,0
Q29524,True,,9940,Extracellular space,Extracellular matrix|Extracellular space/secreted,Swiss-Prot,0
Q06000,True,,10116,Extracellular space,Extracellular matrix|Extracellular space/secreted,Swiss-Prot,0
P49923,True,,9823,Extracellular space,Extracellular matrix|Extracellular space/secreted,Swiss-Prot,0
Q63313,True,,10116,Extracellular space,Extracellular space/secreted,Swiss-Prot,0
P17454,True,,9986,Extracellular space,Extracellular space/secreted,Swiss-Prot,0
Q2TBI0,True,,9913,Extracellular space,Extracellular space/secreted,Swiss-Prot,0
P00563,True,,9986,Extracellular space,,Swiss-Prot,0
P57016,True,,10090,Basement membrane|Extracellular region,Basement membrane|Extracellular matrix|Extracellular space/secreted,Swiss-Prot,0
P20763,True,,9031,Extracellular region,,Swiss-Prot,0
P01681,True,,10116,Extracellular space,,Swiss-Prot,0
P84750,True,,10090,Extracellular space,Extracellular space/secreted,Swiss-Prot,0
A0A0B4J1Z2,True,,9606,Extracellular space,Extracellular space/secreted,Swiss-Prot,0
A0A075B6H8,True,,9606,Extracellular space,Extracellular space/secreted,Swiss-Prot,0
A0A0C4DH26,True,,9606,Extracellular space,Extracellular space/secreted,Swiss-Prot,0
P15947,True,,10090,Extracellular space,,Swiss-Prot,0
Q8CGR5,True,,10090,Extracellular space,Extracellular space/secreted,Swiss-Prot,0
Q9QYN3,True,,10090,Extracellular region,Extracellular space/secreted,Swiss-Prot,0
Q804X6,True,ECM Regulators|Matrisome-associated,9031,Extracellular space,Extracellular space/secreted,Swiss-Prot,0
P19540,True,,9615,Extracellular space,Extracellular space/secreted,Swiss-Prot,0
P00741,True,ECM Regulators|Matrisome-associated,9913,Extracellular space,Extracellular space/secreted,Swiss-Prot,0
P63291,True,,9940,Extracellular region,Extracellular space/secreted,Swiss-Prot,0
P47983,True,,9615,Extracellular region,Extracellular matrix|Extracellular space/secreted,Swiss-Prot,0
Q9BH10,True,ECM Glycoproteins|Core matrisome,9913,Extracellular region,Extracellular matrix|Extracellular space/secreted,Swiss-Prot,0
O54766,True,,10116,Extracellular region,Extracellular matrix|Extracellular space/secreted,Swiss-Prot,0
I6M4H4,True,,9986,Extracellular region,Extracellular matrix|Extracellular space/secreted,Swiss-Prot,0
Q62005,True,ECM Glycoproteins|Core matrisome,10090,Extracellular region,Extracellular matrix|Extracellular space/secreted,Swiss-Prot,0
Q8MP30,True,,44689,Extracellular region,Extracellular space/secreted,Swiss-Prot,0
Q54P38,True,,44689,Extracellular region,Extracellular space/secreted,Swiss-Prot,0
Q559W3,True,,44689,Extracellular space,,Swiss-Prot,0
P48614,True,Secreted Factors|Matrisome-associated,10090,Extracellular space,Extracellular matrix|Extracellular space/secreted,Swiss-Prot,0
Q801F7,True,,7955,Extracellular space,Extracellular matrix|Extracellular space/secreted,Swiss-Prot,0
P43446,True,,7955,Extracellular space,Extracellular matrix|Extracellular space/secreted,Swiss-Prot,0
A2A5H7,True,,10090,Extracellular space,Extracellular space/secreted,Swiss-Prot,0
Q8NEX6,True,,9606,Extracellular space,Extracellular space/secreted,Swiss-Prot,0
F6ULY1,True,,10090,Extracellular space,Extracellular space/secreted,Swiss-Prot,0
Q3UW55,True,,10090,Extracellular space,Extracellular space/secreted,Swiss-Prot,0
Q9JHY4,True,,10090,Extracellular space,Extracellular space/secreted,Swiss-Prot,0
Q8BH89,True,,10090,Extracellular space,Extracellular space/secreted,Swiss-Prot,0
P30205,True,,9913,Extracellular region,Extracellular space/secreted,Swiss-Prot,0
P22458,True,,9986,Extracellular region,Extracellular space/secreted,Swiss-Prot,0
P48819,True,,9823,Extracellular space,Extracellular space/secreted,Swiss-Prot,0
Q6PDS0,True,,10090,Extracellular region,,Swiss-Prot,0
Q8R0A6,True,,10090,Extracellular region,Extracellular space/secreted,Swiss-Prot,0
Q9QZ25,True,,10090,Extracellular space,,Swiss-Prot,0
P20239,True,ECM Glycoproteins|Core matrisome,10090,Extracellular region,Extracellular matrix|Extracellular space/secreted,Swiss-Prot,0
Q5EGZ1,True,,10116,Extracellular region|Extracellular space,Extracellular space/secreted,Swiss-Prot,0
P07828,True,,44689,Extracellular matrix,,Swiss-Prot,0
P0DTE7,True,,9606,Extracellular space,Extracellular space/secreted,Swiss-Prot,0
P97857,True,ECM Regulators|Matrisome-associated,10090,Basement membrane|Extracellular matrix|Extracellular region,Extracellular matrix|Extracellular space/secreted,Swiss-Prot,0
P59509,True,ECM Regulators|Matrisome-associated,10090,Extracellular matrix|Extracellular region,Extracellular matrix|Extracellular space/secreted,Swiss-Prot,0
Q4VC17,True,ECM Regulators|Matrisome-associated,10090,Extracellular matrix|Extracellular region,Extracellular matrix|Extracellular space/secreted,Swiss-Prot,0
Q8BLI0,True,ECM Regulators|Matrisome-associated,10090,Extracellular matrix|Extracellular region,Extracellular matrix|Extracellular space/secreted,Swiss-Prot,0
Q91XT9,True,,10116,Extracellular region|Extracellular space,Extracellular space/secreted,Swiss-Prot,0
Q9JHE3,True,,10090,Extracellular region|Extracellular space,Extracellular space/secreted,Swiss-Prot,0
Q5W7F1,True,,7955,Extracellular region,Extracellular space/secreted,Swiss-Prot,0
Q17QB3,True,,9913,Extracellular space,Extracellular space/secreted,Swiss-Prot,0
Q8C7G5,True,,10090,Extracellular region|Extracellular space,Extracellular space/secreted,Swiss-Prot,0
P0DTE8,True,,9606,Extracellular space,Extracellular space/secreted,Swiss-Prot,0
P0DUB6,True,,9606,Extracellular space,Extracellular space/secreted,Swiss-Prot,0
Q7TNK8,True,,10090,Extracellular region,Extracellular space/secreted,Swiss-Prot,0
Q3HS82,True,,10116,Basement membrane|Extracellular matrix|Extracellular region,Extracellular space/secreted,Swiss-Prot,0
Q9D3J8,True,,10090,Basement membrane|Extracellular matrix|Extracellular region,Extracellular space/secreted,Swiss-Prot,0
P45377,True,,10090,Extracellular region,,Swiss-Prot,0
E7FAP8,True,,7955,Extracellular space,Extracellular space/secreted,Swiss-Prot,0
E7F5F0,True,,7955,Extracellular space,Extracellular space/secreted,Swiss-Prot,0
Q8K3V3,True,,10116,Extracellular region,Extracellular space/secreted,Swiss-Prot,0
O62827,True,,9913,Extracellular space,Extracellular space/secreted,Swiss-Prot,0
A5LHG2,True,,9823,Extracellular region,Extracellular space/secreted,Swiss-Prot,0
C9JUS6,True,,9606,Extracellular region,Extracellular space/secreted,Swiss-Prot,0
P61312,True,,10116,Extracellular region,Extracellular space/secreted,Swiss-Prot,0
Q9Z0K8,True,,10090,Extracellular space,,Swiss-Prot,0
P01283,True,,10116,Extracellular region,Extracellular space/secreted,Swiss-Prot,0
P59511,True,ECM Regulators|Matrisome-associated,10090,Extracellular matrix|Extracellular space,Extracellular matrix|Extracellular space/secreted,Swiss-Prot,0
P32649,True,,9986,Extracellular region,Extracellular space/secreted,Swiss-Prot,0
Q62288,True,Proteoglycans|Core matrisome,10090,Extracellular space,Extracellular matrix|Extracellular space/secreted,Swiss-Prot,0
Q00546,True,ECM Glycoproteins|Core matrisome,9031,Extracellular region,Extracellular matrix|Extracellular space/secreted,Swiss-Prot,0
Q80Z71,True,ECM Glycoproteins|Core matrisome,10090,Extracellular matrix|Extracellular space,Extracellular matrix|Extracellular space/secreted,Swiss-Prot,0
Q3T0G8,True,,9913,Extracellular space,Extracellular space/secreted,Swiss-Prot,0
Q9DBX3,True,,10090,Extracellular space,,Swiss-Prot,0
M5A8F1,True,,9606,Extracellular space,Extracellular space/secreted,Swiss-Prot,0
A2VD23,True,,7955,Extracellular region,Extracellular space/secreted,Swiss-Prot,0
Q7Z2R9,True,,9606,Extracellular region,Extracellular space/secreted,Swiss-Prot,0
B5DF94,True,,10116,Extracellular space,Extracellular space/secreted,Swiss-Prot,0
Q8R054,True,ECM Glycoproteins|Core matrisome,10090,Extracellular space,Extracellular space/secreted,Swiss-Prot,0
P04917,True,,10116,Extracellular space,Extracellular space/secreted,Swiss-Prot,0
Q0VC44,True,,9913,Extracellular space,Extracellular space/secreted,Swiss-Prot,0
A0A077DF94,True,,7955,Extracellular region,Extracellular space/secreted,Swiss-Prot,0
F1QQI2,True,,7955,Extracellular space,Extracellular space/secreted,Swiss-Prot,0
P36377,True,ECM Glycoproteins|Core matrisome,9031,Basement membrane|Extracellular space,Basement membrane|Extracellular matrix|Extracellular space/secreted,Swiss-Prot,0
O70560,True,,10090,Extracellular region,,Swiss-Prot,0
O70558,True,,10090,Extracellular region,,Swiss-Prot,0
Q80X76,True,ECM Regulators|Matrisome-associated,10090,Extracellular space,,Swiss-Prot,0
P29621,True,ECM Regulators|Matrisome-associated,10090,Extracellular space,Extracellular space/secreted,Swiss-Prot,0
Q8BYY9,True,ECM Regulators|Matrisome-associated,10090,Extracellular space,Extracellular space/secreted,Swiss-Prot,0
Q6P4P1,True,ECM Regulators|Matrisome-associated,10090,Extracellular space,Extracellular space/secreted,Swiss-Prot,0
A6QPQ2,True,ECM Regulators|Matrisome-associated,9913,Extracellular space,Extracellular space/secreted,Swiss-Prot,0
A2I7N3,True,,9913,Extracellular space,Extracellular space/secreted,Swiss-Prot,0
Q9ER58,True,Proteoglycans|Core matrisome,10090,Extracellular region,Extracellular matrix|Extracellular space/secreted,Swiss-Prot,0
Q8BKV0,True,Proteoglycans|Core matrisome,10090,Extracellular matrix|Extracellular space,Extracellular matrix|Extracellular space/secreted,Swiss-Prot,0
Q99JR5,True,ECM Glycoproteins|Core matrisome,10090,Extracellular space,Extracellular space/secreted,Swiss-Prot,0
Q8JHW2,True,,7955,Extracellular region,,Swiss-Prot,0
P01284,True,,9823,Extracellular region,Extracellular space/secreted,Swiss-Prot,0
P27590,True,,10116,Extracellular space,Extracellular space/secreted,Swiss-Prot,0
Q29100,True,,9823,Extracellular space,,Swiss-Prot,0
P83121,True,,10116,Extracellular region,Extracellular space/secreted,Swiss-Prot,0
Q3V129,True,,10090,Extracellular region,,Swiss-Prot,0
Q9EP52,True,,10090,Extracellular space,Extracellular space/secreted,Swiss-Prot,0
Q3SWW8,True,ECM Glycoproteins|Core matrisome,9913,Extracellular space,Extracellular matrix|Extracellular space/secreted,Swiss-Prot,0
Q8JGW0,True,,7955,Extracellular region|Extracellular space,Extracellular matrix|Extracellular space/secreted,Swiss-Prot,0
Q05895,True,ECM Glycoproteins|Core matrisome,10090,Extracellular region,,Swiss-Prot,0
Q1L8P7,True,,7955,Extracellular region,,Swiss-Prot,0
P35440,True,ECM Glycoproteins|Core matrisome,9031,Extracellular region,,Swiss-Prot,0
Q9EQT5,True,,10116,Extracellular space,Extracellular space/secreted,Swiss-Prot,0
Q6QMY6,True,,10116,Extracellular matrix|Extracellular space,Extracellular space/secreted,Swiss-Prot,0
Q8CBR6,True,ECM Glycoproteins|Core matrisome,10090,Extracellular matrix|Extracellular space,Extracellular space/secreted,Swiss-Prot,0
Q58A48,True,,7955,Extracellular matrix|Extracellular space,Extracellular space/secreted,Swiss-Prot,0
Q65Z91,True,ECM Glycoproteins|Core matrisome,9031,Extracellular matrix|Extracellular space,Extracellular space/secreted,Swiss-Prot,0
A0JD37,True,,9606,Extracellular space,,Swiss-Prot,0
A0A1B0GX56,True,,9606,Extracellular space,,Swiss-Prot,0
Q8SQ23,True,,9823,Extracellular space,Extracellular space/secreted,Swiss-Prot,0
Q28198,True,ECM Regulators|Matrisome-associated,9913,Extracellular space,Extracellular space/secreted,Swiss-Prot,0
P51742,True,,9615,Extracellular space,Extracellular space/secreted,Swiss-Prot,0
Q06599,True,Secreted Factors|Matrisome-associated,9913,Extracellular space,Extracellular space/secreted,Swiss-Prot,0
Q9WUQ1,True,,10116,Basement membrane|Extracellular matrix|Extracellular region,Extracellular matrix|Extracellular space/secreted,Swiss-Prot,0
P79331,True,ECM Regulators|Matrisome-associated,9913,Extracellular matrix|Extracellular region,Extracellular matrix|Extracellular space/secreted,Swiss-Prot,0
P12263,True,,9823,Extracellular space,Extracellular space/secreted,Swiss-Prot,0
Q28247,True,,9615,Basement membrane|Extracellular space,Basement membrane|Extracellular matrix|Extracellular space/secreted,Swiss-Prot,0
P19427,True,ECM Glycoproteins|Core matrisome,9913,Extracellular region,Extracellular matrix|Extracellular space/secreted,Swiss-Prot,0
P01376,True,,9986,Extracellular space,Extracellular space/secreted,Swiss-Prot,0
P50716,True,,10090,Extracellular space,Extracellular space/secreted,Swiss-Prot,0
Q64263,True,,10090,Extracellular space,Extracellular space/secreted,Swiss-Prot,0
Q76LW6,True,,10090,Extracellular region|Extracellular space,Extracellular space/secreted,Swiss-Prot,0
Q8N907,True,,9606,Extracellular region|Extracellular space,Extracellular space/secreted,Swiss-Prot,0
P01039,True,,10116,Extracellular space,,Swiss-Prot,0
P56567,True,,10090,Extracellular space,,Swiss-Prot,0
P04813,True,,9615,Extracellular region,Extracellular space/secreted,Swiss-Prot,0
P12399,True,,10090,Extracellular region,Extracellular space/secreted,Swiss-Prot,0
Q96MU5,True,,9606,Extracellular region,Extracellular space/secreted,Swiss-Prot,0
P0CD95,True,,10116,Extracellular region,Extracellular space/secreted,Swiss-Prot,0
Q3V3I5,True,,10090,Extracellular region,Extracellular space/secreted,Swiss-Prot,0
Q91WL5,True,,10090,Extracellular space,,Swiss-Prot,0
P08516,True,,10116,Extracellular space,,Swiss-Prot,0
Q80ZF0,True,,10116,Extracellular space,Extracellular matrix|Extracellular space/secreted,Swiss-Prot,0
A6QP79,True,ECM-affiliated Proteins|Matrisome-associated,9913,Extracellular space,,Swiss-Prot,0
Q5U3G1,True,,7955,Extracellular space,Extracellular space/secreted,Swiss-Prot,0
Q2LK94,True,ECM-affiliated Proteins|Matrisome-associated,9031,Extracellular space,Extracellular space/secreted,Swiss-Prot,0
Q17QH6,True,ECM-affiliated Proteins|Matrisome-associated,9913,Extracellular space,Extracellular space/secreted,Swiss-Prot,0
Q8CF98,True,ECM-affiliated Proteins|Matrisome-associated,10090,Extracellular space,Extracellular space/secreted,Swiss-Prot,0
Q2LK95,True,ECM-affiliated Proteins|Matrisome-associated,9031,Extracellular space,Extracellular space/secreted,Swiss-Prot,0
Q923P0,True,Collagens|Core matrisome,10090,Extracellular region,Extracellular space/secreted,Swiss-Prot,0
Q9QZZ6,True,ECM Glycoproteins|Core matrisome,10090,Extracellular region,Extracellular matrix|Extracellular space/secreted,Swiss-Prot,0
P45846,True,,9823,Extracellular region,Extracellular matrix|Extracellular space/secreted,Swiss-Prot,0
Q54EW8,True,,44689,Extracellular matrix,,Swiss-Prot,0
B6ZI38,True,,9031,Extracellular region,Extracellular space/secreted,Swiss-Prot,0
Q06194,True,,10090,Extracellular space,Extracellular space/secreted,Swiss-Prot,0
O18806,True,,9615,Extracellular space,Extracellular space/secreted,Swiss-Prot,0
Q8BH61,True,ECM Regulators|Matrisome-associated,10090,Extracellular region,Extracellular space/secreted,Swiss-Prot,0
P12260,True,ECM Regulators|Matrisome-associated,9913,Extracellular region,Extracellular space/secreted,Swiss-Prot,0
P21760,True,,9031,Extracellular space,Extracellular space/secreted,Swiss-Prot,0
Q54RK5,True,,44689,Extracellular matrix,,Swiss-Prot,0
Q3V188,True,,10090,Extracellular region,Extracellular space/secreted,Swiss-Prot,0
A6QLQ8,True,,9913,Extracellular region,Extracellular space/secreted,Swiss-Prot,0
P36368,True,,10090,Extracellular space,,Swiss-Prot,0
P34822,True,,9031,Extracellular space,Extracellular space/secreted,Swiss-Prot,0
P0C8S2,True,,9913,Extracellular region,Extracellular space/secreted,Swiss-Prot,0
Q4A3R3,True,,9823,Extracellular matrix|Extracellular region,Extracellular space/secreted,Swiss-Prot,0
P15101,True,,9913,Extracellular space,,Swiss-Prot,0
P80254,True,,10116,Extracellular space,,Swiss-Prot,0
O35215,True,,10090,Extracellular space,,Swiss-Prot,0
Q5ZMG0,True,,9031,Extracellular space,,Swiss-Prot,0
A5PK65,True,,9913,Extracellular space,,Swiss-Prot,0
Q5XIL8,True,,10116,Extracellular region,,Swiss-Prot,0
Q8C0M8,True,,10090,Extracellular region,,Swiss-Prot,0
Q32KS2,True,,9913,Extracellular region,,Swiss-Prot,0
Q8CIZ5,True,,10116,Extracellular matrix|Extracellular space,Extracellular space/secreted,Swiss-Prot,0
Q95218,True,,9986,Extracellular matrix|Extracellular region,Extracellular space/secreted,Swiss-Prot,0
Q0VF58,True,Collagens|Core matrisome,10090,Extracellular space,Extracellular matrix|Extracellular space/secreted,Swiss-Prot,0
P55787,True,,9986,Basement membrane|Extracellular region,Basement membrane|Extracellular matrix|Extracellular space/secreted,Swiss-Prot,0
Q8C9W3,True,ECM Regulators|Matrisome-associated,10090,Extracellular matrix|Extracellular region,Extracellular matrix|Extracellular space/secreted,Swiss-Prot,0
Q9QZR9,True,Collagens|Core matrisome,10090,Basement membrane|Extracellular space,Basement membrane|Extracellular matrix|Extracellular space/secreted,Swiss-Prot,0
P49873,True,,9823,Extracellular space,Extracellular space/secreted,Swiss-Prot,0
Q9Z121,True,Secreted Factors|Matrisome-associated,10090,Extracellular space,Extracellular space/secreted,Swiss-Prot,0
Q68AY9,True,,9615,Extracellular space,Extracellular space/secreted,Swiss-Prot,0
Q09141,True,Secreted Factors|Matrisome-associated,9913,Extracellular space,Extracellular space/secreted,Swiss-Prot,0
Q8BI79,True,,10090,Extracellular region,,Swiss-Prot,0
Q56A40,True,,7955,Extracellular region,,Swiss-Prot,0
P86793,True,Secreted Factors|Matrisome-associated,10090,Extracellular space,Extracellular space/secreted,Swiss-Prot,0
P86792,True,Secreted Factors|Matrisome-associated,10090,Extracellular space,Extracellular space/secreted,Swiss-Prot,0
P84444,True,Secreted Factors|Matrisome-associated,10090,Extracellular space,Extracellular space/secreted,Swiss-Prot,0
Q504N0,True,,10090,Extracellular region|Extracellular space,Extracellular space/secreted,Swiss-Prot,0
P00731,True,,10116,Extracellular space,Extracellular space/secreted,Swiss-Prot,0
P09954,True,,9823,Extracellular space,Extracellular space/secreted,Swiss-Prot,0
Q7TPZ8,True,,10090,Extracellular space,Extracellular space/secreted,Swiss-Prot,0
P00730,True,,9913,Extracellular space,Extracellular space/secreted,Swiss-Prot,0
Q9JL96,True,ECM Regulators|Matrisome-associated,10090,Extracellular space,,Swiss-Prot,0
O97113,True,,44689,Extracellular matrix,,Swiss-Prot,0
Q2KIV9,True,ECM-affiliated Proteins|Matrisome-associated,9913,Extracellular region,Extracellular space/secreted,Swiss-Prot,0
Q3T0B6,True,,9913,Extracellular region,Extracellular space/secreted,Swiss-Prot,0
Q69DL0,True,,9823,Extracellular region,Extracellular space/secreted,Swiss-Prot,0
Q6AXU0,True,,10116,Extracellular space,Extracellular space/secreted,Swiss-Prot,0
Q28739,True,,9986,Extracellular space,Extracellular space/secreted,Swiss-Prot,0
Q67E05,True,,10090,Extracellular space,Extracellular space/secreted,Swiss-Prot,0
P80225,True,,10116,Extracellular region,Extracellular space/secreted,Swiss-Prot,0
P51670,True,Secreted Factors|Matrisome-associated,10090,Extracellular space,Extracellular space/secreted,Swiss-Prot,0
P27548,True,,10090,Extracellular space,Extracellular space/secreted,Swiss-Prot,0
Q95MQ5,True,,9823,Extracellular space,Extracellular space/secreted,Swiss-Prot,0
Q54Z64,True,,44689,Extracellular region,Extracellular space/secreted,Swiss-Prot,0
Q29442,True,Collagens|Core matrisome,9913,Basement membrane|Extracellular region,Basement membrane|Extracellular matrix|Extracellular space/secreted,Swiss-Prot,0
Q9QZS0,True,Collagens|Core matrisome,10090,Basement membrane|Extracellular space,Basement membrane|Extracellular matrix|Extracellular space/secreted,Swiss-Prot,0
Q28084,True,Collagens|Core matrisome,9913,Basement membrane|Extracellular region,Basement membrane|Extracellular matrix|Extracellular space/secreted,Swiss-Prot,0
P08122,True,Collagens|Core matrisome,10090,Basement membrane|Extracellular region|Extracellular space,Basement membrane|Extracellular matrix|Extracellular space/secreted,Swiss-Prot,0
Q7SIB3,True,Collagens|Core matrisome,9913,Basement membrane|Extracellular region,Basement membrane|Extracellular matrix|Extracellular space/secreted,Swiss-Prot,0
Q7SIB2,True,Collagens|Core matrisome,9913,Basement membrane|Extracellular space,Basement membrane|Extracellular matrix|Extracellular space/secreted,Swiss-Prot,0
Q66HG3,True,,10116,Extracellular region,Extracellular space/secreted,Swiss-Prot,0
Q8BUG2,True,,10090,Extracellular region,Extracellular space/secreted,Swiss-Prot,0
Q9D7Q1,True,,10090,Extracellular region|Extracellular space,Extracellular space/secreted,Swiss-Prot,0
Q1ZXJ7,True,,44689,Extracellular region,Extracellular space/secreted,Swiss-Prot,0
O55233,True,,10090,Extracellular region|Extracellular space,Extracellular space/secreted,Swiss-Prot,0
Q9Z2V2,True,,10116,Extracellular space,Extracellular space/secreted,Swiss-Prot,0
Q9PWB0,True,,9031,Extracellular space,Extracellular space/secreted,Swiss-Prot,0
P07882,True,,10116,Extracellular space,Extracellular space/secreted,Swiss-Prot,0
Q64285,True,,10090,Extracellular space,Extracellular space/secreted,Swiss-Prot,0
P30122,True,,9913,Extracellular region,Extracellular space/secreted,Swiss-Prot,0
Q925P2,True,,10090,Extracellular space,,Swiss-Prot,0
P0C5I0,True,,10116,Extracellular space,Extracellular space/secreted,Swiss-Prot,0
Q8CC36,True,,10090,Extracellular space,Extracellular space/secreted,Swiss-Prot,0
Q49AH0,True,,9606,Extracellular space,Extracellular space/secreted,Swiss-Prot,0
Q28284,True,,9615,Extracellular region,Extracellular space/secreted,Swiss-Prot,0
Q29423,True,,9913,Extracellular region,Extracellular space/secreted,Swiss-Prot,0
Q4KLM6,True,,10116,Basement membrane,,Swiss-Prot,0
Q1RMT9,True,Secreted Factors|Matrisome-associated,9913,Extracellular space,,Swiss-Prot,0
Q7SXB3,True,,7955,Extracellular space,,Swiss-Prot,0
Q95MI6,True,,9913,Extracellular space,Extracellular space/secreted,Swiss-Prot,0
Q4QY38,True,,9606,Extracellular region,Extracellular space/secreted,Swiss-Prot,0
Q30KQ1,True,,9606,Extracellular space,Extracellular space/secreted,Swiss-Prot,0
A0A096LNP1,True,,9606,Extracellular space,Extracellular space/secreted,Swiss-Prot,0
P05817,True,,44689,Extracellular region,,Swiss-Prot,0
P01035,True,ECM Regulators|Matrisome-associated,9913,Extracellular space,Extracellular space/secreted,Swiss-Prot,0
Q29290,True,,9823,Extracellular space,,Swiss-Prot,0
Q94504,True,,44689,Extracellular space,,Swiss-Prot,0
Q94503,True,,44689,Extracellular space,,Swiss-Prot,0
Q86IV5,True,,44689,Extracellular region,Extracellular space/secreted,Swiss-Prot,0
P79362,True,,9940,Extracellular region,Extracellular space/secreted,Swiss-Prot,0
Q2IAL7,True,,9031,Extracellular space,Extracellular space/secreted,Swiss-Prot,0
P19660,True,,9913,Extracellular space,Extracellular space/secreted,Swiss-Prot,0
P54230,True,,9940,Extracellular region,Extracellular space/secreted,Swiss-Prot,0
Q6QLQ5,True,,9031,Extracellular space,Extracellular space/secreted,Swiss-Prot,0
P22226,True,,9913,Extracellular space,Extracellular space/secreted,Swiss-Prot,0
Q5F378,True,,9031,Extracellular space,Extracellular space/secreted,Swiss-Prot,0
Q8CGR3,True,,10116,Extracellular space,Extracellular space/secreted,Swiss-Prot,0
P02664,True,,10090,Extracellular space,Extracellular space/secreted,Swiss-Prot,0
P02667,True,,10116,Extracellular space,Extracellular space/secreted,Swiss-Prot,0
P01142,True,,9940,Extracellular region,Extracellular space/secreted,Swiss-Prot,0
P01143,True,,10116,Extracellular space,Extracellular space/secreted,Swiss-Prot,0
P06296,True,,9823,Extracellular space,Extracellular space/secreted,Swiss-Prot,0
Q8CIT0,True,,10090,Extracellular region|Extracellular space,Extracellular space/secreted,Swiss-Prot,0
Q30KP9,True,,9606,Extracellular region,Extracellular space/secreted,Swiss-Prot,0
P07466,True,,9986,Extracellular space,Extracellular space/secreted,Swiss-Prot,0
P80223,True,,9986,Extracellular region,Extracellular space/secreted,Swiss-Prot,0
P11936,True,,9823,Extracellular region,Extracellular space/secreted,Swiss-Prot,0
P15396,True,,9913,Extracellular region,Extracellular space/secreted,Swiss-Prot,0
Q64610,True,,10116,Extracellular space,Extracellular space/secreted,Swiss-Prot,0
Q9R1E6,True,,10090,Extracellular space,Extracellular space/secreted,Swiss-Prot,0
A1A4K5,True,,9913,Extracellular space,Extracellular space/secreted,Swiss-Prot,0
Q3UP87,True,ECM Regulators|Matrisome-associated,10090,Extracellular space,,Swiss-Prot,0
E9Q7F5,True,,10090,Extracellular region,Extracellular space/secreted,Swiss-Prot,0
A0A1B0GTR0,True,,9606,Extracellular region,Extracellular space/secreted,Swiss-Prot,0
P11937,True,,9940,Extracellular region,Extracellular space/secreted,Swiss-Prot,0
P21704,True,,10116,Extracellular region,Extracellular space/secreted,Swiss-Prot,0
O18998,True,,9986,Extracellular region,Extracellular space/secreted,Swiss-Prot,0
Q55GS3,True,,44689,Extracellular region,Extracellular space/secreted,Swiss-Prot,0
P50708,True,,10090,Extracellular space,Extracellular space/secreted,Swiss-Prot,0
Q5G866,True,,10090,Extracellular space,Extracellular space/secreted,Swiss-Prot,0
Q8C1N8,True,,10090,Extracellular space,Extracellular space/secreted,Swiss-Prot,0
Q8C1P2,True,,10090,Extracellular space,Extracellular space/secreted,Swiss-Prot,0
Q45VN2,True,,10090,Extracellular space,Extracellular space/secreted,Swiss-Prot,0
Q64016,True,,10090,Extracellular space,Extracellular space/secreted,Swiss-Prot,0
P50714,True,,10090,Extracellular space,Extracellular space/secreted,Swiss-Prot,0
P50713,True,,10090,Extracellular space,Extracellular space/secreted,Swiss-Prot,0
P50712,True,,10090,Extracellular space,Extracellular space/secreted,Swiss-Prot,0
P50711,True,,10090,Extracellular space,Extracellular space/secreted,Swiss-Prot,0
P50709,True,,10090,Extracellular space,Extracellular space/secreted,Swiss-Prot,0
P49926,True,,9615,Extracellular space,Extracellular space/secreted,Swiss-Prot,0
Q2UY11,True,Collagens|Core matrisome,10090,Basement membrane|Extracellular space,Basement membrane|Extracellular matrix|Extracellular space/secreted,Swiss-Prot,0
Q9EQG7,True,,10090,Extracellular region,Extracellular space/secreted,Swiss-Prot,0
A6QPB3,True,Collagens|Core matrisome,9913,Basement membrane|Extracellular space,Basement membrane|Extracellular matrix|Extracellular space/secreted,Swiss-Prot,0
O97626,True,,9615,Extracellular space,Extracellular space/secreted,Swiss-Prot,0
P51749,True,,9913,Extracellular space,Extracellular space/secreted,Swiss-Prot,0
Q9QZA6,True,,10116,Basement membrane,,Swiss-Prot,0
Q28680,True,,9986,Extracellular region,Extracellular space/secreted,Swiss-Prot,0
P10810,True,,10090,Extracellular space,Extracellular space/secreted,Swiss-Prot,0
Q95122,True,,9913,Extracellular region,Extracellular space/secreted,Swiss-Prot,0
P42831,True,,9823,Extracellular space,Extracellular space/secreted,Swiss-Prot,0
P10148,True,Secreted Factors|Matrisome-associated,10090,Extracellular region|Extracellular space,Extracellular space/secreted,Swiss-Prot,0
P52203,True,,9615,Extracellular space,Extracellular space/secreted,Swiss-Prot,0
P28291,True,Secreted Factors|Matrisome-associated,9913,Extracellular space,Extracellular space/secreted,Swiss-Prot,0
Q9JIL2,True,Secreted Factors|Matrisome-associated,10090,Extracellular region|Extracellular space,Extracellular space/secreted,Swiss-Prot,0
Q68A91,True,,9615,Extracellular region|Extracellular space,Extracellular space/secreted,Swiss-Prot,0
Q9Z1X0,True,,10090,Extracellular region|Extracellular space,Extracellular space/secreted,Swiss-Prot,0
Q64H35,True,,9615,Extracellular space,Extracellular space/secreted,Swiss-Prot,0
Q4PR21,True,,9823,Extracellular space,Extracellular space/secreted,Swiss-Prot,0
O35903,True,Secreted Factors|Matrisome-associated,10090,Extracellular space,Extracellular space/secreted,Swiss-Prot,0
Q8BN57,True,,10090,Extracellular space,,Swiss-Prot,0
Q9JHH6,True,,10090,Extracellular space,Extracellular space/secreted,Swiss-Prot,0
Q2KIG3,True,,9913,Extracellular space,Extracellular space/secreted,Swiss-Prot,0
P19223,True,,10116,Extracellular space,Extracellular space/secreted,Swiss-Prot,0
P09955,True,,9823,Extracellular space,Extracellular space/secreted,Swiss-Prot,0
P55261,True,,9615,Extracellular space,Extracellular space/secreted,Swiss-Prot,0
P00732,True,,9913,Extracellular space,Extracellular space/secreted,Swiss-Prot,0
Q9I8D8,True,,9031,Extracellular space,Extracellular space/secreted,Swiss-Prot,0
Q7TPC1,True,,10090,Extracellular region,Extracellular space/secreted,Swiss-Prot,0
O19084,True,,9823,Extracellular region,Extracellular space/secreted,Swiss-Prot,0
P21842,True,,9615,Extracellular space,Extracellular space/secreted,Swiss-Prot,0
Q8BLX7,True,Collagens|Core matrisome,10090,Extracellular space,Extracellular matrix|Extracellular space/secreted,Swiss-Prot,0
P12247,True,,9986,Extracellular space,Extracellular space/secreted,Swiss-Prot,0
P01025,True,,9823,Extracellular space,Extracellular space/secreted,Swiss-Prot,0
Q2UVX4,True,,9913,Extracellular space,Extracellular space/secreted,Swiss-Prot,0
P12105,True,Collagens|Core matrisome,9031,Extracellular region|Extracellular space,Extracellular matrix|Extracellular space/secreted,Swiss-Prot,0
P04258,True,Collagens|Core matrisome,9913,Extracellular region,Extracellular matrix|Extracellular space/secreted,Swiss-Prot,0
P20294,True,,10116,Extracellular space,,Swiss-Prot,0
O02732,True,,9823,Extracellular space,,Swiss-Prot,0
P51642,True,Secreted Factors|Matrisome-associated,10090,Extracellular space,,Swiss-Prot,0
Q02011,True,Secreted Factors|Matrisome-associated,9031,Extracellular space,,Swiss-Prot,0
Q6Q473,True,,10090,Extracellular region,Extracellular space/secreted,Swiss-Prot,0
P05208,True,ECM Regulators|Matrisome-associated,10090,Extracellular region|Extracellular space,Extracellular space/secreted,Swiss-Prot,0
D3Z7H8,True,ECM Glycoproteins|Core matrisome,10090,Extracellular space,Extracellular matrix|Extracellular space/secreted,Swiss-Prot,0
O19112,True,,9823,Extracellular space,Extracellular matrix|Extracellular space/secreted,Swiss-Prot,0
Q66K08,True,ECM Glycoproteins|Core matrisome,10090,Extracellular space,Extracellular matrix|Extracellular space/secreted,Swiss-Prot,0
O70210,True,,10116,Extracellular matrix|Extracellular space,Extracellular matrix|Extracellular space/secreted,Swiss-Prot,0
Q556R7,True,,44689,Extracellular region,Extracellular space/secreted,Swiss-Prot,0
Q86HE5,True,,44689,Extracellular region,Extracellular space/secreted,Swiss-Prot,0
Q8BM15,True,,10090,Extracellular matrix|Extracellular region,Extracellular matrix|Extracellular space/secreted,Swiss-Prot,0
Q9CQ52,True,ECM Regulators|Matrisome-associated,10090,Extracellular space,,Swiss-Prot,0
P00774,True,,10116,Extracellular region|Extracellular space,Extracellular space/secreted,Swiss-Prot,0
P08419,True,,9823,Extracellular region|Extracellular space,Extracellular space/secreted,Swiss-Prot,0
Q6DYE8,True,,10090,Extracellular region,Extracellular space/secreted,Swiss-Prot,0
B6CVD7,True,,9823,Extracellular space,Extracellular space/secreted,Swiss-Prot,0
Q9QZE3,True,,10116,Extracellular space,,Swiss-Prot,0
D2XPP7,True,,9823,Extracellular space,Extracellular space/secreted,Swiss-Prot,0
C1ITJ8,True,,9913,Extracellular space,,Swiss-Prot,0
P18437,True,,10116,Extracellular space,,Swiss-Prot,0
P09602,True,,10090,Extracellular space,,Swiss-Prot,0
Q9D2G9,True,,10090,Extracellular region,Extracellular space/secreted,Swiss-Prot,0
Q14DK5,True,,10090,Extracellular region,Extracellular space/secreted,Swiss-Prot,0
Q6L711,True,,10116,Extracellular space,Extracellular space/secreted,Swiss-Prot,0
Q8K0D2,True,ECM Regulators|Matrisome-associated,10090,Extracellular space,Extracellular space/secreted,Swiss-Prot,0
P28568,True,,9031,Extracellular space,,Swiss-Prot,0
P18291,True,,10116,Extracellular space,Extracellular space/secreted,Swiss-Prot,0
P04187,True,,10090,Extracellular space,Extracellular space/secreted,Swiss-Prot,0
P11032,True,,10090,Extracellular space,Extracellular space/secreted,Swiss-Prot,0
Q7YRZ7,True,,9913,Extracellular region,Extracellular space/secreted,Swiss-Prot,0
P68259,True,,9031,Extracellular space,Extracellular space/secreted,Swiss-Prot,0
P29794,True,,9615,Extracellular space,Extracellular space/secreted,Swiss-Prot,0
P01272,True,,9913,Extracellular space,Extracellular space/secreted,Swiss-Prot,0
Q9DG58,True,,9031,Extracellular space,Extracellular space/secreted,Swiss-Prot,0
P46158,True,,9031,Extracellular space,Extracellular space/secreted,Swiss-Prot,0
P46156,True,,9031,Extracellular space,Extracellular space/secreted,Swiss-Prot,0
P46157,True,,9031,Extracellular space,Extracellular space/secreted,Swiss-Prot,0
Q0E4V3,True,,9031,Extracellular space,Extracellular space/secreted,Swiss-Prot,0
Q6IV18,True,,9031,Extracellular space,Extracellular space/secreted,Swiss-Prot,0
Q6QLQ7,True,,9031,Extracellular region,Extracellular space/secreted,Swiss-Prot,0
Q6IV20,True,,9031,Extracellular space,Extracellular space/secreted,Swiss-Prot,0
Q8HWB0,True,,10090,Extracellular space,,Swiss-Prot,0
O19477,True,,10116,Extracellular space,,Swiss-Prot,0
Q28640,True,,9986,Extracellular region,Extracellular space/secreted,Swiss-Prot,0
A0A0C4DH39,True,,9606,Extracellular region,Extracellular space/secreted,Swiss-Prot,0
P42165,True,,9031,Extracellular space,Extracellular space/secreted,Swiss-Prot,0
P81255,True,,9615,Extracellular space,Extracellular space/secreted,Swiss-Prot,0
P07348,True,,9913,Extracellular space,Extracellular space/secreted,Swiss-Prot,0
Q28605,True,,9940,Extracellular region,Extracellular space/secreted,Swiss-Prot,0
P12969,True,,10116,Extracellular space,Extracellular space/secreted,Swiss-Prot,0
Q07334,True,,9986,Extracellular region,Extracellular space/secreted,Swiss-Prot,0
P01814,True,,9606,Extracellular region,Extracellular space/secreted,Swiss-Prot,0
A0A0B4J1V2,True,,9606,Extracellular region,Extracellular space/secreted,Swiss-Prot,0
P01817,True,,9606,Extracellular region,Extracellular space/secreted,Swiss-Prot,0
P01742,True,,9606,Extracellular region,Extracellular space/secreted,Swiss-Prot,0
A0A0A0MS14,True,,9606,Extracellular region,Extracellular space/secreted,Swiss-Prot,0
Q8I0H7,True,,44689,Extracellular matrix,,Swiss-Prot,0
A0A0C4DH33,True,,9606,Extracellular region,Extracellular space/secreted,Swiss-Prot,0
A0A0C4DH31,True,,9606,Extracellular region,Extracellular space/secreted,Swiss-Prot,0
P0DP01,True,,9606,Extracellular region,Extracellular space/secreted,Swiss-Prot,0
A0A0C4DH29,True,,9606,Extracellular region,Extracellular space/secreted,Swiss-Prot,0
P23083,True,,9606,Extracellular region,Extracellular space/secreted,Swiss-Prot,0
D3ZKF5,True,,10116,Extracellular region,Extracellular space/secreted,Swiss-Prot,0
A2RT60,True,ECM Regulators|Matrisome-associated,10090,Extracellular region,Extracellular space/secreted,Swiss-Prot,0
E1BJW1,True,ECM Regulators|Matrisome-associated,9913,Extracellular region,Extracellular space/secreted,Swiss-Prot,0
D3ZA76,True,,10116,Extracellular region,Extracellular space/secreted,Swiss-Prot,0
C6KGD8,True,,9913,Extracellular region,Extracellular space/secreted,Swiss-Prot,0
Q6QLQ9,True,,9031,Extracellular space,Extracellular space/secreted,Swiss-Prot,0
Q9D0T7,True,,10090,Extracellular space,Extracellular space/secreted,Swiss-Prot,0
Q6AW46,True,,10090,Extracellular region,Extracellular space/secreted,Swiss-Prot,0
P0CG01,True,,9606,Extracellular space,Extracellular space/secreted,Swiss-Prot,0
P48804,True,Secreted Factors|Matrisome-associated,9031,Extracellular space,Extracellular space/secreted,Swiss-Prot,0
P48803,True,Secreted Factors|Matrisome-associated,9913,Extracellular space,Extracellular space/secreted,Swiss-Prot,0
P05524,True,Secreted Factors|Matrisome-associated,10090,Extracellular space,,Swiss-Prot,0
P48802,True,,7955,Extracellular matrix|Extracellular space,Extracellular space/secreted,Swiss-Prot,0
P48801,True,Secreted Factors|Matrisome-associated,9031,Extracellular space,Extracellular space/secreted,Swiss-Prot,0
Q58D62,True,ECM Regulators|Matrisome-associated,9913,Extracellular region|Extracellular space,Extracellular space/secreted,Swiss-Prot,0
P29701,True,,9940,Extracellular space,Extracellular space/secreted,Swiss-Prot,0
P80191,True,,9986,Extracellular space,Extracellular space/secreted,Swiss-Prot,0
P29700,True,,9823,Extracellular matrix|Extracellular region|Extracellular space,Extracellular space/secreted,Swiss-Prot,0
P97805,True,,10090,Extracellular space,Extracellular space/secreted,Swiss-Prot,0
Q810F4,True,,10116,Extracellular space,Extracellular space/secreted,Swiss-Prot,0
P07483,True,,10116,Extracellular space,,Swiss-Prot,0
P16291,True,,9940,Extracellular space,Extracellular space/secreted,Swiss-Prot,0
P16296,True,,10116,Extracellular space,Extracellular space/secreted,Swiss-Prot,0
P16292,True,,9986,Extracellular space,Extracellular space/secreted,Swiss-Prot,0
P16293,True,,9823,Extracellular space,Extracellular space/secreted,Swiss-Prot,0
D3YUE4,True,,10090,Extracellular space,,Swiss-Prot,0
Q642A7,True,,10116,Extracellular space,,Swiss-Prot,0
Q8QZW3,True,,10090,Extracellular space,,Swiss-Prot,0
A5PN38,True,,7955,Extracellular space,,Swiss-Prot,0
O08619,True,,10116,Extracellular region,Extracellular space/secreted,Swiss-Prot,0
Q3T930,True,,9940,Extracellular region,Extracellular space/secreted,Swiss-Prot,0
Q5GRG2,True,,10116,Extracellular region,Extracellular space/secreted,Swiss-Prot,0
P11403,True,Secreted Factors|Matrisome-associated,10090,Extracellular space,Extracellular space/secreted,Swiss-Prot,0
A0MTF4,True,Secreted Factors|Matrisome-associated,9913,Extracellular space,Extracellular space/secreted,Swiss-Prot,0
Q20FD0,True,,9615,Extracellular space,Extracellular space/secreted,Swiss-Prot,0
Q10473,True,,10116,Extracellular region,Extracellular space/secreted,Swiss-Prot,0
Q29TV8,True,,10116,Extracellular space,Extracellular space/secreted,Swiss-Prot,0
Q9CQS6,True,,10090,Extracellular space,Extracellular space/secreted,Swiss-Prot,0
Q8HYA9,True,,9823,Extracellular region|Extracellular space,Extracellular space/secreted,Swiss-Prot,0
Q9CR36,True,,10090,Extracellular region|Extracellular space,Extracellular space/secreted,Swiss-Prot,0
Q28575,True,,9940,Extracellular region,Extracellular space/secreted,Swiss-Prot,0
P19941,True,,9986,Extracellular space,Extracellular space/secreted,Swiss-Prot,0
P19756,True,,9823,Extracellular region,Extracellular space/secreted,Swiss-Prot,0
P33581,True,,10116,Extracellular region,Extracellular space/secreted,Swiss-Prot,0
Q54DE3,True,,44689,Extracellular region,Extracellular space/secreted,Swiss-Prot,0
Q6PB93,True,,10090,Extracellular region,Extracellular space/secreted,Swiss-Prot,0
Q29121,True,,9823,Extracellular region,Extracellular space/secreted,Swiss-Prot,0
P15656,True,Secreted Factors|Matrisome-associated,10090,Extracellular space,Extracellular space/secreted,Swiss-Prot,0
O08912,True,,10090,Extracellular region,Extracellular space/secreted,Swiss-Prot,0
Q07537,True,,9913,Extracellular region,Extracellular space/secreted,Swiss-Prot,0
Q3ZBD7,True,,9913,Extracellular space,Extracellular space/secreted,Swiss-Prot,0
Q8CG64,True,,10090,Extracellular space,Extracellular space/secreted,Swiss-Prot,0
A1IGX5,True,,7955,Extracellular region,Extracellular space/secreted,Swiss-Prot,0
Q5E9H1,True,,9913,Extracellular region,Extracellular space/secreted,Swiss-Prot,0
P12799,True,ECM Glycoproteins|Core matrisome,9913,Extracellular space,Extracellular space/secreted,Swiss-Prot,0
P79150,True,,9615,Extracellular space,Extracellular space/secreted,Swiss-Prot,0
P21658,True,Secreted Factors|Matrisome-associated,10090,Extracellular space,Extracellular space/secreted,Swiss-Prot,0
P48807,True,,10116,Extracellular space,Extracellular space/secreted,Swiss-Prot,0
Q9JIA9,True,ECM Regulators|Matrisome-associated,10090,Extracellular space,,Swiss-Prot,0
Q8BM88,True,ECM Regulators|Matrisome-associated,10090,Extracellular space,,Swiss-Prot,0
P04416,True,,9823,Extracellular region,Extracellular space/secreted,Swiss-Prot,0
P48160,True,,44689,Extracellular matrix,,Swiss-Prot,0
Q642G2,True,,10116,Extracellular space,Extracellular space/secreted,Swiss-Prot,0
Q9CQN4,True,,10090,Extracellular space,Extracellular space/secreted,Swiss-Prot,0
Q6VYA3,True,,9031,Extracellular space,Extracellular space/secreted,Swiss-Prot,0
Q9CXL7,True,,10090,Extracellular region,Extracellular matrix|Extracellular space/secreted,Swiss-Prot,0
P49670,True,,9615,Extracellular space,Extracellular space/secreted,Swiss-Prot,0
P26917,True,,9913,Extracellular space,Extracellular space/secreted,Swiss-Prot,0
Q07977,True,,10116,Extracellular region,,Swiss-Prot,0
Q9DEQ4,True,Secreted Factors|Matrisome-associated,9031,Extracellular space,Extracellular space/secreted,Swiss-Prot,0
O19116,True,Secreted Factors|Matrisome-associated,9913,Extracellular space,Extracellular space/secreted,Swiss-Prot,0
O42236,True,ECM-affiliated Proteins|Matrisome-associated,9031,Extracellular space,Extracellular space/secreted,Swiss-Prot,0
A7MB70,True,ECM-affiliated Proteins|Matrisome-associated,9913,Extracellular space,Extracellular space/secreted,Swiss-Prot,0
Q62177,True,ECM-affiliated Proteins|Matrisome-associated,10090,Extracellular region,Extracellular space/secreted,Swiss-Prot,0
Q90607,True,ECM-affiliated Proteins|Matrisome-associated,9031,Extracellular region|Extracellular space,Extracellular space/secreted,Swiss-Prot,0
P31299,True,,9940,Extracellular space,Extracellular space/secreted,Swiss-Prot,0
P11384,True,,10116,Extracellular space,Extracellular space/secreted,Swiss-Prot,0
P32647,True,,9986,Extracellular space,Extracellular space/secreted,Swiss-Prot,0
P63298,True,,9823,Extracellular space,Extracellular space/secreted,Swiss-Prot,0
Q08535,True,,10090,Extracellular space,Extracellular space/secreted,Swiss-Prot,0
P01280,True,,9031,Extracellular space,Extracellular space/secreted,Swiss-Prot,0
Q5G872,True,,7955,Extracellular region|Extracellular space,Extracellular space/secreted,Swiss-Prot,0
Q54DY7,True,,44689,Extracellular region,Extracellular space/secreted,Swiss-Prot,0
P27685,True,,44689,Extracellular matrix,,Swiss-Prot,0
O55006,True,,10116,Extracellular region,Extracellular space/secreted,Swiss-Prot,0
A5PJK0,True,ECM Regulators|Matrisome-associated,9913,Extracellular space,,Swiss-Prot,0
O73790,True,,9031,Extracellular space,,Swiss-Prot,0
Q8K1K6,True,ECM Regulators|Matrisome-associated,10090,Extracellular space,,Swiss-Prot,0
Q8R1R3,True,,10090,Extracellular region,,Swiss-Prot,0
Q29183,True,,9823,Extracellular space,Extracellular matrix|Extracellular space/secreted,Swiss-Prot,0
Q62395,True,,10090,Extracellular region|Extracellular space,Extracellular matrix|Extracellular space/secreted,Swiss-Prot,0
Q863B4,True,,9615,Extracellular space,Extracellular matrix|Extracellular space/secreted,Swiss-Prot,0
A8YXX7,True,,9913,Extracellular space,Extracellular matrix|Extracellular space/secreted,Swiss-Prot,0
Q09030,True,,10116,Extracellular space,Extracellular space/secreted,Swiss-Prot,0
P01359,True,,9823,Extracellular space,Extracellular space/secreted,Swiss-Prot,0
Q8CFG0,True,ECM Regulators|Matrisome-associated,10090,Extracellular region|Extracellular space,Extracellular space/secreted,Swiss-Prot,0
Q8VI60,True,,10116,Extracellular space,Extracellular space/secreted,Swiss-Prot,0
Q8K007,True,ECM Regulators|Matrisome-associated,10090,Extracellular space,Extracellular space/secreted,Swiss-Prot,0
A6NGW2,True,,9606,Extracellular region,Extracellular space/secreted,Swiss-Prot,0
Q8BV57,True,,10090,Extracellular matrix|Extracellular region|Extracellular space,Extracellular space/secreted,Swiss-Prot,0
Q8K3K4,True,,10116,Extracellular space,,Swiss-Prot,0
Q62740,True,,10116,Extracellular region,Extracellular space/secreted,Swiss-Prot,0
Q711S8,True,,9823,Extracellular region,Extracellular space/secreted,Swiss-Prot,0
Q8K1I3,True,,10090,Extracellular region,Extracellular space/secreted,Swiss-Prot,0
Q710A0,True,,9031,Extracellular region,Extracellular space/secreted,Swiss-Prot,0
Q27967,True,,9913,Extracellular region,Extracellular space/secreted,Swiss-Prot,0
Q9D263,True,,10090,Extracellular region,Extracellular space/secreted,Swiss-Prot,0
P49223,True,,9606,Extracellular region,Extracellular space/secreted,Swiss-Prot,0
Q9R097,True,,10090,Extracellular region,Extracellular space/secreted,Swiss-Prot,0
P15520,True,,44689,Extracellular region,Extracellular space/secreted,Swiss-Prot,0
P15519,True,,44689,Extracellular region,Extracellular space/secreted,Swiss-Prot,0
P60154,True,,10090,Extracellular region,Extracellular space/secreted,Swiss-Prot,0
Q54G86,True,,44689,Extracellular matrix,,Swiss-Prot,0
P09858,True,,9823,Extracellular matrix|Extracellular region|Extracellular space,Extracellular matrix|Extracellular space/secreted,Swiss-Prot,0
Q8BFS3,True,,10116,Extracellular region,Extracellular space/secreted,Swiss-Prot,0
P09487,True,,9913,Extracellular matrix,,Swiss-Prot,0
P18889,True,,10116,Extracellular region,Extracellular space/secreted,Swiss-Prot,0
Q90952,True,,9031,Extracellular region,,Swiss-Prot,0
P54832,True,,9615,Extracellular region,,Swiss-Prot,0
Q58DS7,True,,9913,Extracellular region,,Swiss-Prot,0
Q62923,True,,10116,Extracellular region,Extracellular space/secreted,Swiss-Prot,0
P55065,True,,10090,Extracellular region|Extracellular space,Extracellular space/secreted,Swiss-Prot,0
A0A3B3IS91,True,,9606,Extracellular space,Extracellular space/secreted,Swiss-Prot,0
Q63434,True,,10116,Extracellular space,Extracellular space/secreted,Swiss-Prot,0
P83106,True,,9823,Extracellular region,Extracellular space/secreted,Swiss-Prot,0
Q5SW46,True,,10090,Extracellular space,Extracellular space/secreted,Swiss-Prot,0
P80025,True,,9913,Extracellular space,Extracellular space/secreted,Swiss-Prot,0
Q10735,True,,9823,Extracellular region,Extracellular space/secreted,Swiss-Prot,0
Q95121,True,ECM Regulators|Matrisome-associated,9913,Extracellular region|Extracellular space,Extracellular space/secreted,Swiss-Prot,0
Q54EN4,True,,44689,Extracellular matrix,,Swiss-Prot,0
P12019,True,,44689,Extracellular region,Extracellular space/secreted,Swiss-Prot,0
Q28755,True,,9940,Extracellular region,Extracellular space/secreted,Swiss-Prot,0
Q29078,True,,9823,Extracellular region,Extracellular space/secreted,Swiss-Prot,0
Q29432,True,,9913,Extracellular region,Extracellular space/secreted,Swiss-Prot,0
Q675A5,True,,10116,Extracellular space,Extracellular space/secreted,Swiss-Prot,0
Q6XPZ3,True,,9615,Extracellular space,Extracellular space/secreted,Swiss-Prot,0
Q8WMP9,True,,9913,Extracellular space,Extracellular space/secreted,Swiss-Prot,0
Q90678,True,,9031,Extracellular region,Extracellular space/secreted,Swiss-Prot,0
P09586,True,Secreted Factors|Matrisome-associated,10090,Extracellular space,Extracellular space/secreted,Swiss-Prot,0
P09321,True,,10116,Extracellular region|Extracellular space,Extracellular space/secreted,Swiss-Prot,0
Q9QUN5,True,Secreted Factors|Matrisome-associated,10090,Extracellular space,Extracellular space/secreted,Swiss-Prot,0
Q54DV5,True,,44689,Extracellular matrix|Extracellular region,,Swiss-Prot,0
Q8HY17,True,,9823,Extracellular region,Extracellular space/secreted,Swiss-Prot,0
Q8CHK2,True,,10090,Extracellular region,Extracellular space/secreted,Swiss-Prot,0
P01347,True,,10116,Extracellular region,Extracellular space/secreted,Swiss-Prot,0
P47932,True,,10090,Extracellular region,Extracellular space/secreted,Swiss-Prot,0
Q9JJ74,True,,10116,Extracellular space,,Swiss-Prot,0
Q9WTJ5,True,,10090,Extracellular space,,Swiss-Prot,0
O35074,True,,10090,Extracellular space,,Swiss-Prot,0
Q29626,True,,9913,Extracellular space,,Swiss-Prot,0
Q54P69,True,,44689,Extracellular matrix|Extracellular region,,Swiss-Prot,0
Q86HT1,True,,44689,Extracellular region,,Swiss-Prot,0
Q54G85,True,,44689,Extracellular region,,Swiss-Prot,0
Q9QUL0,True,,10116,Extracellular space,Extracellular space/secreted,Swiss-Prot,0
Q54I92,True,,44689,Extracellular region,,Swiss-Prot,0
Q94494,True,,44689,Extracellular region,,Swiss-Prot,0
Q557E9,True,,44689,Extracellular region,,Swiss-Prot,0
Q7YSJ4,True,,44689,Extracellular region,Extracellular space/secreted,Swiss-Prot,0
Q1LZE9,True,,9913,Extracellular region,Extracellular space/secreted,Swiss-Prot,0
P09320,True,,10116,Extracellular space,Extracellular space/secreted,Swiss-Prot,0
O35256,True,Secreted Factors|Matrisome-associated,10090,Extracellular space,Extracellular space/secreted,Swiss-Prot,0
P34207,True,,10116,Extracellular space,Extracellular space/secreted,Swiss-Prot,0
P21702,True,,10116,Extracellular space,Extracellular space/secreted,Swiss-Prot,0
P18121,True,Secreted Factors|Matrisome-associated,10090,Extracellular space,Extracellular space/secreted,Swiss-Prot,0
Q03191,True,,10116,Extracellular region|Extracellular space,Extracellular matrix|Extracellular space/secreted,Swiss-Prot,0
Q07257,True,,10116,Basement membrane|Extracellular matrix|Extracellular region|Extracellular space,Extracellular matrix|Extracellular space/secreted,Swiss-Prot,0
P49192,True,,10116,Extracellular space,Extracellular space/secreted,Swiss-Prot,0
Q553U5,True,,44689,Extracellular space,Extracellular space/secreted,Swiss-Prot,0
Q32KJ9,True,,10116,Extracellular space,,Swiss-Prot,0
Q3TYD4,True,,10090,Extracellular space,,Swiss-Prot,0
P24338,True,,10116,Extracellular space,,Swiss-Prot,0
P31955,True,Secreted Factors|Matrisome-associated,10090,Extracellular space,,Swiss-Prot,0
P24020,True,,9823,Extracellular region,Extracellular space/secreted,Swiss-Prot,0
P26322,True,,9823,Extracellular region,Extracellular space/secreted,Swiss-Prot,0
P17690,True,,9913,Extracellular region,Extracellular space/secreted,Swiss-Prot,0
Q5M889,True,,10116,Extracellular space,Extracellular space/secreted,Swiss-Prot,0
Q91V80,True,,10090,Extracellular space,Extracellular space/secreted,Swiss-Prot,0
Q7M2U8,True,,9940,Extracellular matrix|Extracellular space,Extracellular matrix|Extracellular space/secreted,Swiss-Prot,0
P34928,True,,10090,Extracellular region,Extracellular space/secreted,Swiss-Prot,0
P17785,True,ECM-affiliated Proteins|Matrisome-associated,9031,Basement membrane|Extracellular space,Basement membrane|Extracellular matrix|Extracellular space/secreted,Swiss-Prot,0
P51662,True,,9986,Extracellular space,Extracellular space/secreted,Swiss-Prot,0
P19619,True,,9823,Extracellular space,Extracellular space/secreted,Swiss-Prot,0
Q92108,True,ECM-affiliated Proteins|Matrisome-associated,9031,Extracellular space,Extracellular space/secreted,Swiss-Prot,0
P14087,True,,10144,Extracellular space,Extracellular space/secreted,Swiss-Prot,0
P00688,True,,10090,Extracellular space,Extracellular space/secreted,Swiss-Prot,0
P21300,True,,10090,Extracellular region,,Swiss-Prot,0
P14639,True,,9940,Extracellular space,Extracellular space/secreted,Swiss-Prot,0
P49065,True,,9986,Extracellular space,Extracellular space/secreted,Swiss-Prot,0
P08835,True,,9823,Extracellular space,Extracellular space/secreted,Swiss-Prot,0
Q8R2Z0,True,,10090,Extracellular region|Extracellular space,Extracellular space/secreted,Swiss-Prot,0
Q920P6,True,,10116,Extracellular space,,Swiss-Prot,0
Q32KH7,True,,9615,Extracellular region,Extracellular space/secreted,Swiss-Prot,0
Q32KI9,True,,10090,Extracellular region,Extracellular space/secreted,Swiss-Prot,0
Q32KJ8,True,,10116,Extracellular region,Extracellular space/secreted,Swiss-Prot,0
P10286,True,,9031,Extracellular space,Extracellular space/secreted,Swiss-Prot,0
Q9BDP9,True,,9823,Extracellular space,Extracellular space/secreted,Swiss-Prot,0
P56388,True,,10090,Extracellular space,Extracellular space/secreted,Swiss-Prot,0
Q68RJ9,True,,9913,Extracellular space,Extracellular space/secreted,Swiss-Prot,0
P15253,True,,9986,Extracellular region,Extracellular matrix|Extracellular space/secreted,Swiss-Prot,0
P28491,True,,9823,Extracellular space,Extracellular matrix|Extracellular space/secreted,Swiss-Prot,0
P10093,True,,10116,Extracellular space,Extracellular space/secreted,Swiss-Prot,0
Q99MP3,True,,10090,Extracellular space,Extracellular space/secreted,Swiss-Prot,0
P30881,True,,9940,Extracellular region,Extracellular space/secreted,Swiss-Prot,0
P01256,True,,10116,Extracellular region|Extracellular space,Extracellular space/secreted,Swiss-Prot,0
P30880,True,,9823,Extracellular region,Extracellular space/secreted,Swiss-Prot,0
Q9MYV1,True,,9615,Extracellular space,Extracellular space/secreted,Swiss-Prot,0
Q8BM89,True,,10090,Extracellular region,Extracellular space/secreted,Swiss-Prot,0
Q99N23,True,,10090,Extracellular region,Extracellular space/secreted,Swiss-Prot,0
Q95203,True,,9940,Extracellular region,Extracellular space/secreted,Swiss-Prot,0
Q8R2K8,True,,10090,Extracellular region,Extracellular space/secreted,Swiss-Prot,0
Q148C7,True,,9913,Extracellular region,Extracellular space/secreted,Swiss-Prot,0
Q9R229,True,Secreted Factors|Matrisome-associated,10090,Extracellular space,Extracellular space/secreted,Swiss-Prot,0
A5D9M6,True,,9823,Extracellular region,Extracellular space/secreted,Swiss-Prot,0
A3KPW9,True,,7955,Extracellular region,Extracellular space/secreted,Swiss-Prot,0
Q641Z7,True,,10116,Extracellular region|Extracellular space,Extracellular space/secreted,Swiss-Prot,0
P70158,True,,10090,Extracellular region|Extracellular space,Extracellular space/secreted,Swiss-Prot,0
Q3ZC91,True,,9913,Extracellular region|Extracellular space,Extracellular space/secreted,Swiss-Prot,0
P58780,True,,9823,Extracellular space,Extracellular space/secreted,Swiss-Prot,0
P58781,True,,7955,Extracellular space,Extracellular space/secreted,Swiss-Prot,0
P16047,True,Secreted Factors|Matrisome-associated,9031,Extracellular matrix|Extracellular space,Extracellular matrix|Extracellular space/secreted,Swiss-Prot,0
P22283,True,,10116,Extracellular space,,Swiss-Prot,0
P48143,True,,9031,Extracellular region,Extracellular space/secreted,Swiss-Prot,0
P63289,True,,9615,Extracellular region,Extracellular space/secreted,Swiss-Prot,0
P81401,True,,9913,Extracellular region,Extracellular space/secreted,Swiss-Prot,0
Q9CZT5,True,,10090,Extracellular matrix|Extracellular space,,Swiss-Prot,0
P62326,True,,9913,Extracellular space,,Swiss-Prot,0
Q55CT0,True,,44689,Extracellular region,Extracellular space/secreted,Swiss-Prot,0
P49745,True,,10116,Extracellular region|Extracellular space,Extracellular space/secreted,Swiss-Prot,0
P42706,True,,9823,Extracellular region|Extracellular space,Extracellular space/secreted,Swiss-Prot,0
Q6IE14,True,,10116,Extracellular region,,Swiss-Prot,0
P30121,True,,10116,Basement membrane|Extracellular matrix|Extracellular space,Extracellular space/secreted,Swiss-Prot,0
Q9TRZ7,True,,9986,Extracellular region,Extracellular space/secreted,Swiss-Prot,0
P25785,True,ECM Regulators|Matrisome-associated,10090,Basement membrane|Extracellular matrix|Extracellular space,Extracellular space/secreted,Swiss-Prot,0
O42146,True,ECM Regulators|Matrisome-associated,9031,Extracellular matrix|Extracellular space,Extracellular space/secreted,Swiss-Prot,0
Q9TTY1,True,,9615,Extracellular matrix|Extracellular space,Extracellular space/secreted,Swiss-Prot,0
P50122,True,,9940,Basement membrane|Extracellular space,Extracellular space/secreted,Swiss-Prot,0
P30120,True,,10116,Basement membrane|Extracellular matrix|Extracellular space,Extracellular space/secreted,Swiss-Prot,0
P20614,True,,9986,Extracellular space,Extracellular space/secreted,Swiss-Prot,0
P35624,True,,9823,Extracellular matrix|Extracellular space,Extracellular space/secreted,Swiss-Prot,0
P12032,True,ECM Regulators|Matrisome-associated,10090,Basement membrane|Extracellular matrix|Extracellular space,Extracellular space/secreted,Swiss-Prot,0
P29447,True,,44689,Extracellular matrix,,Swiss-Prot,0
Q07258,True,,10116,Extracellular matrix|Extracellular space,Extracellular matrix|Extracellular space/secreted,Swiss-Prot,0
P15203,True,,9823,Extracellular matrix|Extracellular space,Extracellular matrix|Extracellular space/secreted,Swiss-Prot,0
P17125,True,Secreted Factors|Matrisome-associated,10090,Extracellular matrix|Extracellular space,Extracellular matrix|Extracellular space/secreted,Swiss-Prot,0
P32648,True,,10090,Extracellular region,Extracellular space/secreted,Swiss-Prot,0
Q62471,True,,10090,Extracellular space,Extracellular space/secreted,Swiss-Prot,0
A9Z1V5,True,ECM Glycoproteins|Core matrisome,10090,Extracellular region,Extracellular space/secreted,Swiss-Prot,0
Q14AE4,True,,10090,Extracellular space,Extracellular space/secreted,Swiss-Prot,0
P22282,True,,10116,Extracellular region|Extracellular space,,Swiss-Prot,0
Q71RG6,True,,9606,Extracellular region,Extracellular space/secreted,Swiss-Prot,0
Q54HI1,True,,44689,Extracellular region,Extracellular space/secreted,Swiss-Prot,0
Q54HW8,True,,44689,Extracellular region,Extracellular space/secreted,Swiss-Prot,0
Q75JC9,True,,44689,Extracellular region,Extracellular space/secreted,Swiss-Prot,0
Q54IW5,True,,44689,Extracellular region,Extracellular space/secreted,Swiss-Prot,0
Q54IC5,True,,44689,Extracellular region,Extracellular space/secreted,Swiss-Prot,0
Q54TK1,True,,44689,Extracellular region,Extracellular space/secreted,Swiss-Prot,0
Q557G4,True,,44689,Extracellular region,Extracellular space/secreted,Swiss-Prot,0
Q75JQ0,True,,44689,Extracellular region,Extracellular space/secreted,Swiss-Prot,0
Q8CHN3,True,,10116,Extracellular space,Extracellular space/secreted,Swiss-Prot,0
A6QLN9,True,ECM Glycoproteins|Core matrisome,9913,Basement membrane|Extracellular region,Basement membrane|Extracellular matrix|Extracellular space/secreted,Swiss-Prot,0
Q28631,True,,9986,Extracellular region,Extracellular space/secreted,Swiss-Prot,0
Q8MI69,True,,9823,Extracellular space,Extracellular space/secreted,Swiss-Prot,0
Q9DAU7,True,,10090,Extracellular space,Extracellular space/secreted,Swiss-Prot,0
Q28894,True,,9615,Extracellular space,Extracellular space/secreted,Swiss-Prot,0
O70280,True,,10116,Extracellular space,Extracellular space/secreted,Swiss-Prot,0
Q9ESH5,True,,10090,Extracellular space,Extracellular space/secreted,Swiss-Prot,0
Q8JG33,True,,9031,Extracellular space,Extracellular space/secreted,Swiss-Prot,0
Q70UZ7,True,ECM Glycoproteins|Core matrisome,10090,Basement membrane|Extracellular region|Extracellular space,Extracellular space/secreted,Swiss-Prot,0
Q642A6,True,,10116,Basement membrane|Extracellular matrix|Extracellular region,Basement membrane|Extracellular matrix|Extracellular space/secreted,Swiss-Prot,0
E7FF10,True,,7955,Basement membrane|Extracellular region,Basement membrane|Extracellular matrix|Extracellular space/secreted,Swiss-Prot,0
A2I7N2,True,ECM Regulators|Matrisome-associated,9913,Extracellular space,Extracellular space/secreted,Swiss-Prot,0
A2I7N0,True,,9913,Extracellular space,Extracellular space/secreted,Swiss-Prot,0
O19045,True,,9986,Extracellular region,Extracellular space/secreted,Swiss-Prot,0
Q8K4N2,True,,10090,Extracellular space,Extracellular space/secreted,Swiss-Prot,0
Q9WU66,True,Secreted Factors|Matrisome-associated,10090,Extracellular space,Extracellular space/secreted,Swiss-Prot,0
Q9XSC1,True,Secreted Factors|Matrisome-associated,9913,Extracellular space,Extracellular space/secreted,Swiss-Prot,0
Q9Z1N6,True,Secreted Factors|Matrisome-associated,10090,Extracellular space,Extracellular space/secreted,Swiss-Prot,0
Q9IA95,True,Secreted Factors|Matrisome-associated,9031,Extracellular space,Extracellular space/secreted,Swiss-Prot,0
Q95117,True,Secreted Factors|Matrisome-associated,9913,Extracellular space,Extracellular space/secreted,Swiss-Prot,0
Q9IA96,True,Secreted Factors|Matrisome-associated,9031,Extracellular space,Extracellular space/secreted,Swiss-Prot,0
Q863H1,True,,9615,Extracellular space,Extracellular space/secreted,Swiss-Prot,0
Q8C4U3,True,Secreted Factors|Matrisome-associated,10090,Extracellular space,Extracellular space/secreted,Swiss-Prot,0
Q90665,True,ECM-affiliated Proteins|Matrisome-associated,9031,Extracellular space,,Swiss-Prot,0
Q9DCT5,True,,10090,Extracellular region,Extracellular space/secreted,Swiss-Prot,0
Q54P23,True,,44689,Extracellular region,Extracellular space/secreted,Swiss-Prot,0
Q3SZ45,True,,9913,Extracellular region,Extracellular space/secreted,Swiss-Prot,0
Q54Q06,True,,44689,Extracellular region,Extracellular space/secreted,Swiss-Prot,0
Q6SPE9,True,,9986,Extracellular space,Extracellular space/secreted,Swiss-Prot,0
D3YXK1,True,,10090,Extracellular space,Extracellular space/secreted,Swiss-Prot,0
Q8QZY4,True,,10090,Extracellular region,Extracellular matrix|Extracellular space/secreted,Swiss-Prot,0
Q4TUC0,True,,9615,Extracellular region,Extracellular matrix|Extracellular space/secreted,Swiss-Prot,0
Q54TL8,True,,44689,Extracellular matrix,,Swiss-Prot,0
P00684,True,,10116,Extracellular region,Extracellular space/secreted,Swiss-Prot,0
Q5GAL7,True,,10116,Extracellular region,Extracellular space/secreted,Swiss-Prot,0
Q5GAM7,True,,10090,Extracellular region,Extracellular space/secreted,Swiss-Prot,0
Q5GAL8,True,,10116,Extracellular region,Extracellular space/secreted,Swiss-Prot,0
Q5GAM8,True,,10090,Extracellular region,Extracellular space/secreted,Swiss-Prot,0
Q6PDA7,True,,9606,Extracellular region,Extracellular space/secreted,Swiss-Prot,0
P63292,True,,9913,Extracellular space,Extracellular space/secreted,Swiss-Prot,0
A2I7M9,True,ECM Regulators|Matrisome-associated,9913,Extracellular space,Extracellular space/secreted,Swiss-Prot,0
P16043,True,,10090,Extracellular space,Extracellular space/secreted,Swiss-Prot,0
Q64356,True,,10090,Extracellular space,Extracellular space/secreted,Swiss-Prot,0
P04812,True,,10116,Extracellular space,Extracellular space/secreted,Swiss-Prot,0
P30933,True,,10090,Extracellular space,Extracellular space/secreted,Swiss-Prot,0
P02783,True,,10116,Extracellular space,Extracellular space/secreted,Swiss-Prot,0
P18419,True,,10090,Extracellular space,Extracellular space/secreted,Swiss-Prot,0
F2Z472,True,,10090,Extracellular region|Extracellular space,Extracellular space/secreted,Swiss-Prot,0
P22006,True,,10116,Extracellular space,,Swiss-Prot,0
Q5EA25,True,ECM Glycoproteins|Core matrisome,9913,Extracellular space,Extracellular space/secreted,Swiss-Prot,0
Q8CEK3,True,ECM Regulators|Matrisome-associated,10090,Extracellular space,Extracellular space/secreted,Swiss-Prot,0
Q9JK88,True,ECM Regulators|Matrisome-associated,10090,Extracellular space,Extracellular space/secreted,Swiss-Prot,0
P54643,True,,44689,Extracellular matrix,,Swiss-Prot,0
Q4KL71,True,,10090,Extracellular region,Extracellular space/secreted,Swiss-Prot,0
Q08420,True,,10116,Extracellular space,Extracellular space/secreted,Swiss-Prot,0
P41975,True,,9986,Extracellular region,Extracellular space/secreted,Swiss-Prot,0
Q61900,True,,10090,Extracellular region,Extracellular space/secreted,Swiss-Prot,0
P18897,True,,10116,Extracellular region,Extracellular space/secreted,Swiss-Prot,0
O35961,True,,10090,Extracellular region,Extracellular space/secreted,Swiss-Prot,0
O35979,True,,10090,Extracellular region,Extracellular space/secreted,Swiss-Prot,0
P0DP59,True,,10090,Extracellular space,Extracellular space/secreted,Swiss-Prot,0
Q810C1,True,,10090,Extracellular region,Extracellular space/secreted,Swiss-Prot,0
P07217,True,,9940,Extracellular region,Extracellular space/secreted,Swiss-Prot,0
P09916,True,,10116,Extracellular space,Extracellular space/secreted,Swiss-Prot,0
P01287,True,,9823,Extracellular region,Extracellular space/secreted,Swiss-Prot,0
Q5GAM9,True,,10090,Extracellular region,Extracellular space/secreted,Swiss-Prot,0
Q70IB1,True,,9940,Extracellular region,Extracellular space/secreted,Swiss-Prot,0
Q5GAM0,True,,10116,Extracellular region,Extracellular space/secreted,Swiss-Prot,0
Q8SPJ0,True,,9823,Extracellular region,Extracellular space/secreted,Swiss-Prot,0
Q571E5,True,,10090,Extracellular region,Extracellular space/secreted,Swiss-Prot,0
A0A1B0GVH4,True,,9606,Extracellular region,Extracellular space/secreted,Swiss-Prot,0
Q9JM99,True,Proteoglycans|Core matrisome,10090,Extracellular space,Extracellular space/secreted,Swiss-Prot,0
Q61878,True,Proteoglycans|Core matrisome,10090,Extracellular region,Extracellular space/secreted,Swiss-Prot,0
P45478,True,,9913,Extracellular region,Extracellular space/secreted,Swiss-Prot,0
A6H730,True,,9913,Extracellular space,Extracellular space/secreted,Swiss-Prot,0
Q29244,True,,9823,Extracellular region,Extracellular space/secreted,Swiss-Prot,0
O70570,True,,10090,Extracellular space,Extracellular space/secreted,Swiss-Prot,0
O08699,True,,10116,Extracellular space,,Swiss-Prot,0
Q8VCC1,True,,10090,Extracellular space,,Swiss-Prot,0
P49934,True,,9823,Extracellular space,Extracellular space/secreted,Swiss-Prot,0
P49933,True,,9823,Extracellular space,Extracellular space/secreted,Swiss-Prot,0
P32196,True,,9823,Extracellular space,Extracellular space/secreted,Swiss-Prot,0
P04073,True,,10116,Extracellular space,Extracellular space/secreted,Swiss-Prot,0
Q9GMY2,True,,9986,Extracellular region,Extracellular space/secreted,Swiss-Prot,0
P30879,True,,9823,Extracellular region,Extracellular space/secreted,Swiss-Prot,0
Q9D7R7,True,,10090,Extracellular space,Extracellular space/secreted,Swiss-Prot,0
Q8C7K6,True,,10090,Extracellular region,Extracellular space/secreted,Swiss-Prot,0
O08976,True,,10090,Extracellular region|Extracellular space,Extracellular space/secreted,Swiss-Prot,0
Q8BU25,True,ECM Regulators|Matrisome-associated,10090,Extracellular region,Extracellular space/secreted,Swiss-Prot,0
Q5E9P5,True,ECM Regulators|Matrisome-associated,9913,Extracellular region,Extracellular space/secreted,Swiss-Prot,0
P29524,True,,10116,Extracellular space,Extracellular space/secreted,Swiss-Prot,0
P12388,True,ECM Regulators|Matrisome-associated,10090,Extracellular space,Extracellular space/secreted,Swiss-Prot,0
Q7M756,True,,10090,Extracellular region,Extracellular space/secreted,Swiss-Prot,0
Q6AY28,True,,10116,Extracellular region,Extracellular space/secreted,Swiss-Prot,0
F2YMG0,True,,10090,Extracellular space,,Swiss-Prot,0
O70301,True,,10116,Extracellular space,Extracellular space/secreted,Swiss-Prot,0
P81649,True,,9823,Extracellular space,Extracellular space/secreted,Swiss-Prot,0
Q9D244,True,,10090,Extracellular space,Extracellular space/secreted,Swiss-Prot,0
P08904,True,,9913,Extracellular space,Extracellular space/secreted,Swiss-Prot,0
O55004,True,,10116,Extracellular region|Extracellular space,Extracellular space/secreted,Swiss-Prot,0
P15468,True,,9823,Extracellular space,Extracellular space/secreted,Swiss-Prot,0
Q54Z09,True,,44689,Extracellular matrix,,Swiss-Prot,0
Q9CZQ6,True,,10090,Extracellular space,,Swiss-Prot,0
Q9JI58,True,,10090,Extracellular space,,Swiss-Prot,0
O08604,True,,10090,Extracellular space,,Swiss-Prot,0
Q0VCG9,True,,9913,Extracellular space,Extracellular space/secreted,Swiss-Prot,0
O70300,True,Secreted Factors|Matrisome-associated,10090,Extracellular space,Extracellular space/secreted,Swiss-Prot,0
Q14B24,True,,10090,Extracellular space,Extracellular space/secreted,Swiss-Prot,0
Q55FQ6,True,,44689,Extracellular region,Extracellular space/secreted,Swiss-Prot,0
Q54FD8,True,,44689,Extracellular region,Extracellular space/secreted,Swiss-Prot,0
Q1ZXC5,True,,44689,Extracellular region,Extracellular space/secreted,Swiss-Prot,0
Q55FQ4,True,,44689,Extracellular region,Extracellular space/secreted,Swiss-Prot,0
Q968Z6,True,,44689,Extracellular region,Extracellular space/secreted,Swiss-Prot,0
P12729,True,,44689,Extracellular region,,Swiss-Prot,0
Q6IE06,True,,10116,Extracellular region,Extracellular space/secreted,Swiss-Prot,0
Q8BW11,True,,10090,Extracellular region,Extracellular space/secreted,Swiss-Prot,0
Q32LI2,True,,9913,Extracellular region,Extracellular space/secreted,Swiss-Prot,0
Q6IE59,True,,10116,Extracellular space,Extracellular space/secreted,Swiss-Prot,0
Q5XIM7,True,,10116,Extracellular space,Extracellular space/secreted,Swiss-Prot,0
Q5E984,True,,9913,Extracellular space,,Swiss-Prot,0
P43347,True,,9031,Extracellular space,,Swiss-Prot,0
P24383,True,Secreted Factors|Matrisome-associated,10090,Extracellular matrix|Extracellular space,Extracellular matrix|Extracellular space/secreted,Swiss-Prot,0
Q2KIM1,True,,9913,Extracellular space,Extracellular space/secreted,Swiss-Prot,0
Q9BH11,True,ECM Glycoproteins|Core matrisome,9913,Extracellular region,Extracellular matrix|Extracellular space/secreted,Swiss-Prot,0
P97708,True,,10116,Extracellular matrix|Extracellular space,Extracellular matrix|Extracellular space/secreted,Swiss-Prot,0
P48833,True,,9986,Extracellular space,Extracellular matrix|Extracellular space/secreted,Swiss-Prot,0
P42098,True,,9823,Extracellular matrix|Extracellular space,Extracellular matrix|Extracellular space/secreted,Swiss-Prot,0
P10761,True,ECM Glycoproteins|Core matrisome,10090,Extracellular matrix|Extracellular space,Extracellular matrix|Extracellular space/secreted,Swiss-Prot,0
P48831,True,,9615,Extracellular matrix|Extracellular space,Extracellular matrix|Extracellular space/secreted,Swiss-Prot,0
P48830,True,ECM Glycoproteins|Core matrisome,9913,Extracellular matrix|Extracellular space,Extracellular matrix|Extracellular space/secreted,Swiss-Prot,0
Q7TSY4,True,,10116,Extracellular space,,Swiss-Prot,0
Q60736,True,ECM Glycoproteins|Core matrisome,10090,Extracellular space,,Swiss-Prot,0
O54767,True,,10116,Extracellular region,Extracellular matrix|Extracellular space/secreted,Swiss-Prot,0
P48829,True,,9986,Extracellular region,Extracellular matrix|Extracellular space/secreted,Swiss-Prot,0
P42099,True,,9823,Extracellular region,Extracellular matrix|Extracellular space/secreted,Swiss-Prot,0
Q6YND2,True,,10090,Extracellular region,,Swiss-Prot,0
Q28983,True,,9823,Extracellular matrix|Extracellular space,,Swiss-Prot,0
Q63678,True,,10116,Extracellular space,Extracellular space/secreted,Swiss-Prot,0
Q64726,True,,10090,Extracellular space,Extracellular space/secreted,Swiss-Prot,0
Q3ZCH5,True,,9913,Extracellular space,Extracellular space/secreted,Swiss-Prot,0
Q6UXU0,True,,9606,Extracellular region,Extracellular space/secreted,Swiss-Prot,0
Q9P1C3,True,,9606,Extracellular region,Extracellular space/secreted,Swiss-Prot,0
Q54HD9,True,,44689,Extracellular region,Extracellular space/secreted,Swiss-Prot,0
Q86HP9,True,,44689,Extracellular region,Extracellular space/secreted,Swiss-Prot,0
Q86IE6,True,,44689,Extracellular region,Extracellular space/secreted,Swiss-Prot,0
Q9D1K7,True,,10090,Extracellular space,Extracellular space/secreted,Swiss-Prot,0
Q4KM45,True,,10116,Extracellular space,Extracellular space/secreted,Swiss-Prot,0
Q7TN31,True,,10090,Extracellular region,Extracellular space/secreted,Swiss-Prot,0
Q61839,True,,10090,Extracellular region|Extracellular space,Extracellular space/secreted,Swiss-Prot,0
P41361,True,ECM Regulators|Matrisome-associated,9913,Extracellular space,Extracellular space/secreted,Swiss-Prot,0
Q2KJ51,True,,9913,Extracellular space,Extracellular matrix|Extracellular space/secreted,Swiss-Prot,0
Q9R182,True,Secreted Factors|Matrisome-associated,10090,Extracellular region|Extracellular space,Extracellular space/secreted,Swiss-Prot,0
Q9R045,True,Secreted Factors|Matrisome-associated,10090,Extracellular space,Extracellular space/secreted,Swiss-Prot,0
Q640P2,True,Secreted Factors|Matrisome-associated,10090,Extracellular space,Extracellular space/secreted,Swiss-Prot,0
Q1RMR1,True,Secreted Factors|Matrisome-associated,9913,Extracellular space,Extracellular space/secreted,Swiss-Prot,0
P31347,True,,9986,Basement membrane|Extracellular space,Extracellular space/secreted,Swiss-Prot,0
P56283,True,,9940,Extracellular region,Extracellular space/secreted,Swiss-Prot,0
P55207,True,,10116,Extracellular space,Extracellular space/secreted,Swiss-Prot,0
P18104,True,,9823,Extracellular region,Extracellular space/secreted,Swiss-Prot,0
P21805,True,,9031,Extracellular region,Extracellular space/secreted,Swiss-Prot,0
O97827,True,,9913,Extracellular space,,Swiss-Prot,0
P55206,True,,9913,Extracellular region,Extracellular space/secreted,Swiss-Prot,0
P12761,True,,9986,Extracellular region,Extracellular matrix|Extracellular space/secreted,Swiss-Prot,0
P45561,True,,9823,Extracellular region,Extracellular matrix|Extracellular space/secreted,Swiss-Prot,0
P35859,True,,10116,Extracellular matrix|Extracellular space,Extracellular space/secreted,Swiss-Prot,0
Q8BGT5,True,,10090,Extracellular space,,Swiss-Prot,0
P25409,True,,10116,Extracellular space,,Swiss-Prot,0
Q8QZR5,True,,10090,Extracellular space,,Swiss-Prot,0
Q9TU18,True,,9823,Extracellular space,Extracellular space/secreted,Swiss-Prot,0
P56473,True,,10090,Extracellular region|Extracellular space,Extracellular space/secreted,Swiss-Prot,0
P56413,True,,9913,Extracellular space,Extracellular space/secreted,Swiss-Prot,0
Q54R11,True,,44689,Extracellular region,Extracellular space/secreted,Swiss-Prot,0
Q92048,True,,7955,Extracellular space,Extracellular matrix|Extracellular space/secreted,Swiss-Prot,0
Q80UB0,True,,10090,Extracellular space,Extracellular space/secreted,Swiss-Prot,0
A4D7S0,True,Secreted Factors|Matrisome-associated,9913,Extracellular space,Extracellular matrix|Extracellular space/secreted,Swiss-Prot,0
P09225,True,Secreted Factors|Matrisome-associated,10090,Extracellular space,Extracellular space/secreted,Swiss-Prot,0
Q9DCF1,True,,10090,Extracellular region,Extracellular space/secreted,Swiss-Prot,0
Q7SZ56,True,,7955,Extracellular region,,Swiss-Prot,0
Q9WVM6,True,ECM Regulators|Matrisome-associated,10090,Extracellular space,Extracellular space/secreted,Swiss-Prot,0
O57460,True,,7955,Extracellular region|Extracellular space,,Swiss-Prot,0
Q9DER7,True,ECM Regulators|Matrisome-associated,9031,Extracellular space,Extracellular space/secreted,Swiss-Prot,0
P41539,True,,10090,Extracellular region|Extracellular space,Extracellular space/secreted,Swiss-Prot,0
P01289,True,,9913,Extracellular region|Extracellular space,Extracellular space/secreted,Swiss-Prot,0
Q29428,True,,9940,Extracellular region,Extracellular space/secreted,Swiss-Prot,0
Q28201,True,,9913,Extracellular space,Extracellular space/secreted,Swiss-Prot,0
P0C172,True,,10116,Extracellular region,Extracellular space/secreted,Swiss-Prot,0
Q91W27,True,,10090,Extracellular region,Extracellular space/secreted,Swiss-Prot,0
Q8QGA2,True,,7955,Extracellular region,Extracellular space/secreted,Swiss-Prot,0
P0C171,True,,9913,Extracellular region,Extracellular space/secreted,Swiss-Prot,0
P98135,True,,9940,Extracellular region,Extracellular space/secreted,Swiss-Prot,0
P98138,True,,9986,Extracellular region,Extracellular space/secreted,Swiss-Prot,0
Q06922,True,,9823,Extracellular space,Extracellular space/secreted,Swiss-Prot,0
P42533,True,,10116,Extracellular space,,Swiss-Prot,0
P24055,True,,9986,Extracellular matrix|Extracellular space,,Swiss-Prot,0
P20352,True,,10090,Extracellular space,,Swiss-Prot,0
P30931,True,,9913,Extracellular matrix|Extracellular space,,Swiss-Prot,0
Q9JHJ7,True,,10090,Extracellular space,,Swiss-Prot,0
P15242,True,,10116,Extracellular space,Extracellular space/secreted,Swiss-Prot,0
P26445,True,,9823,Extracellular space,Extracellular space/secreted,Swiss-Prot,0
P10154,True,,9986,Extracellular space,Extracellular space/secreted,Swiss-Prot,0
Q06332,True,,10116,Extracellular space,Extracellular space/secreted,Swiss-Prot,0
P81828,True,,10116,Extracellular region,Extracellular space/secreted,Swiss-Prot,0
O70283,True,Secreted Factors|Matrisome-associated,10090,Extracellular space,Extracellular matrix|Extracellular space/secreted,Swiss-Prot,0
P53789,True,,9986,Extracellular space,Extracellular space/secreted,Swiss-Prot,0
Q3MHN5,True,,9913,Extracellular space,Extracellular space/secreted,Swiss-Prot,0
P41366,True,,9031,Extracellular space,Extracellular space/secreted,Swiss-Prot,0
Q9QZQ4,True,,10116,Extracellular space,Extracellular space/secreted,Swiss-Prot,0
Q95J46,True,,9823,Extracellular space,Extracellular space/secreted,Swiss-Prot,0
Q9QZQ3,True,,10090,Extracellular space,Extracellular space/secreted,Swiss-Prot,0
Q765I2,True,,10116,Extracellular region,Extracellular space/secreted,Swiss-Prot,0
Q765I1,True,,10090,Extracellular region,Extracellular space/secreted,Swiss-Prot,0
Q7ZZY8,True,,7955,Extracellular region,Extracellular space/secreted,Swiss-Prot,0
P81827,True,,10116,Extracellular region,Extracellular space/secreted,Swiss-Prot,0
Q9TSV8,True,,9823,Extracellular space,,Swiss-Prot,0
P12303,True,,9940,Extracellular region,Extracellular space/secreted,Swiss-Prot,0
P07489,True,,9986,Extracellular region,Extracellular space/secreted,Swiss-Prot,0
P50390,True,,9823,Extracellular space,Extracellular space/secreted,Swiss-Prot,0
P19236,True,,9615,Extracellular space,,Swiss-Prot,0
Q9QUL7,True,,10090,Extracellular space,,Swiss-Prot,0
P32822,True,,10116,Extracellular space,Extracellular space/secreted,Swiss-Prot,0
P50343,True,,10116,Extracellular space,Extracellular space/secreted,Swiss-Prot,0
Q9JKE2,True,,10090,Extracellular space,,Swiss-Prot,0
Q9Z2P3,True,,10116,Extracellular space,,Swiss-Prot,0
O02765,True,,9986,Extracellular space,,Swiss-Prot,0
P20961,True,,10116,Extracellular region|Extracellular space,Extracellular space/secreted,Swiss-Prot,0
P79335,True,,9823,Extracellular space,Extracellular space/secreted,Swiss-Prot,0
P13909,True,ECM Regulators|Matrisome-associated,9913,Extracellular space,Extracellular space/secreted,Swiss-Prot,0
O46677,True,,9913,Extracellular space,Extracellular space/secreted,Swiss-Prot,0
P49878,True,Secreted Factors|Matrisome-associated,9913,Extracellular space,Extracellular space/secreted,Swiss-Prot,0
P49877,True,Secreted Factors|Matrisome-associated,9913,Extracellular space,Extracellular space/secreted,Swiss-Prot,0
P49876,True,Secreted Factors|Matrisome-associated,9913,Extracellular space,Extracellular space/secreted,Swiss-Prot,0
Q80SU4,True,Secreted Factors|Matrisome-associated,10090,Extracellular space,Extracellular space/secreted,Swiss-Prot,0
Q9ERM2,True,,10090,Extracellular region,Extracellular space/secreted,Swiss-Prot,0
O70394,True,,10090,Extracellular region,,Swiss-Prot,0
P0DP06,True,,9606,Extracellular region,Extracellular space/secreted,Swiss-Prot,0
P0DP02,True,,9606,Extracellular region,Extracellular space/secreted,Swiss-Prot,0
P0DP03,True,,9606,Extracellular region,Extracellular space/secreted,Swiss-Prot,0
A0A0B4J1V7,True,,9606,Extracellular region,Extracellular space/secreted,Swiss-Prot,0
A0A0J9YVY3,True,,9606,Extracellular region,Extracellular space/secreted,Swiss-Prot,0
A0A0C4DH43,True,,9606,Extracellular region,Extracellular space/secreted,Swiss-Prot,0
A0A0B4J2H0,True,,9606,Extracellular region,Extracellular space/secreted,Swiss-Prot,0
P30947,True,,9986,Extracellular region,Extracellular space/secreted,Swiss-Prot,0
Q04619,True,,9031,Extracellular region,,Swiss-Prot,0
Q76LV1,True,,9913,Extracellular region,Extracellular space/secreted,Swiss-Prot,0
A2AJ76,True,ECM Glycoproteins|Core matrisome,10090,Basement membrane|Extracellular region,Extracellular matrix|Extracellular space/secreted,Swiss-Prot,0
Q8NDA2,True,ECM Glycoproteins|Core matrisome,9606,Extracellular region,Extracellular matrix|Extracellular space/secreted,Swiss-Prot,0
D3YXG0,True,ECM Glycoproteins|Core matrisome,10090,Basement membrane|Extracellular region,Basement membrane|Extracellular matrix|Extracellular space/secreted,Swiss-Prot,0
Q3TYV2,True,,10090,Extracellular region,Extracellular space/secreted,Swiss-Prot,0
P01895,True,,10090,Extracellular space,,Swiss-Prot,0
P03991,True,,10090,Extracellular space,,Swiss-Prot,0
P14432,True,,10090,Extracellular space,,Swiss-Prot,0
P01576,True,,9913,Extracellular space,Extracellular space/secreted,Swiss-Prot,0
P01577,True,Secreted Factors|Matrisome-associated,9913,Extracellular space,Extracellular space/secreted,Swiss-Prot,0
P01578,True,Secreted Factors|Matrisome-associated,9913,Extracellular space,Extracellular space/secreted,Swiss-Prot,0
P46282,True,Secreted Factors|Matrisome-associated,9913,Extracellular space,Extracellular space/secreted,Swiss-Prot,0
Q9MZR1,True,,9986,Extracellular space,Extracellular space/secreted,Swiss-Prot,0
P26893,True,,9823,Extracellular space,Extracellular space/secreted,Swiss-Prot,0
Q28292,True,,9615,Extracellular space,Extracellular space/secreted,Swiss-Prot,0
P09428,True,Secreted Factors|Matrisome-associated,9913,Extracellular space,Extracellular space/secreted,Swiss-Prot,0
Q28579,True,,9940,Extracellular space,Extracellular space/secreted,Swiss-Prot,0
P16598,True,,10116,Extracellular space,Extracellular space/secreted,Swiss-Prot,0
P04822,True,,9986,Extracellular space,Extracellular space/secreted,Swiss-Prot,0
P18430,True,,9823,Extracellular space,Extracellular space/secreted,Swiss-Prot,0
P01582,True,Secreted Factors|Matrisome-associated,10090,Extracellular space,Extracellular space/secreted,Swiss-Prot,0
Q28268,True,,9615,Extracellular space,Extracellular space/secreted,Swiss-Prot,0
Q9TU27,True,,9940,Extracellular space,Extracellular space/secreted,Swiss-Prot,0
Q90873,True,,9031,Extracellular space,Extracellular space/secreted,Swiss-Prot,0
Q9R103,True,,10116,Extracellular space,Extracellular space/secreted,Swiss-Prot,0
Q29053,True,,9823,Extracellular space,Extracellular space/secreted,Swiss-Prot,0
P03988,True,,9986,Extracellular region,Extracellular space/secreted,Swiss-Prot,0
P01875,True,,9031,Extracellular region,,Swiss-Prot,0
P01855,True,,10116,Extracellular region,Extracellular space/secreted,Swiss-Prot,0
P06336,True,,10090,Extracellular space,Extracellular space/secreted,Swiss-Prot,0
A7UHZ5,True,,9823,Extracellular space,Extracellular space/secreted,Swiss-Prot,0
Q80ZF2,True,Secreted Factors|Matrisome-associated,10090,Extracellular space,Extracellular space/secreted,Swiss-Prot,0
P70499,True,,10116,Extracellular space,Extracellular space/secreted,Swiss-Prot,0
P01575,True,Secreted Factors|Matrisome-associated,10090,Extracellular region|Extracellular space,Extracellular space/secreted,Swiss-Prot,0
O46675,True,,9913,Extracellular space,Extracellular space/secreted,Swiss-Prot,0
O46678,True,,9940,Extracellular space,Extracellular space/secreted,Swiss-Prot,0
P29455,True,,9940,Extracellular space,Extracellular space/secreted,Swiss-Prot,0
P14095,True,,10116,Extracellular space,Extracellular space/secreted,Swiss-Prot,0
P30802,True,,9031,Extracellular region,Extracellular space/secreted,Swiss-Prot,0
P33710,True,,9615,Extracellular region,Extracellular space/secreted,Swiss-Prot,0
P10901,True,,44689,Extracellular region,,Swiss-Prot,0
Q6AYS4,True,,10116,Extracellular space,Extracellular space/secreted,Swiss-Prot,0
Q99KR8,True,,10090,Extracellular space,Extracellular space/secreted,Swiss-Prot,0
P35846,True,,10090,Extracellular region,Extracellular space/secreted,Swiss-Prot,0
P02702,True,,9913,Extracellular region,Extracellular space/secreted,Swiss-Prot,0
Q02020,True,ECM Glycoproteins|Core matrisome,9031,Extracellular space,Extracellular space/secreted,Swiss-Prot,0
P02677,True,,9615,Extracellular region,Extracellular space/secreted,Swiss-Prot,0
P20003,True,,9940,Extracellular space,Extracellular space/secreted,Swiss-Prot,0
P13109,True,,10116,Extracellular space,Extracellular space/secreted,Swiss-Prot,0
P48799,True,,9986,Extracellular region,Extracellular space/secreted,Swiss-Prot,0
P15655,True,Secreted Factors|Matrisome-associated,10090,Extracellular space,Extracellular space/secreted,Swiss-Prot,0
P48800,True,,9031,Extracellular space,Extracellular space/secreted,Swiss-Prot,0
Q8VI82,True,,10116,Extracellular space,Extracellular space/secreted,Swiss-Prot,0
Q9EPC2,True,Secreted Factors|Matrisome-associated,10090,Extracellular space,Extracellular space/secreted,Swiss-Prot,0
Q9EST9,True,,10116,Extracellular space,Extracellular space/secreted,Swiss-Prot,0
O42182,True,,7955,Extracellular region,Extracellular matrix|Extracellular space/secreted,Swiss-Prot,0
O73775,True,ECM Glycoproteins|Core matrisome,9031,Extracellular region,Extracellular matrix|Extracellular space/secreted,Swiss-Prot,0
P55053,True,,10116,Extracellular space,Extracellular space/secreted,Swiss-Prot,0
Q91Y47,True,,10090,Extracellular space,Extracellular space/secreted,Swiss-Prot,0
Q5NTB3,True,,9913,Extracellular region,Extracellular space/secreted,Swiss-Prot,0
Q63207,True,,10116,Extracellular space,Extracellular space/secreted,Swiss-Prot,0
E7EZ53,True,,7955,Extracellular space,Extracellular space/secreted,Swiss-Prot,0
P47212,True,,10090,Extracellular space,Extracellular space/secreted,Swiss-Prot,0
P07480,True,,9823,Extracellular space,Extracellular space/secreted,Swiss-Prot,0
Q06145,True,,10116,Extracellular space,Extracellular space/secreted,Swiss-Prot,0
O46676,True,,9913,Extracellular space,Extracellular space/secreted,Swiss-Prot,0
Q99LJ6,True,,10090,Extracellular region,Extracellular space/secreted,Swiss-Prot,0
A6QLY2,True,,9913,Extracellular region,Extracellular space/secreted,Swiss-Prot,0
Q64625,True,,10116,Extracellular region,Extracellular space/secreted,Swiss-Prot,0
Q91WR8,True,,10090,Extracellular region,Extracellular space/secreted,Swiss-Prot,0
P30710,True,,10116,Extracellular space,Extracellular space/secreted,Swiss-Prot,0
O18994,True,,9823,Extracellular region,Extracellular space/secreted,Swiss-Prot,0
P21765,True,,10090,Extracellular space,Extracellular space/secreted,Swiss-Prot,0
O46607,True,,9615,Extracellular region,Extracellular space/secreted,Swiss-Prot,0
Q54Z26,True,,44689,Extracellular matrix,,Swiss-Prot,0
P01281,True,,9823,Extracellular region,Extracellular space/secreted,Swiss-Prot,0
P10683,True,,10116,Extracellular space,Extracellular space/secreted,Swiss-Prot,0
P48756,True,,10090,Extracellular space,Extracellular space/secreted,Swiss-Prot,0
P09680,True,,9913,Extracellular region,Extracellular space/secreted,Swiss-Prot,0
Q9TU69,True,,9615,Extracellular region,Extracellular space/secreted,Swiss-Prot,0
O46600,True,,9913,Extracellular region,Extracellular space/secreted,Swiss-Prot,0
Q9GKY5,True,,9823,Extracellular region|Extracellular space,Extracellular space/secreted,Swiss-Prot,0
Q9EQX0,True,,10090,Extracellular region|Extracellular space,Extracellular space/secreted,Swiss-Prot,0
Q9BEF8,True,,9615,Extracellular region|Extracellular space,Extracellular space/secreted,Swiss-Prot,0
P20305,True,,9823,Extracellular region|Extracellular space,Extracellular space/secreted,Swiss-Prot,0
E9Q912,True,,10090,Extracellular space,,Swiss-Prot,0
P31234,True,,9940,Extracellular region,Extracellular space/secreted,Swiss-Prot,0
P20607,True,,10116,Extracellular space,Extracellular space/secreted,Swiss-Prot,0
P26895,True,Secreted Factors|Matrisome-associated,9913,Extracellular space,Extracellular space/secreted,Swiss-Prot,0
Q9D9N8,True,,10090,Extracellular region,Extracellular space/secreted,Swiss-Prot,0
P08494,True,,10116,Extracellular matrix|Extracellular space,Extracellular space/secreted,Swiss-Prot,0
Q52I78,True,,9823,Extracellular space,Extracellular space/secreted,Swiss-Prot,0
Q9CPT4,True,,10090,Extracellular region|Extracellular space,Extracellular space/secreted,Swiss-Prot,0
Q54XC4,True,,44689,Extracellular space,Extracellular space/secreted,Swiss-Prot,0
P62248,True,,9913,Extracellular region|Extracellular space,Extracellular space/secreted,Swiss-Prot,0
P85844,True,,10116,Extracellular region,Extracellular space/secreted,Swiss-Prot,0
P11589,True,,10090,Extracellular space,Extracellular space/secreted,Swiss-Prot,0
Q5FW60,True,,10090,Extracellular region|Extracellular space,Extracellular space/secreted,Swiss-Prot,0
P11588,True,,10090,Extracellular space,Extracellular space/secreted,Swiss-Prot,0
A2BIM8,True,,10090,Extracellular space,Extracellular space/secreted,Swiss-Prot,0
B5X0G2,True,,10090,Extracellular space,Extracellular space/secreted,Swiss-Prot,0
P04938,True,,10090,Extracellular space,Extracellular space/secreted,Swiss-Prot,0
Q7TT41,True,,10090,Extracellular space,,Swiss-Prot,0
A6NHM9,True,,9606,Extracellular space,,Swiss-Prot,0
Q08CS6,True,,7955,Extracellular space,,Swiss-Prot,0
Q9CXI3,True,,10090,Extracellular space,,Swiss-Prot,0
Q5TZ24,True,,7955,Extracellular space,,Swiss-Prot,0
Q98ST7,True,,9031,Extracellular space,,Swiss-Prot,0
B2RPV6,True,ECM Glycoproteins|Core matrisome,10090,Extracellular region,Extracellular space/secreted,Swiss-Prot,0
P24052,True,,9031,Basement membrane|Extracellular region,Basement membrane|Extracellular matrix|Extracellular space/secreted,Swiss-Prot,0
Q1ZZU7,True,,9940,Extracellular space,Extracellular space/secreted,Swiss-Prot,0
Q5M854,True,,10116,Extracellular region,Extracellular space/secreted,Swiss-Prot,0
Q812G0,True,,10090,Extracellular region,Extracellular space/secreted,Swiss-Prot,0
Q5F407,True,,9031,Extracellular region,Extracellular space/secreted,Swiss-Prot,0
Q80Z29,True,,10116,Extracellular space,Extracellular space/secreted,Swiss-Prot,0
O09043,True,,10090,Extracellular space,Extracellular space/secreted,Swiss-Prot,0
Q54BK2,True,,44689,Extracellular region,Extracellular space/secreted,Swiss-Prot,0
Q90YI1,True,,9031,Extracellular region|Extracellular space,Extracellular space/secreted,Swiss-Prot,0
Q0VIL3,True,,7955,Extracellular space,Extracellular space/secreted,Swiss-Prot,0
Q4ZJM7,True,ECM Glycoproteins|Core matrisome,10090,Extracellular region|Extracellular space,Extracellular matrix|Extracellular space/secreted,Swiss-Prot,0
O55225,True,ECM Glycoproteins|Core matrisome,10090,Extracellular matrix|Extracellular space,Extracellular space/secreted,Swiss-Prot,0
F7A4A7,True,ECM Glycoproteins|Core matrisome,10090,Extracellular matrix|Extracellular space,Extracellular space/secreted,Swiss-Prot,0
Q9EQ09,True,,10090,Extracellular region,Extracellular space/secreted,Swiss-Prot,0
P79391,True,,9913,Extracellular region,Extracellular space/secreted,Swiss-Prot,0
Q3V1G4,True,,10090,Extracellular matrix|Extracellular space,Extracellular space/secreted,Swiss-Prot,0
A6QLD2,True,,9913,Extracellular matrix|Extracellular space,Extracellular space/secreted,Swiss-Prot,0
A2BD09,True,,9823,Extracellular space,Extracellular space/secreted,Swiss-Prot,0
Q8BHP7,True,,10090,Extracellular matrix|Extracellular space,Extracellular space/secreted,Swiss-Prot,0
P43322,True,,10116,Extracellular space,Extracellular space/secreted,Swiss-Prot,0
Q55G11,True,,44689,Extracellular region,Extracellular space/secreted,Swiss-Prot,0
Q6DR98,True,Secreted Factors|Matrisome-associated,10090,Extracellular space,Extracellular space/secreted,Swiss-Prot,0
Q3UR78,True,,10090,Extracellular space,Extracellular space/secreted,Swiss-Prot,0
E1BRC3,True,,9031,Extracellular space,Extracellular space/secreted,Swiss-Prot,0
A0JNN8,True,,9913,Extracellular space,Extracellular space/secreted,Swiss-Prot,0
Q2HXW4,True,,9823,Basement membrane|Extracellular region,Extracellular space/secreted,Swiss-Prot,0
Q62918,True,,10116,Extracellular region|Extracellular space,Extracellular space/secreted,Swiss-Prot,0
A1A5Y0,True,,7955,Extracellular region|Extracellular space,Extracellular space/secreted,Swiss-Prot,0
A6QR11,True,ECM Glycoproteins|Core matrisome,9913,Extracellular region|Extracellular space,Extracellular space/secreted,Swiss-Prot,0
Q62919,True,,10116,Extracellular space,Extracellular space/secreted,Swiss-Prot,0
Q2VWQ2,True,ECM Glycoproteins|Core matrisome,10090,Extracellular space,Extracellular space/secreted,Swiss-Prot,0
O77836,True,,9913,Extracellular region,Extracellular space/secreted,Swiss-Prot,0
P47841,True,,9986,Extracellular region,Extracellular space/secreted,Swiss-Prot,0
P10168,True,Secreted Factors|Matrisome-associated,10090,Extracellular region|Extracellular space,Extracellular space/secreted,Swiss-Prot,0
Q8MJ39,True,,9823,Extracellular matrix|Extracellular region,Extracellular space/secreted,Swiss-Prot,0
Q02157,True,,9986,Extracellular region,Extracellular space/secreted,Swiss-Prot,0
P00591,True,,9823,Extracellular space,Extracellular space/secreted,Swiss-Prot,0
Q6P8U6,True,,10090,Extracellular space,Extracellular space/secreted,Swiss-Prot,0
Q01635,True,ECM Glycoproteins|Core matrisome,9031,Basement membrane|Extracellular space,Basement membrane|Extracellular matrix|Extracellular space/secreted,Swiss-Prot,0
Q61789,True,ECM Glycoproteins|Core matrisome,10090,Basement membrane|Extracellular region,Basement membrane|Extracellular matrix|Extracellular space/secreted,Swiss-Prot,0
P33686,True,,9615,Extracellular region,Extracellular space/secreted,Swiss-Prot,0
P33685,True,,9615,Extracellular region,Extracellular space/secreted,Swiss-Prot,0
Q6NY73,True,,7955,Extracellular region,Extracellular matrix|Extracellular space/secreted,Swiss-Prot,0
Q24JV9,True,,7955,Extracellular region,Extracellular matrix|Extracellular space/secreted,Swiss-Prot,0
P01044,True,ECM Regulators|Matrisome-associated,9913,Extracellular region,Extracellular space/secreted,Swiss-Prot,0
Q9Z2Y9,True,,10116,Extracellular region,Extracellular space/secreted,Swiss-Prot,0
P14272,True,,10116,Extracellular space,Extracellular space/secreted,Swiss-Prot,0
P26262,True,,10090,Extracellular space,Extracellular space/secreted,Swiss-Prot,0
A0A0A0MT89,True,,9606,Extracellular region,Extracellular space/secreted,Swiss-Prot,0
Q7TSB7,True,,10116,Extracellular space,Extracellular space/secreted,Swiss-Prot,0
Q6Y4S4,True,,10090,Extracellular space,Extracellular space/secreted,Swiss-Prot,0
D3Z690,True,,10090,Extracellular region,Extracellular space/secreted,Swiss-Prot,0
Q61739,True,,10090,Basement membrane,,Swiss-Prot,0
Q09TK9,True,,10090,Extracellular region,Extracellular space/secreted,Swiss-Prot,0
P0C7L1,True,,9606,Extracellular region,Extracellular space/secreted,Swiss-Prot,0
Q6IE51,True,,10116,Extracellular space,Extracellular space/secreted,Swiss-Prot,0
Q6IE32,True,,10090,Extracellular space,Extracellular space/secreted,Swiss-Prot,0
Q6IE47,True,,10116,Extracellular region,Extracellular space/secreted,Swiss-Prot,0
P27657,True,,10116,Extracellular space,Extracellular space/secreted,Swiss-Prot,0
P06857,True,,9615,Extracellular region,Extracellular space/secreted,Swiss-Prot,0
Q5BKQ4,True,,10090,Extracellular space,Extracellular space/secreted,Swiss-Prot,0
Q29451,True,,9913,Extracellular space,,Swiss-Prot,0
O42413,True,ECM Glycoproteins|Core matrisome,9031,Extracellular matrix|Extracellular region,Extracellular space/secreted,Swiss-Prot,0
P07507,True,ECM Glycoproteins|Core matrisome,9913,Extracellular matrix|Extracellular region,Extracellular space/secreted,Swiss-Prot,0
P55002,True,ECM Glycoproteins|Core matrisome,10090,Extracellular region,Extracellular matrix|Extracellular space/secreted,Swiss-Prot,0
P27424,True,ECM Glycoproteins|Core matrisome,9913,Extracellular region,Extracellular matrix|Extracellular space/secreted,Swiss-Prot,0
P80343,True,,9913,Extracellular space,,Swiss-Prot,0
P14200,True,,10116,Extracellular space,Extracellular space/secreted,Swiss-Prot,0
Q54KN4,True,,44689,Extracellular region,Extracellular space/secreted,Swiss-Prot,0
P80513,True,,9913,Extracellular space,Extracellular space/secreted,Swiss-Prot,0
Q28949,True,,9823,Extracellular region,Extracellular space/secreted,Swiss-Prot,0
O54782,True,,10090,Extracellular region,Extracellular space/secreted,Swiss-Prot,0
Q54BL8,True,,44689,Extracellular region,Extracellular space/secreted,Swiss-Prot,0
P54316,True,,10116,Extracellular space,Extracellular space/secreted,Swiss-Prot,0
Q54BQ8,True,,44689,Extracellular region,Extracellular space/secreted,Swiss-Prot,0
Q8T2I5,True,,44689,Extracellular region,Extracellular space/secreted,Swiss-Prot,0
Q86KC1,True,,44689,Extracellular region,Extracellular space/secreted,Swiss-Prot,0
P98109,True,,9940,Extracellular space,,Swiss-Prot,0
P98106,True,,10116,Extracellular space,,Swiss-Prot,0
Q01102,True,,10090,Extracellular space,,Swiss-Prot,0
P42201,True,,9913,Extracellular space,,Swiss-Prot,0
B8A4W9,True,,7955,Extracellular space,Extracellular space/secreted,Swiss-Prot,0
F1RD85,True,,7955,Extracellular space,Extracellular space/secreted,Swiss-Prot,0
A5PK46,True,,9913,Extracellular space,Extracellular space/secreted,Swiss-Prot,0
Q03352,True,ECM Regulators|Matrisome-associated,9031,Extracellular region,Extracellular space/secreted,Swiss-Prot,0
P32262,True,,9940,Extracellular space,Extracellular space/secreted,Swiss-Prot,0
E9Q414,True,,10090,Extracellular region|Extracellular space,Extracellular space/secreted,Swiss-Prot,0
H2B3G5,True,,9615,Extracellular region|Extracellular space,Extracellular space/secreted,Swiss-Prot,0
Q8MI01,True,ECM-affiliated Proteins|Matrisome-associated,9913,Extracellular region,Extracellular space/secreted,Swiss-Prot,0
P97881,True,,10116,Extracellular space,Extracellular space/secreted,Swiss-Prot,0
P19467,True,ECM-affiliated Proteins|Matrisome-associated,10090,Extracellular space,Extracellular space/secreted,Swiss-Prot,0
A0A1B0GUY1,True,,9606,Extracellular space,,Swiss-Prot,0
Q5Q0T9,True,,10116,Extracellular space,Extracellular space/secreted,Swiss-Prot,0
Q8C1Q4,True,,10090,Extracellular space,Extracellular space/secreted,Swiss-Prot,0
Q5RJL6,True,,10116,Extracellular space,Extracellular space/secreted,Swiss-Prot,0
Q8VE43,True,,10090,Extracellular space,Extracellular space/secreted,Swiss-Prot,0
Q7ZV46,True,,7955,Extracellular space,Extracellular space/secreted,Swiss-Prot,0
Q9ES02,True,,10116,Extracellular matrix|Extracellular region,Extracellular matrix|Extracellular space/secreted,Swiss-Prot,0
Q8K4L6,True,ECM Glycoproteins|Core matrisome,10090,Extracellular matrix|Extracellular region,Extracellular matrix|Extracellular space/secreted,Swiss-Prot,0
Q54D04,True,,44689,Extracellular matrix,,Swiss-Prot,0
A0A075B6I6,True,,9606,Extracellular space,Extracellular space/secreted,Swiss-Prot,0
P01699,True,,9606,Extracellular region|Extracellular space,Extracellular space/secreted,Swiss-Prot,0
A0A0B4J1U3,True,,9606,Extracellular space,Extracellular space/secreted,Swiss-Prot,0
Q8BGY3,True,,10090,Extracellular region,Extracellular space/secreted,Swiss-Prot,0
A5D8S1,True,,7955,Extracellular region,Extracellular space/secreted,Swiss-Prot,0
Q8BM14,True,,10090,Extracellular region,Extracellular space/secreted,Swiss-Prot,0
Q32PY2,True,,10116,Extracellular space,Extracellular space/secreted,Swiss-Prot,0
Q9BDJ4,True,,9986,Extracellular region,Extracellular space/secreted,Swiss-Prot,0
Q8CIV3,True,,10090,Extracellular region|Extracellular space,Extracellular space/secreted,Swiss-Prot,0
Q6DBU8,True,,7955,Extracellular space,Extracellular space/secreted,Swiss-Prot,0
Q8VBX1,True,,10116,Extracellular space,Extracellular space/secreted,Swiss-Prot,0
Q90YC9,True,,9031,Extracellular space,Extracellular space/secreted,Swiss-Prot,0
Q6NZ13,True,,7955,Extracellular space,Extracellular space/secreted,Swiss-Prot,0
Q99MH5,True,,10090,Extracellular region,,Swiss-Prot,0
Q9ESQ8,True,,10090,Extracellular region,Extracellular space/secreted,Swiss-Prot,0
Q8BSN3,True,,10090,Extracellular region,,Swiss-Prot,0
P08937,True,,10116,Extracellular space,Extracellular space/secreted,Swiss-Prot,0
P81245,True,,9823,Extracellular space,Extracellular space/secreted,Swiss-Prot,0
P07435,True,,9913,Extracellular space,Extracellular space/secreted,Swiss-Prot,0
P83503,True,Proteoglycans|Core matrisome,10090,Extracellular matrix|Extracellular space,Extracellular matrix|Extracellular space/secreted,Swiss-Prot,0
P0DPK3,True,,9606,Extracellular region,Extracellular space/secreted,Swiss-Prot,0
Q8K1M5,True,,10116,Extracellular region,Extracellular space/secreted,Swiss-Prot,0
Q8MI35,True,,9823,Extracellular region,Extracellular space/secreted,Swiss-Prot,0
B2KKR4,True,,9940,Extracellular region,Extracellular space/secreted,Swiss-Prot,0
Q9ESQ9,True,,10116,Extracellular region,Extracellular space/secreted,Swiss-Prot,0
Q9GM96,True,,9913,Extracellular region,Extracellular space/secreted,Swiss-Prot,0
Q9QXL7,True,,10116,Extracellular region,,Swiss-Prot,0
O35764,True,,10116,Extracellular space,,Swiss-Prot,0
Q9QW30,True,,10116,Extracellular region,,Swiss-Prot,0
Q5H8A2,True,,10116,Extracellular region,Extracellular space/secreted,Swiss-Prot,0
Q5H8A1,True,,10090,Extracellular region,Extracellular space/secreted,Swiss-Prot,0
Q0VBW8,True,,9913,Extracellular region,Extracellular space/secreted,Swiss-Prot,0
P05200,True,Secreted Factors|Matrisome-associated,9031,Extracellular space,Extracellular space/secreted,Swiss-Prot,0
P13600,True,Secreted Factors|Matrisome-associated,9913,Extracellular space,Extracellular space/secreted,Swiss-Prot,0
Q5U2S1,True,,10116,Extracellular region,Extracellular space/secreted,Swiss-Prot,0
P48744,True,,10090,Extracellular space,Extracellular space/secreted,Swiss-Prot,0
Q2KI78,True,,9913,Extracellular space,Extracellular space/secreted,Swiss-Prot,0
Q9WVG5,True,,10090,Extracellular space,Extracellular space/secreted,Swiss-Prot,0
E7FE13,True,,7955,Extracellular matrix|Extracellular space,,Swiss-Prot,0
Q9D4B2,True,,10090,Extracellular region,,Swiss-Prot,0
Q28603,True,,9940,Extracellular space,Extracellular space/secreted,Swiss-Prot,0
Q6IE49,True,,10116,Extracellular region,Extracellular space/secreted,Swiss-Prot,0
Q8BMY7,True,,10090,Extracellular region,Extracellular space/secreted,Swiss-Prot,0
P00997,True,,9940,Extracellular region,Extracellular space/secreted,Swiss-Prot,0
P09655,True,,10116,Extracellular space,Extracellular space/secreted,Swiss-Prot,0
P09036,True,,10090,Extracellular space,Extracellular space/secreted,Swiss-Prot,0
P04542,True,,9615,Extracellular region,Extracellular space/secreted,Swiss-Prot,0
P22549,True,,44689,Extracellular region,,Swiss-Prot,0
Q9WUK0,True,,10116,Extracellular space,Extracellular space/secreted,Swiss-Prot,0
P51461,True,,9823,Extracellular space,Extracellular space/secreted,Swiss-Prot,0
O09107,True,Secreted Factors|Matrisome-associated,10090,Extracellular space,Extracellular space/secreted,Swiss-Prot,0
Q6X7V3,True,,9615,Extracellular space,Extracellular space/secreted,Swiss-Prot,0
O77801,True,Secreted Factors|Matrisome-associated,9913,Extracellular space,Extracellular space/secreted,Swiss-Prot,0
P01322,True,,10116,Extracellular space,Extracellular space/secreted,Swiss-Prot,0
P15247,True,Secreted Factors|Matrisome-associated,10090,Extracellular space,Extracellular space/secreted,Swiss-Prot,0
Q01114,True,,10090,Extracellular region,Extracellular space/secreted,Swiss-Prot,0
Q925S4,True,Secreted Factors|Matrisome-associated,10090,Extracellular region|Extracellular space,Extracellular space/secreted,Swiss-Prot,0
Q91Z84,True,,10116,Extracellular space,Extracellular space/secreted,Swiss-Prot,0
Q9JJY8,True,,10090,Extracellular space,Extracellular space/secreted,Swiss-Prot,0
A3QPB9,True,,10116,Extracellular space,Extracellular space/secreted,Swiss-Prot,0
Q76LU6,True,,9823,Extracellular space,Extracellular space/secreted,Swiss-Prot,0
Q9ES17,True,,10090,Extracellular space,Extracellular space/secreted,Swiss-Prot,0
Q6L7I9,True,,9615,Extracellular space,Extracellular space/secreted,Swiss-Prot,0
Q76LU5,True,Secreted Factors|Matrisome-associated,9913,Extracellular space,Extracellular space/secreted,Swiss-Prot,0
O35679,True,,10090,Extracellular region,Extracellular space/secreted,Swiss-Prot,0
P37109,True,,9823,Extracellular region,Extracellular space/secreted,Swiss-Prot,0
P01001,True,,9913,Extracellular region,Extracellular space/secreted,Swiss-Prot,0
P16301,True,,10090,Extracellular space,Extracellular space/secreted,Swiss-Prot,0
P97590,True,,10116,Extracellular region,Extracellular space/secreted,Swiss-Prot,0
O54974,True,ECM-affiliated Proteins|Matrisome-associated,10090,Extracellular region,Extracellular space/secreted,Swiss-Prot,0
P23668,True,,9031,Extracellular space,,Swiss-Prot,0
P38552,True,,10116,Extracellular space,,Swiss-Prot,0
P07583,True,,9031,Extracellular space,,Swiss-Prot,0
P08699,True,,10116,Extracellular matrix|Extracellular space,Extracellular space/secreted,Swiss-Prot,0
P47845,True,,9986,Extracellular region,Extracellular space/secreted,Swiss-Prot,0
P38486,True,,9615,Extracellular space,Extracellular space/secreted,Swiss-Prot,0
P53761,True,,9986,Extracellular space,Extracellular space/secreted,Swiss-Prot,0
P30930,True,,9823,Extracellular space,Extracellular space/secreted,Swiss-Prot,0
Q28880,True,,9913,Extracellular space,Extracellular space/secreted,Swiss-Prot,0
Q6UWN8,True,,9606,Extracellular region,Extracellular space/secreted,Swiss-Prot,0
Q2KJ63,True,,9913,Extracellular space,Extracellular space/secreted,Swiss-Prot,0
O88780,True,,10116,Extracellular space,Extracellular space/secreted,Swiss-Prot,0
Q61955,True,,10090,Extracellular space,Extracellular space/secreted,Swiss-Prot,0
P36373,True,,10116,Extracellular space,,Swiss-Prot,0
Q91VE3,True,,10090,Extracellular space,Extracellular space/secreted,Swiss-Prot,0
Q9Z0M1,True,,10090,Extracellular region,Extracellular space/secreted,Swiss-Prot,0
Q08156,True,,9031,Extracellular space,,Swiss-Prot,0
O97799,True,,9615,Extracellular space,,Swiss-Prot,0
Q64632,True,,10116,Basement membrane|Extracellular space,,Swiss-Prot,0
Q8BT20,True,,10090,Extracellular region,Extracellular space/secreted,Swiss-Prot,0
A5PK42,True,,9913,Extracellular region,,Swiss-Prot,0
A1YQ93,True,,9913,Extracellular space,Extracellular space/secreted,Swiss-Prot,0
Q7TQA1,True,,10090,Extracellular region,Extracellular space/secreted,Swiss-Prot,0
Q9CYH2,True,,10090,Extracellular region,Extracellular space/secreted,Swiss-Prot,0
Q06A97,True,,9823,Extracellular region,Extracellular space/secreted,Swiss-Prot,0
A5PJN0,True,,9913,Extracellular region,Extracellular space/secreted,Swiss-Prot,0
Q08DZ5,True,ECM-affiliated Proteins|Matrisome-associated,9913,Extracellular region,Extracellular space/secreted,Swiss-Prot,0
Q54KD5,True,,44689,Extracellular region,Extracellular space/secreted,Swiss-Prot,0
Q23911,True,,44689,Extracellular region,Extracellular space/secreted,Swiss-Prot,0
O77257,True,,44689,Extracellular region,Extracellular space/secreted,Swiss-Prot,0
Q9JL59,True,,10090,Extracellular region,Extracellular space/secreted,Swiss-Prot,0
Q921W8,True,,10090,Extracellular region,Extracellular space/secreted,Swiss-Prot,0
D6QY17,True,,10116,Extracellular region,Extracellular space/secreted,Swiss-Prot,0
B9UIU9,True,,10090,Extracellular region,Extracellular space/secreted,Swiss-Prot,0
A0A411D538,True,,9606,Extracellular region,Extracellular space/secreted,Swiss-Prot,0
Q8C850,True,,10090,Extracellular space,,Swiss-Prot,0
Q54Q51,True,,44689,Extracellular matrix,,Swiss-Prot,0
Q54PX9,True,,44689,Extracellular matrix,,Swiss-Prot,0
Q9D5A9,True,,10090,Extracellular region,Extracellular space/secreted,Swiss-Prot,0
Q70IB2,True,,9913,Extracellular region,Extracellular space/secreted,Swiss-Prot,0
Q29543,True,,9940,Extracellular region,Extracellular space/secreted,Swiss-Prot,0
P39873,True,,9913,Extracellular region,Extracellular space/secreted,Swiss-Prot,0
P67927,True,,9940,Extracellular region,Extracellular space/secreted,Swiss-Prot,0
P18902,True,,9913,Extracellular space,Extracellular space/secreted,Swiss-Prot,0
P12663,True,,9940,Extracellular region,Extracellular matrix|Extracellular space/secreted,Swiss-Prot,0
P12664,True,,9986,Extracellular region,Extracellular matrix|Extracellular space/secreted,Swiss-Prot,0
P12662,True,,9823,Extracellular region,Extracellular matrix|Extracellular space/secreted,Swiss-Prot,0
Q6R556,True,,10116,Extracellular region,Extracellular space/secreted,Swiss-Prot,0
A0JNN2,True,ECM-affiliated Proteins|Matrisome-associated,9913,Extracellular region,Extracellular space/secreted,Swiss-Prot,0
E9PXB6,True,ECM-affiliated Proteins|Matrisome-associated,10090,Extracellular region,Extracellular space/secreted,Swiss-Prot,0
P15196,True,,9986,Extracellular region,Extracellular space/secreted,Swiss-Prot,0
P0DSP1,True,,10116,Extracellular space,Extracellular space/secreted,Swiss-Prot,0
Q95209,True,,9986,Extracellular space,Extracellular space/secreted,Swiss-Prot,0
Q98930,True,,9031,Extracellular region,Extracellular space/secreted,Swiss-Prot,0
P83107,True,,9913,Extracellular space,Extracellular space/secreted,Swiss-Prot,0
C0HLM6,True,,10116,Extracellular region,Extracellular space/secreted,Swiss-Prot,0
D3Z7Q2,True,,10090,Extracellular region,Extracellular space/secreted,Swiss-Prot,0
F1MDB2,True,,9913,Extracellular region,Extracellular space/secreted,Swiss-Prot,0
Q64685,True,,10090,Extracellular region,Extracellular space/secreted,Swiss-Prot,0
Q92182,True,,9031,Extracellular region,Extracellular space/secreted,Swiss-Prot,0
P08689,True,,10116,Extracellular space,Extracellular space/secreted,Swiss-Prot,0
P97497,True,,10090,Extracellular region,Extracellular space/secreted,Swiss-Prot,0
P0C7M3,True,ECM-affiliated Proteins|Matrisome-associated,9606,Extracellular region|Extracellular space,Extracellular space/secreted,Swiss-Prot,0
Q55GC7,True,,44689,Extracellular space,Extracellular space/secreted,Swiss-Prot,0
Q54SR8,True,,44689,Extracellular space,Extracellular space/secreted,Swiss-Prot,0
P35246,True,ECM-affiliated Proteins|Matrisome-associated,9913,Extracellular space,Extracellular matrix|Extracellular space/secreted,Swiss-Prot,0
Q9TT06,True,,9940,Extracellular region,Extracellular matrix|Extracellular space/secreted,Swiss-Prot,0
P08427,True,,10116,Extracellular space,Extracellular matrix|Extracellular space/secreted,Swiss-Prot,0
P12842,True,,9986,Extracellular region,Extracellular matrix|Extracellular space/secreted,Swiss-Prot,0
P49874,True,,9823,Extracellular space,Extracellular matrix|Extracellular space/secreted,Swiss-Prot,0
P35242,True,ECM-affiliated Proteins|Matrisome-associated,10090,Extracellular space,Extracellular matrix|Extracellular space/secreted,Swiss-Prot,0
P06908,True,,9615,Extracellular space,Extracellular matrix|Extracellular space/secreted,Swiss-Prot,0
Q6RXL1,True,ECM-affiliated Proteins|Matrisome-associated,9913,Extracellular space,Extracellular matrix|Extracellular space/secreted,Swiss-Prot,0
P49194,True,,10090,Extracellular space,Extracellular matrix|Extracellular space/secreted,Swiss-Prot,0
P04089,True,,10116,Extracellular space,Extracellular space/secreted,Swiss-Prot,0
A1YQ91,True,,9615,Extracellular space,Extracellular space/secreted,Swiss-Prot,0
P01269,True,,9823,Extracellular space,Extracellular space/secreted,Swiss-Prot,0
P30035,True,,9940,Extracellular space,Extracellular space/secreted,Swiss-Prot,0
P83470,True,,9986,Extracellular space,Extracellular space/secreted,Swiss-Prot,0
P30034,True,,9823,Extracellular space,Extracellular space/secreted,Swiss-Prot,0
P02777,True,Secreted Factors|Matrisome-associated,9913,Extracellular space,Extracellular space/secreted,Swiss-Prot,0
Q9CQD7,True,,10090,Extracellular region,Extracellular space/secreted,Swiss-Prot,0
A6NC86,True,,9606,Extracellular region,Extracellular space/secreted,Swiss-Prot,0
P04094,True,,10116,Extracellular region,Extracellular space/secreted,Swiss-Prot,0
Q86H13,True,,44689,Extracellular region,,Swiss-Prot,0
P59996,True,,10116,Extracellular region|Extracellular space,Extracellular space/secreted,Swiss-Prot,0
P14419,True,,9940,Extracellular region,Extracellular space/secreted,Swiss-Prot,0
P04055,True,,10116,Extracellular region|Extracellular space,Extracellular space/secreted,Swiss-Prot,0
Q7M334,True,,9986,Extracellular region,Extracellular space/secreted,Swiss-Prot,0
P00592,True,,9823,Extracellular region,Extracellular space/secreted,Swiss-Prot,0
Q9Z0Y2,True,,10090,Extracellular region|Extracellular space,Extracellular space/secreted,Swiss-Prot,0
P83860,True,,10116,Extracellular region,Extracellular space/secreted,Swiss-Prot,0
Q8CE23,True,,10090,Extracellular region,Extracellular space/secreted,Swiss-Prot,0
P83862,True,,9913,Extracellular region,Extracellular space/secreted,Swiss-Prot,0
P04640,True,,10116,Extracellular region|Extracellular space,Extracellular space/secreted,Swiss-Prot,0
P39056,True,,9986,Extracellular region,Extracellular space/secreted,Swiss-Prot,0
Q8HYY9,True,,9823,Extracellular region,Extracellular space/secreted,Swiss-Prot,0
P86546,True,,10090,Extracellular region|Extracellular space,Extracellular space/secreted,Swiss-Prot,0
Q003G9,True,,9823,Extracellular region,Extracellular space/secreted,Swiss-Prot,0
A1E960,True,,10090,Extracellular region|Extracellular space,Extracellular space/secreted,Swiss-Prot,0
Q02325,True,,9606,Extracellular region,Extracellular space/secreted,Swiss-Prot,0
Q9XS47,True,Secreted Factors|Matrisome-associated,9913,Extracellular space,Extracellular space/secreted,Swiss-Prot,0
Q9JII2,True,Secreted Factors|Matrisome-associated,10090,Extracellular space,Extracellular space/secreted,Swiss-Prot,0
P05143,True,,10090,Extracellular region,Extracellular space/secreted,Swiss-Prot,0
P15743,True,,9031,Extracellular space,Extracellular space/secreted,Swiss-Prot,0
P52212,True,,9615,Extracellular space,Extracellular space/secreted,Swiss-Prot,0
P01268,True,,9913,Extracellular space,Extracellular space/secreted,Swiss-Prot,0
P22355,True,,10116,Extracellular space,Extracellular space/secreted,Swiss-Prot,0
P15285,True,,9986,Extracellular region,Extracellular space/secreted,Swiss-Prot,0
P15782,True,,9823,Extracellular region,Extracellular space/secreted,Swiss-Prot,0
P50405,True,ECM-affiliated Proteins|Matrisome-associated,10090,Extracellular space,Extracellular space/secreted,Swiss-Prot,0
P17129,True,,9615,Extracellular region,Extracellular space/secreted,Swiss-Prot,0
P15781,True,ECM-affiliated Proteins|Matrisome-associated,9913,Extracellular region,Extracellular space/secreted,Swiss-Prot,0
P10164,True,,10116,Extracellular region,Extracellular space/secreted,Swiss-Prot,0
P01239,True,Secreted Factors|Matrisome-associated,9913,Extracellular space,Extracellular space/secreted,Swiss-Prot,0
Q9JII4,True,,10116,Extracellular space,Extracellular space/secreted,Swiss-Prot,0
Q9JK53,True,Proteoglycans|Core matrisome,10090,Extracellular space,Extracellular matrix|Extracellular space/secreted,Swiss-Prot,0
Q00LT2,True,,10090,Extracellular region,,Swiss-Prot,0
Q00LT1,True,,9606,Extracellular region,,Swiss-Prot,0
Q00LT9,True,,9615,Extracellular region,,Swiss-Prot,0
Q8CGZ9,True,Secreted Factors|Matrisome-associated,10090,Extracellular space,Extracellular space/secreted,Swiss-Prot,0
Q9R006,True,,10116,Extracellular space,Extracellular space/secreted,Swiss-Prot,0
O54831,True,Secreted Factors|Matrisome-associated,10090,Extracellular space,Extracellular space/secreted,Swiss-Prot,0
O54830,True,Secreted Factors|Matrisome-associated,10090,Extracellular space,Extracellular space/secreted,Swiss-Prot,0
P24800,True,,10116,Extracellular space,Extracellular space/secreted,Swiss-Prot,0
O35257,True,Secreted Factors|Matrisome-associated,10090,Extracellular space,Extracellular space/secreted,Swiss-Prot,0
Q925N6,True,,10116,Extracellular region,Extracellular space/secreted,Swiss-Prot,0
P0DOX2,True,,9606,Extracellular region,Extracellular space/secreted,Swiss-Prot,0
Q64191,True,,10090,Extracellular space,,Swiss-Prot,0
P58019,True,,10090,Extracellular space,,Swiss-Prot,0
P28773,True,,9940,Extracellular space,Extracellular space/secreted,Swiss-Prot,0
P48750,True,,10116,Extracellular region|Extracellular space,Extracellular space/secreted,Swiss-Prot,0
Q29118,True,,9823,Extracellular space,Extracellular space/secreted,Swiss-Prot,0
P48749,True,,9615,Extracellular space,Extracellular space/secreted,Swiss-Prot,0
P11052,True,Secreted Factors|Matrisome-associated,9913,Extracellular space,Extracellular space/secreted,Swiss-Prot,0
Q8JZQ0,True,,10116,Extracellular region|Extracellular space,Extracellular space/secreted,Swiss-Prot,0
P24388,True,,10116,Extracellular space,Extracellular space/secreted,Swiss-Prot,0
Q60571,True,Secreted Factors|Matrisome-associated,10090,Extracellular space,Extracellular space/secreted,Swiss-Prot,0
Q8BGC9,True,,10090,Extracellular space,Extracellular space/secreted,Swiss-Prot,0
Q8IUH2,True,,9606,Extracellular space,Extracellular space/secreted,Swiss-Prot,0
O88668,True,,10090,Extracellular space,Extracellular space/secreted,Swiss-Prot,0
Q5ZJ73,True,,9031,Extracellular space,Extracellular space/secreted,Swiss-Prot,0
Q9D2L5,True,,10090,Extracellular region,Extracellular space/secreted,Swiss-Prot,0
Q9Z100,True,,10090,Extracellular space,Extracellular space/secreted,Swiss-Prot,0
Q8K4G2,True,Collagens|Core matrisome,10090,Basement membrane|Extracellular region|Extracellular space,,Swiss-Prot,0
P01190,True,,9913,Extracellular space,Extracellular space/secreted,Swiss-Prot,0
Q01149,True,Collagens|Core matrisome,10090,Extracellular space,Extracellular matrix|Extracellular space/secreted,Swiss-Prot,0
P85154,True,,39053,Extracellular region,Extracellular matrix|Extracellular space/secreted,Swiss-Prot,0
P50339,True,,10116,Extracellular region|Extracellular space,Extracellular space/secreted,Swiss-Prot,0
P85202,True,,9986,Extracellular region,Extracellular space/secreted,Swiss-Prot,0
P21844,True,,10090,Extracellular region|Extracellular space,Extracellular space/secreted,Swiss-Prot,0
P32749,True,,9913,Extracellular space,Extracellular space/secreted,Swiss-Prot,0
P22687,True,,9986,Extracellular space,Extracellular space/secreted,Swiss-Prot,0
P18340,True,Secreted Factors|Matrisome-associated,10090,Extracellular space,Extracellular space/secreted,Swiss-Prot,0
O55038,True,Secreted Factors|Matrisome-associated,10090,Extracellular region|Extracellular space,Extracellular space/secreted,Swiss-Prot,0
Q9WUQ5,True,Secreted Factors|Matrisome-associated,10090,Extracellular space,Extracellular space/secreted,Swiss-Prot,0
P35174,True,ECM Regulators|Matrisome-associated,10090,Extracellular space,,Swiss-Prot,0
Q9ET22,True,,10090,Extracellular region,Extracellular space/secreted,Swiss-Prot,0
O70534,True,,10116,Extracellular space,,Swiss-Prot,0
Q90839,True,,9031,Extracellular space,Extracellular space/secreted,Swiss-Prot,0
Q9QYZ8,True,,10090,Extracellular region|Extracellular space,Extracellular space/secreted,Swiss-Prot,0
O54908,True,,10090,Extracellular region|Extracellular space,Extracellular space/secreted,Swiss-Prot,0
Q62714,True,,10116,Extracellular space,Extracellular space/secreted,Swiss-Prot,0
P01377,True,,9986,Extracellular space,Extracellular space/secreted,Swiss-Prot,0
Q5VJS5,True,,10116,Extracellular region,,Swiss-Prot,0
Q8R368,True,,10090,Extracellular region,,Swiss-Prot,0
P35173,True,ECM Regulators|Matrisome-associated,10090,Extracellular space,,Swiss-Prot,0
P35175,True,ECM Regulators|Matrisome-associated,10090,Extracellular space,,Swiss-Prot,0
Q9WVL7,True,Secreted Factors|Matrisome-associated,10090,Extracellular region|Extracellular space,Extracellular space/secreted,Swiss-Prot,0
P54640,True,,44689,Extracellular space,,Swiss-Prot,0
P54639,True,,44689,Extracellular space,,Swiss-Prot,0
Q23894,True,,44689,Extracellular space,,Swiss-Prot,0
P04989,True,,44689,Extracellular space,,Swiss-Prot,0
Q5UW37,True,,10090,Extracellular space,Extracellular space/secreted,Swiss-Prot,0
A4IFR0,True,,9913,Extracellular space,Extracellular space/secreted,Swiss-Prot,0
Q6AXU5,True,,10116,Extracellular space,,Swiss-Prot,0
Q9GKE2,True,,9823,Extracellular space,,Swiss-Prot,0
Q8BSU2,True,,10090,Extracellular space,,Swiss-Prot,0
Q29RT9,True,,9913,Extracellular space,,Swiss-Prot,0
Q3V6R6,True,,9031,Extracellular space,Extracellular space/secreted,Swiss-Prot,0
O55186,True,,10090,Extracellular space,,Swiss-Prot,0
Q5BL28,True,,7955,Extracellular region,Extracellular space/secreted,Swiss-Prot,0
Q9QXY8,True,,10116,Extracellular space,Extracellular space/secreted,Swiss-Prot,0
Q9MZS8,True,,9940,Extracellular region,Extracellular space/secreted,Swiss-Prot,0
P00795,True,,9823,Extracellular space,Extracellular space/secreted,Swiss-Prot,0
O76856,True,,44689,Extracellular region,Extracellular space/secreted,Swiss-Prot,0
Q05744,True,ECM Regulators|Matrisome-associated,9031,Extracellular space,,Swiss-Prot,0
Q4LAL9,True,,9615,Extracellular space,Extracellular space/secreted,Swiss-Prot,0
P80209,True,ECM Regulators|Matrisome-associated,9913,Extracellular region,Extracellular space/secreted,Swiss-Prot,0
P51437,True,,10090,Extracellular space,Extracellular space/secreted,Swiss-Prot,0
A6QQ07,True,,9913,Extracellular region,Extracellular space/secreted,Swiss-Prot,0
Q05928,True,Secreted Factors|Matrisome-associated,10090,Extracellular space,Extracellular space/secreted,Swiss-Prot,0
Q9TTC5,True,Secreted Factors|Matrisome-associated,9913,Extracellular space,Extracellular space/secreted,Swiss-Prot,0
Q9ER10,True,,10090,Extracellular space,,Swiss-Prot,0
P04815,True,,9913,Extracellular space,Extracellular space/secreted,Swiss-Prot,0
Q54SB5,True,,44689,Extracellular region,Extracellular space/secreted,Swiss-Prot,0
Q54SB6,True,,44689,Extracellular region,Extracellular space/secreted,Swiss-Prot,0
Q54VJ1,True,,44689,Extracellular region,Extracellular space/secreted,Swiss-Prot,0
Q7KWX1,True,,44689,Extracellular region,Extracellular space/secreted,Swiss-Prot,0
P23780,True,,10090,Extracellular space,,Swiss-Prot,0
Q86Y27,True,,9606,Extracellular region,Extracellular space/secreted,Swiss-Prot,0
Q86Y28,True,,9606,Extracellular region,Extracellular space/secreted,Swiss-Prot,0
Q86Y29,True,,9606,Extracellular region,Extracellular space/secreted,Swiss-Prot,0
Q86Y30,True,,9606,Extracellular region,Extracellular space/secreted,Swiss-Prot,0
P01888,True,,9913,Extracellular region,Extracellular space/secreted,Swiss-Prot,0
Q37315,True,,44689,Extracellular matrix,,Swiss-Prot,0
P56203,True,ECM Regulators|Matrisome-associated,10090,Extracellular space,,Swiss-Prot,0
P05689,True,ECM Regulators|Matrisome-associated,9913,Extracellular space,,Swiss-Prot,0
P63182,True,,10116,Extracellular region,Extracellular space/secreted,Swiss-Prot,0
D3Z8K2,True,,10116,Extracellular region,,Swiss-Prot,0
Q03366,True,Secreted Factors|Matrisome-associated,10090,Extracellular space,Extracellular space/secreted,Swiss-Prot,0
Q68FP3,True,,10116,Extracellular space,Extracellular space/secreted,Swiss-Prot,0
P27784,True,Secreted Factors|Matrisome-associated,10090,Extracellular space,Extracellular space/secreted,Swiss-Prot,0
P50231,True,,10116,Extracellular space,Extracellular space/secreted,Swiss-Prot,0
Q29288,True,,9823,Extracellular space,Extracellular space/secreted,Swiss-Prot,0
Q8HYS0,True,,9615,Extracellular space,Extracellular space/secreted,Swiss-Prot,0
O97919,True,Secreted Factors|Matrisome-associated,9913,Extracellular space,Extracellular space/secreted,Swiss-Prot,0
P50230,True,,10116,Extracellular space,Extracellular space/secreted,Swiss-Prot,0
Q9D6Y1,True,,10090,Extracellular region,Extracellular space/secreted,Swiss-Prot,0
Q9BQI4,True,,9606,Extracellular region,Extracellular space/secreted,Swiss-Prot,0
Q9D5Y1,True,,10090,Extracellular region,,Swiss-Prot,0
Q8BGU2,True,Secreted Factors|Matrisome-associated,10090,Extracellular space,Extracellular space/secreted,Swiss-Prot,0
P0CK98,True,,7955,Extracellular region,,Swiss-Prot,0
E2R1I5,True,,9615,Extracellular region,,Swiss-Prot,0
E1BM70,True,,9913,Extracellular region,,Swiss-Prot,0
O54858,True,,10116,Extracellular space,Extracellular matrix|Extracellular space/secreted,Swiss-Prot,0
Q8R4V4,True,,10090,Extracellular matrix|Extracellular space,Extracellular matrix|Extracellular space/secreted,Swiss-Prot,0
Q8QGP3,True,,9031,Extracellular space,Extracellular matrix|Extracellular space/secreted,Swiss-Prot,0
Q8BME9,True,Secreted Factors|Matrisome-associated,10090,Extracellular region|Extracellular space,Extracellular space/secreted,Swiss-Prot,0
Q9JHG0,True,Secreted Factors|Matrisome-associated,10090,Extracellular space,Extracellular space/secreted,Swiss-Prot,0
Q17QF9,True,Secreted Factors|Matrisome-associated,9913,Extracellular region,Extracellular space/secreted,Swiss-Prot,0
P98087,True,,10116,Extracellular space,Extracellular space/secreted,Swiss-Prot,0
A8E5C5,True,,7955,Extracellular region,Extracellular space/secreted,Swiss-Prot,0
Q62598,True,,10116,Extracellular matrix|Extracellular space,Extracellular matrix|Extracellular space/secreted,Swiss-Prot,0
Q00238,True,,10116,Extracellular space,,Swiss-Prot,0
P43027,True,Secreted Factors|Matrisome-associated,10090,Extracellular space,Extracellular space/secreted,Swiss-Prot,0
P28902,True,,10116,Extracellular region,Extracellular space/secreted,Swiss-Prot,0
P79897,True,,9823,Extracellular region,Extracellular space/secreted,Swiss-Prot,0
P33680,True,,10090,Extracellular region,Extracellular space/secreted,Swiss-Prot,0
P47851,True,,9940,Extracellular space,Extracellular space/secreted,Swiss-Prot,0
P24393,True,,10116,Extracellular space,Extracellular space/secreted,Swiss-Prot,0
P63153,True,,9823,Extracellular space,Extracellular space/secreted,Swiss-Prot,0
Q8R1I2,True,,10090,Extracellular space,Extracellular space/secreted,Swiss-Prot,0
P01295,True,,9031,Extracellular space,Extracellular space/secreted,Swiss-Prot,0
P08989,True,,9615,Extracellular space,Extracellular space/secreted,Swiss-Prot,0
Q863C3,True,,9913,Extracellular space,Extracellular space/secreted,Swiss-Prot,0
Q28588,True,,9940,Extracellular region,Extracellular space/secreted,Swiss-Prot,0
P07490,True,,10116,Extracellular space,Extracellular space/secreted,Swiss-Prot,0
P49921,True,,9823,Extracellular space,Extracellular space/secreted,Swiss-Prot,0
P37042,True,,9031,Extracellular region|Extracellular space,Extracellular space/secreted,Swiss-Prot,0
O18979,True,,9913,Extracellular region,Extracellular space/secreted,Swiss-Prot,0
Q8MJ25,True,,9940,Extracellular space,Extracellular space/secreted,Swiss-Prot,0
P06883,True,,10116,Extracellular region|Extracellular space,Extracellular space/secreted,Swiss-Prot,0
P68274,True,,9986,Extracellular region,Extracellular space/secreted,Swiss-Prot,0
P01274,True,,9823,Extracellular space,Extracellular space/secreted,Swiss-Prot,0
P55095,True,,10090,Extracellular space,Extracellular space/secreted,Swiss-Prot,0
A4FUP9,True,,10090,Extracellular region,Extracellular space/secreted,Swiss-Prot,0
P55106,True,Secreted Factors|Matrisome-associated,9913,Extracellular space,Extracellular space/secreted,Swiss-Prot,0
A8E7N9,True,,7955,Extracellular space,Extracellular space/secreted,Swiss-Prot,0
O09051,True,,10090,Extracellular region,Extracellular space/secreted,Swiss-Prot,0
O13009,True,,9823,Extracellular region,Extracellular space/secreted,Swiss-Prot,0
P70668,True,,10116,Extracellular region,Extracellular space/secreted,Swiss-Prot,0
Q80WM5,True,Proteoglycans|Core matrisome,10090,Extracellular space,Extracellular matrix|Extracellular space/secreted,Swiss-Prot,0
Q29119,True,,9823,Extracellular region,Extracellular space/secreted,Swiss-Prot,0
P17716,True,,9615,Extracellular space,Extracellular space/secreted,Swiss-Prot,0
Q28207,True,,9913,Extracellular space,Extracellular space/secreted,Swiss-Prot,0
P84751,True,,10090,Extracellular region,Extracellular space/secreted,Swiss-Prot,0
P0DMW0,True,,10116,Extracellular space,Extracellular space/secreted,Swiss-Prot,0
Q71RP1,True,,10116,Extracellular matrix|Extracellular space,Extracellular space/secreted,Swiss-Prot,0
Q6YGZ1,True,ECM Regulators|Matrisome-associated,10090,Extracellular matrix|Extracellular space,Extracellular space/secreted,Swiss-Prot,0
Q90YK5,True,ECM Regulators|Matrisome-associated,9031,Extracellular matrix|Extracellular space,Extracellular space/secreted,Swiss-Prot,0
Q9MYY0,True,ECM Regulators|Matrisome-associated,9913,Extracellular matrix|Extracellular space,Extracellular space/secreted,Swiss-Prot,0
B2RY83,True,ECM Regulators|Matrisome-associated,10090,Extracellular matrix|Extracellular space,Extracellular matrix|Extracellular space/secreted,Swiss-Prot,0
P10859,True,,9823,Extracellular space,Extracellular matrix|Extracellular space/secreted,Swiss-Prot,0
Q64524,True,,10090,Extracellular space,,Swiss-Prot,0
P07354,True,,9031,Extracellular space,Extracellular matrix|Extracellular space/secreted,Swiss-Prot,0
Q2KIU3,True,,9913,Extracellular region,Extracellular space/secreted,Swiss-Prot,0
Q2KIX7,True,,9913,Extracellular region,Extracellular space/secreted,Swiss-Prot,0
Q2KIT0,True,,9913,Extracellular region,Extracellular space/secreted,Swiss-Prot,0
P70387,True,,10090,Extracellular space,,Swiss-Prot,0
Q06175,True,,10116,Extracellular space,Extracellular space/secreted,Swiss-Prot,0
Q01580,True,,9823,Extracellular space,Extracellular space/secreted,Swiss-Prot,0
Q06186,True,Secreted Factors|Matrisome-associated,10090,Extracellular region|Extracellular space,Extracellular space/secreted,Swiss-Prot,0
Q9W7C5,True,Secreted Factors|Matrisome-associated,9031,Extracellular space,Extracellular space/secreted,Swiss-Prot,0
Q3UHX2,True,,10090,Extracellular space,,Swiss-Prot,0
P85857,True,,7955,Extracellular space,Extracellular space/secreted,Swiss-Prot,0
Q07104,True,Secreted Factors|Matrisome-associated,10090,Extracellular space,Extracellular space/secreted,Swiss-Prot,0
Q9D9T0,True,,10090,Extracellular region,,Swiss-Prot,0
Q9WV56,True,Secreted Factors|Matrisome-associated,10090,Extracellular space,Extracellular space/secreted,Swiss-Prot,0
A5PKI3,True,,9913,Extracellular space,Extracellular space/secreted,Swiss-Prot,0
Q9D309,True,,10090,Extracellular region|Extracellular space,Extracellular space/secreted,Swiss-Prot,0
Q9D8T0,True,,10090,Extracellular space,Extracellular space/secreted,Swiss-Prot,0
Q8K3U6,True,,10116,Extracellular space,Extracellular space/secreted,Swiss-Prot,0
P98139,True,,9986,Extracellular region,Extracellular space/secreted,Swiss-Prot,0
P70375,True,ECM Regulators|Matrisome-associated,10090,Extracellular region|Extracellular space,Extracellular space/secreted,Swiss-Prot,0
Q8BR21,True,,10090,Extracellular region,Extracellular space/secreted,Swiss-Prot,0
Q6UWF9,True,,9606,Extracellular region,Extracellular space/secreted,Swiss-Prot,0
Q9DAZ5,True,,10090,Extracellular region,,Swiss-Prot,0
Q9BVV8,True,,9606,Extracellular region,,Swiss-Prot,0
Q54C76,True,,44689,Extracellular region,Extracellular space/secreted,Swiss-Prot,0
Q54J35,True,,44689,Extracellular region,Extracellular space/secreted,Swiss-Prot,0
Q86AV4,True,,44689,Extracellular region,Extracellular space/secreted,Swiss-Prot,0
Q54PA4,True,,44689,Extracellular region,Extracellular space/secreted,Swiss-Prot,0
Q9Z0L5,True,,10116,Extracellular space,Extracellular space/secreted,Swiss-Prot,0
Q61521,True,Secreted Factors|Matrisome-associated,10090,Extracellular space,Extracellular space/secreted,Swiss-Prot,0
Q9JJ22,True,,10116,Extracellular region,,Swiss-Prot,0
Q58D68,True,,9823,Extracellular region,,Swiss-Prot,0
Q1LUM3,True,,7955,Extracellular region,Extracellular space/secreted,Swiss-Prot,0
A1L237,True,,7955,Extracellular region,Extracellular space/secreted,Swiss-Prot,0
P0C7A1,True,,9031,Extracellular space,,Swiss-Prot,0
O97939,True,,9823,Extracellular matrix|Extracellular region,Extracellular matrix|Extracellular space/secreted,Swiss-Prot,0
O55196,True,,10090,Extracellular matrix|Extracellular region,Extracellular matrix|Extracellular space/secreted,Swiss-Prot,0
Q7ZYY4,True,,7955,Extracellular space,Extracellular space/secreted,Swiss-Prot,0
Q91VU0,True,,10090,Extracellular space,Extracellular space/secreted,Swiss-Prot,0
P83308,True,,9031,Extracellular region,Extracellular space/secreted,Swiss-Prot,0
O46378,True,,9986,Extracellular region,Extracellular matrix|Extracellular space/secreted,Swiss-Prot,0
F1QWZ4,True,,7955,Extracellular space,Extracellular space/secreted,Swiss-Prot,0
P20863,True,Secreted Factors|Matrisome-associated,10090,Extracellular region|Extracellular space,Extracellular space/secreted,Swiss-Prot,0
Q9Z0J6,True,,10116,Extracellular region|Extracellular space,Extracellular space/secreted,Swiss-Prot,0
Q9Z0J7,True,Secreted Factors|Matrisome-associated,10090,Extracellular region|Extracellular space,Extracellular space/secreted,Swiss-Prot,0
Q9Z217,True,,10116,Extracellular space,Extracellular space/secreted,Swiss-Prot,0
P08059,True,,9823,Extracellular space,Extracellular space/secreted,Swiss-Prot,0
P23188,True,,10090,Extracellular region,Extracellular space/secreted,Swiss-Prot,0
Q28193,True,,9913,Extracellular region,Extracellular space/secreted,Swiss-Prot,0
Q58D84,True,Secreted Factors|Matrisome-associated,9913,Extracellular region,Extracellular space/secreted,Swiss-Prot,0
Q9YHV4,True,,7955,Extracellular region|Extracellular space,,Swiss-Prot,0
Q9TTB4,True,,9823,Extracellular space,Extracellular matrix|Extracellular space/secreted,Swiss-Prot,0
P12371,True,,10116,Extracellular region,Extracellular space/secreted,Swiss-Prot,0
P50608,True,Proteoglycans|Core matrisome,10090,Extracellular region|Extracellular space,Extracellular matrix|Extracellular space/secreted,Swiss-Prot,0
P51887,True,Proteoglycans|Core matrisome,9031,Extracellular space,Extracellular matrix|Extracellular space/secreted,Swiss-Prot,0
B1H234,True,,10116,Extracellular space,Extracellular space/secreted,Swiss-Prot,0
Q9ESL9,True,Secreted Factors|Matrisome-associated,10090,Extracellular space,Extracellular space/secreted,Swiss-Prot,0
Q7M303,True,,9940,Extracellular matrix|Extracellular region|Extracellular space,Extracellular space/secreted,Swiss-Prot,0
P20002,True,,9823,Extracellular region|Extracellular space,Extracellular space/secreted,Swiss-Prot,0
Q6PBT8,True,,7955,Extracellular region|Extracellular space,Extracellular space/secreted,Swiss-Prot,0
P19596,True,Secreted Factors|Matrisome-associated,9031,Extracellular region|Extracellular space,Extracellular space/secreted,Swiss-Prot,0
P18651,True,,9615,Extracellular region|Extracellular space,Extracellular space/secreted,Swiss-Prot,0
O89101,True,Secreted Factors|Matrisome-associated,10090,Extracellular space,Extracellular space/secreted,Swiss-Prot,0
A6QP92,False,Secreted Factors|Matrisome-associated,9913,,,Swiss-Prot,0
